"rID","GY_predicted.value","GY_std.error","TW_predicted.value","TW_std.error","Virus_predicted.value","Virus_std.error"
"Line_1038",4319.12120102672,665.856099284104,70.5436651875191,1.27471267505175,-0.802966567510838,0.463959518054824
"Line_1072",4320.00090147793,589.63789744181,67.752285359788,1.18198532681258,-0.802966567509608,0.463959518054971
"Line_1114",4018.72169273698,696.124147552108,68.1517813720284,1.31211870108487,0.133472012865989,0.463959518054971
"Line_1120",4570.16217239447,632.408522793269,70.5432187968785,1.23599690985489,1.05128406986101,0.463959518054972
"Line_1123",4585.58113551321,643.053522463088,69.5333522649672,1.24854581755506,-0.802966567510082,0.463959518054971
"Line_1136",5487.91883145948,611.352535142125,75.3734988089304,1.20445894163087,1.05128406986113,0.463959518054972
"Line_1140",4544.6047248175,667.900676603679,67.5320851803407,1.2730172076515,-0.80296656751027,0.463959518054975
"Line_1177",4371.19459269673,667.241400778045,67.9017628867711,1.30861163594526,-0.334747277321797,0.548145848897766
"Line_126",4726.91424710103,540.419752549947,67.8923316014428,1.13504490235944,0.0126208312629259,0.315402863313762
"Line_1311",4585.88751838745,595.731284956032,75.3610169876564,1.19099195017948,1.0512840698615,0.463959518054972
"Line_1316",5114.51507864687,496.016973663695,73.4787088294441,1.07364277262291,0.499532686054393,0.285385507382907
"Line_1396",4703.10868491134,665.256725864213,69.5521747887683,1.27362027331936,-0.802966567509849,0.463959518054973
"Line_1452",3898.91608763535,770.025121680196,64.2964816691631,1.44478979349926,0.13347201286629,0.548145848897767
"Line_1455",4903.49962631984,602.930124047972,68.5552364176612,1.19843304952077,-0.802966567509654,0.463959518054971
"Line_1458",4510.52818194671,668.40663586442,67.5832099793733,1.27657866224343,0.133472012866478,0.463959518054975
"Line_1469",3689.18802743853,608.810997901231,65.5450802359562,1.2026151261577,-0.802966567510028,0.46395951805497
"Line_1472",3515.98052049831,613.859362956826,65.4172439249651,1.21093132562446,0.133472012866443,0.463959518054971
"Line_1474",5358.40911027844,649.615569682536,70.8485961836454,1.25625504524002,1.5521173986296,0.463959518054972
"Line_1479",4430.48350906662,610.309066528281,67.5530217912232,1.20903234043623,-0.80296656751008,0.463959518054971
"Line_1486",5114.78436948482,632.920646366359,68.8392276526359,1.2338250962366,-0.802966567509317,0.463959518054972
"Line_1535",3630.80574954101,579.355731143339,67.8339495638923,1.16914064093588,2.11679445868122,0.463959518054974
"Line_1562",4900.93403433446,592.717997902708,73.5044607695059,1.18496824617846,0.133472012865702,0.463959518054975
"Line_1569",3804.05149886739,659.716516296664,67.1636045475997,1.30008443586914,0.387533313455517,0.548145848897761
"Line_157",5310.78444165492,629.443032553099,77.0550860265916,1.23105926327763,0.133472012866162,0.463959518054971
"Line_159",4207.92238895239,674.988479960378,70.8897618990465,1.28711890661074,0.641594614044602,0.463959518054977
"Line_1610",4781.7862045211,239.465393735339,69.7085450431066,0.702722787674775,-0.0285181254268245,0.122786864282136
"Line_162",5482.66813433034,595.956627610988,75.89228498169,1.18931463119658,-0.802966567510039,0.463959518054975
"Line_1626",4714.82274251113,669.273703180861,72.6987605547135,1.27905226740479,0.133472012865874,0.463959518054973
"Line_1647",4480.42139198841,650.360995100956,70.1949471728741,1.2600090331759,-0.802966567509937,0.463959518054973
"Line_1650",5650.49331510341,495.849247934669,74.8397953615676,1.07522373924262,0.0996230068067168,0.286288876936587
"Line_1663",4797.48382898993,631.685162901512,68.3519755514042,1.2335489168377,2.6313129047978,0.463959518054971
"Line_1683",3568.74171424712,622.915484033302,61.1808146640731,1.22371697700779,0.133472012866316,0.46395951805497
"Line_1744",4370.59318145409,707.373110284121,67.0768965684167,1.36703858412215,-0.802966567509891,0.548145848897766
"Line_1751",4674.33588216889,669.721788117182,68.1619816639917,1.28322866844876,-0.80296656750997,0.463959518054972
"Line_1790",4500.17018780405,613.081347725963,67.2463350195949,1.20812846072733,-0.802966567510169,0.463959518054975
"Line_1799",4782.25693936047,571.703648232755,64.7431426765381,1.15589194317081,-0.802966567509903,0.46395951805497
"Line_1803",4005.0372699168,652.912093563337,65.7433697285799,1.25940398540566,-0.80296656751019,0.463959518054971
"Line_1812",4597.73521316179,681.296704077706,70.2209918285237,1.29193317614912,1.05128406986087,0.463959518054969
"Line_182",4713.65745217983,607.115966616218,69.2910550991035,1.20456718274914,0.64159461404423,0.463959518054971
"Line_1827",3910.545415664,641.428315389051,66.4228669092668,1.24611142765495,1.0512840698611,0.463959518054977
"Line_1860",4185.35618000462,625.916084938717,62.8864022364312,1.22160096492831,0.13347201286649,0.463959518054975
"Line_1919",3919.70751650183,632.259092152571,64.9670475985572,1.2349595910067,-0.802966567509955,0.463959518054974
"Line_1972",4472.92282988284,683.329749404688,67.6025460669851,1.29158083808599,0.133472012866527,0.463959518054973
"Line_1982",4101.72381943533,656.476472430217,67.2490337832548,1.2656325228291,0.13347201286657,0.463959518054975
"Line_1993",5126.99243011892,612.40241704236,70.0178069790236,1.20912955565537,-0.802966567509536,0.463959518054973
"Line_2040",4419.30857034493,658.113881474689,67.9841329709829,1.26526165315452,0.133472012866646,0.463959518054974
"Line_2042",4622.0996240882,551.142585803366,68.8662237362746,1.13011173808944,0.133472012866508,0.463959518054972
"Line_2054",3386.21893750118,620.710739270632,65.9629494360916,1.2231448705984,-0.802966567509885,0.463959518054972
"Line_2075",5156.00716169055,612.941583015216,71.4337423248414,1.21381128790234,0.641594614044749,0.463959518054972
"Line_2089",4392.33269572704,638.661316115531,66.9038996855466,1.24347359087865,0.641594614044625,0.463959518054975
"Line_2105",3639.20777199864,641.925160381333,68.6560504537975,1.24713637921195,1.05128406986175,0.463959518054973
"Line_213",5502.12611026258,704.551653238443,73.5215609918277,1.36396150126864,-0.802966567510145,0.54814584889777
"Line_2149",3379.75245214681,648.148954593004,61.9983053116509,1.25825503259793,-0.802966567509491,0.463959518054972
"Line_2168",4331.79027447869,675.274753034125,73.7233981517277,1.28733984185688,0.641594614044773,0.463959518054977
"Line_2193",4426.40267653554,712.833218388362,71.4051080521337,1.36921512063335,-0.802966567509318,0.548145848897765
"Line_2203",4083.47157531449,615.412625179495,69.4789286898873,1.21505085039591,-0.802966567509848,0.463959518054975
"Line_2207",4388.17735114709,698.881628734298,65.9522481743568,1.35446681292524,0.133472012866758,0.548145848897766
"Line_2221",4368.99917992541,685.719607328651,70.2610273511214,1.33718251547454,-0.802966567509255,0.548145848897769
"Line_2275",4732.51434818093,711.708824005943,70.6674746752937,1.36794476945489,1.55211739863013,0.548145848897768
"Line_2277",4895.40252075376,637.464645623619,73.9809850184653,1.24021523455409,-0.802966567509618,0.463959518054978
"Line_2295",4520.10683695423,658.669464992355,69.5898969581379,1.26518985732023,1.05128406986147,0.463959518054976
"Line_2296",4385.91165973567,620.825488984726,68.6572868493062,1.22230999568703,0.641594614044807,0.463959518054975
"Line_2310",5071.18605817496,555.379227838607,68.2349819814239,1.15775019454834,0.0796895116505758,0.315302341688979
"Line_2346",3931.39325144042,728.851759658569,66.4825228231497,1.39131689564842,-0.334747277321195,0.548145848897765
"Line_2350",4826.01700963094,273.562452314014,72.8280270547101,0.741189091760281,-0.449579906508414,0.148633323039727
"Line_2395",4737.28235157278,235.102305483245,70.9263435482491,0.694171936169026,-0.375173254908358,0.117972152950168
"Line_2410",4413.93632275929,649.43131376894,70.0380941909541,1.25462701409972,-0.802966567509678,0.463959518054975
"Line_246",4755.33762027537,613.887499465353,73.1479811504144,1.2116159069566,0.13347201286677,0.463959518054976
"Line_2472",4554.91938398111,693.308514264274,72.6423788646125,1.34963527767956,1.301700734246,0.548145848897766
"Line_2512",4872.77064663655,630.042611923906,67.1359475320273,1.23221751818857,-0.802966567509261,0.463959518054975
"Line_2516",4058.57073506497,610.159024373594,63.6327356104369,1.20608697377224,-0.80296656750951,0.463959518054976
"Line_2517",5175.47525055878,403.422814166122,70.5067356880592,0.947368835865622,0.583101875768404,0.214909163028117
"Line_2519",5339.25289516891,666.025245286667,71.8753086705278,1.27584252793656,-0.80296656750939,0.463959518054974
"Line_2535",4868.10848975151,645.573546024981,73.8362320811881,1.25194616663736,0.133472012866989,0.463959518054978
"Line_2569",4836.64414403281,637.690062993428,67.0486917676268,1.24114753279898,0.133472012866403,0.463959518054976
"Line_2570",4163.54530034772,633.626786739187,67.3744347024943,1.235893452148,0.64159461404476,0.463959518054979
"Line_2590",4499.83583981847,571.181347391639,67.1531982983079,1.15907855422897,0.641594614045064,0.463959518054978
"Line_2600",4345.41830503181,609.499452004287,73.4713808232304,1.2062521639538,1.55211739863077,0.463959518054974
"Line_2613",5018.03675478711,664.053146954098,78.1342028124249,1.2758830880792,-0.802966567509541,0.463959518054975
"Line_2620",4571.37009000758,637.1791677188,67.7966715644785,1.24186818207828,0.133472012866238,0.463959518054975
"Line_2630",4226.83487764071,686.076785234214,65.526404210635,1.33910566686827,-0.802966567509589,0.54814584889777
"Line_2658",4744.55042595606,657.3829616605,68.3094884578487,1.26612916598463,-0.802966567509506,0.463959518054976
"Line_2667",3699.11418541713,576.978369024413,63.7780612500806,1.16478756919922,0.133472012866644,0.463959518054974
"Line_2744",5059.29442510418,636.654006109228,74.048089054767,1.24127888796729,0.133472012866735,0.463959518054977
"Line_279",4988.01067627668,620.827647333514,71.1769197756439,1.22039781029393,-0.802966567509631,0.463959518054975
"Line_2839",4583.73914892278,689.76637219342,70.2194147652264,1.33985356792489,-0.334747277321539,0.548145848897769
"Line_2851",3884.87478785559,610.063153116629,64.6125135631028,1.20520164366053,0.133472012866649,0.463959518054976
"Line_2858",4014.60919887732,608.84767960529,68.2711588717153,1.20469303789721,-0.802966567510008,0.463959518054974
"Line_2900",4653.88694584832,602.647837071816,70.5484560744832,1.19844528187647,1.5521173986309,0.463959518054975
"Line_2908",5118.07743573722,631.315287825827,73.8230684923639,1.23619287662828,2.1167944586812,0.463959518054979
"Line_2953",4426.46456229609,595.998162532017,69.2637109501011,1.18739574019448,-0.802966567509696,0.463959518054975
"Line_2954",4536.19267575665,637.756927932895,68.8258420003825,1.24071099886828,-0.802966567509707,0.463959518054975
"Line_2962",4903.12424143683,729.635439057079,68.5131453122056,1.38747648514058,-0.334747277321284,0.548145848897768
"Line_2969",5044.55012984681,645.621900943403,69.2257113693969,1.24851274856786,0.133472012867024,0.463959518054975
"Line_3001",4170.87086367666,637.623728460087,71.7614400074411,1.23529468794802,-0.80296656751009,0.463959518054978
"Line_3020",4492.491960903,706.353591740338,70.3460680945037,1.35990194415025,-0.334747277321592,0.548145848897766
"Line_3050",3956.88053461691,587.94223138863,63.9830573524132,1.17430920329284,0.133472012866466,0.463959518054979
"Line_3064",3853.46214054439,700.148008821219,66.0528513153347,1.3513947779181,-0.334747277321584,0.548145848897767
"Line_3106",4327.5892490776,556.880697395793,71.1571627780528,1.13657246828283,0.133472012866185,0.463959518054974
"Line_3172",5258.2397306298,557.034883770768,71.7532020966145,1.19099485311645,0.63140630213024,0.302243611551921
"Line_3206",4630.51787902696,708.744363879226,69.6558967840153,1.3687545704194,-0.334747277321934,0.548145848897768
"Line_3237",5248.55101716585,634.050595457024,71.6408864358947,1.23695224395812,-0.802966567509716,0.463959518054976
"Line_3239",4245.08902896605,620.359262175269,72.012161554954,1.21887914246812,0.641594614044479,0.463959518054975
"Line_3261",4239.61737866711,675.255784479797,68.4721535742436,1.28461524230985,0.133472012866467,0.463959518054976
"Line_3265",5919.46849810227,637.5537700988,76.2637282718493,1.24080699091337,0.133472012866138,0.463959518054974
"Line_3276",4944.75809306404,639.231036395075,71.4534747747104,1.24481894139255,1.55211739863027,0.463959518054975
"Line_332",5712.74469624149,624.438757838992,75.1101613885197,1.22339868848294,1.05128406986112,0.463959518054977
"Line_3321",3993.59081945786,652.528882823749,69.0360737181614,1.25862158516239,0.641594614045046,0.463959518054976
"Line_3324",4826.82727026516,652.72096996456,71.7435943800671,1.2940520292178,0.133472012866585,0.548145848897765
"Line_3347",5284.74239622211,508.393699792933,75.3493947448047,1.09362647346162,-0.346324809129493,0.285856618683072
"Line_3374",4463.31017819267,676.656631835363,69.490207204355,1.3258352541575,-0.802966567509848,0.548145848897769
"Line_3408",3874.38792776987,581.302867923916,62.9529495479455,1.1684036343476,-0.802966567509803,0.463959518054976
"Line_3416",4126.24998925758,635.140872580098,70.3601980851418,1.23959251341737,0.133472012866521,0.463959518054974
"Line_3430",4010.45417869068,646.837418587122,65.3154909798056,1.25078067216107,-0.80296656750937,0.463959518054975
"Line_3448",4313.23444631811,641.09364328923,69.2337716290323,1.24636286447211,0.13347201286664,0.463959518054975
"Line_3501",3742.89244782926,625.746670391708,67.8494481101808,1.22705400482897,-0.802966567509763,0.463959518054975
"Line_3525",4113.98910752049,622.838404757993,67.8870671738204,1.22699026643562,-0.802966567509682,0.463959518054975
"Line_3545",5034.15838375759,700.36810627119,69.3231535141016,1.35725276037041,-0.334747277321724,0.548145848897765
"Line_3551",4179.72220040318,643.826664858319,71.368435246799,1.2473680338865,1.05128406986132,0.463959518054977
"Line_3564",4004.74568727551,713.312515314758,67.2641796060173,1.37390979011529,0.846439341952985,0.548145848897767
"Line_3567",4743.74793111682,593.350712433063,69.7999582769403,1.18606288740573,0.133472012866587,0.463959518054977
"Line_3572",5256.08501276784,521.048111264307,70.9206981698342,1.11714391896393,-0.79452930987374,0.286197133119984
"Line_3573",4834.2770837632,615.393956355723,68.228200085978,1.2146723502779,-0.802966567509725,0.463959518054973
"Line_3620",4860.23139638159,616.935857109033,67.7689673429663,1.21823129595335,-0.802966567509438,0.463959518054976
"Line_3632",5628.30859234273,601.377059508168,77.119280438814,1.19300870401067,-0.802966567509581,0.463959518054975
"Line_3633",4681.7371017611,704.005809891289,69.6573394507046,1.36329007635268,-0.802966567509507,0.548145848897767
"Line_3667",4789.29920891602,272.166358278611,70.5171071439366,0.759090718087353,0.448599987844024,0.144128627243737
"Line_3674",3625.72287472503,707.797022111901,68.0754390102287,1.36446253623716,0.641594614044653,0.548145848897767
"Line_3677",3449.16579047969,692.027708000325,63.9264420066645,1.34775598203083,0.387533313455698,0.548145848897768
"Line_3702",5032.27050298583,518.860360274163,69.7840740899893,1.11069107747487,-0.855328447875851,0.286193171950154
"Line_3705",4669.92626504982,686.314229729788,68.6622718942005,1.30020330936195,0.133472012866485,0.463959518054976
"Line_378",3607.7588653963,608.728827891566,66.2460133313392,1.20614297961134,0.133472012866812,0.463959518054975
"Line_3811",5219.8930407404,519.992879348904,70.846900357706,1.11250373872915,-0.258896110049851,0.286489982245422
"Line_3835",4233.37516583504,606.832005355533,71.324529173561,1.20577813009467,0.13347201286663,0.463959518054975
"Line_3839",4330.95927665421,603.924754168962,71.7452201412911,1.19701697022462,1.05128406986118,0.463959518054977
"Line_3843",4262.41871471334,676.669739888271,68.979932697407,1.32450826745569,-0.802966567509452,0.548145848897767
"Line_3866",3009.48277055593,651.07726376697,61.0117255759953,1.25474186275908,1.0512840698613,0.463959518054974
"Line_3870",4016.43284461969,654.119263025191,66.0362327924385,1.25924752259423,-0.802966567509495,0.463959518054974
"Line_3884",4921.51368568482,408.285509158671,71.5142029680184,0.962953411414071,-0.267011248857849,0.221160277838539
"Line_3916",4708.5495047087,609.71289695784,70.1557111748593,1.20609535336308,1.05128406986132,0.463959518054975
"Line_3917",5186.52022868891,680.010953337842,69.3313961980239,1.32769473953309,-0.802966567509416,0.548145848897766
"Line_3928",4098.6281681208,693.452796792855,66.5291966478514,1.34725492459126,1.09685600633755,0.548145848897767
"Line_3935",4994.20528825372,663.400130885159,70.1339166601462,1.27295566324795,0.133472012866675,0.463959518054976
"Line_3939",5031.48599377572,540.902448218125,72.7150855886339,1.13298290639415,0.386315704494144,0.314766608035542
"Line_3945",5039.58785932707,534.493091711593,70.5117943558477,1.12815903253287,0.0700213936132811,0.315453836470407
"Line_3964",5328.8851367372,694.550919304867,68.502670580184,1.34889483191056,-0.802966567509741,0.548145848897767
"Line_3995",4539.29426459929,277.205924563756,66.5838031498567,0.74859173733031,-0.764942412831284,0.15830816669821
"Line_3998",4827.84728624652,617.571966319008,72.6533771285476,1.21586982647324,0.64159461404487,0.463959518054976
"Line_4001",4145.66930679363,650.819966820214,70.9621216604982,1.25644172687625,1.55211739863069,0.463959518054975
"Line_401",4087.69703209841,645.99386114366,67.3094290254498,1.24824742154216,0.133472012866801,0.463959518054974
"Line_4028",4329.03831413004,583.538881109677,67.6058173743383,1.17125275919655,0.133472012866294,0.463959518054974
"Line_4040",5114.64179609558,342.132503921353,72.333838574074,0.881477004168791,-0.541436203731073,0.195490452703797
"Line_4052",4245.70992126871,657.120854364714,63.6101010149791,1.26275974712029,-0.802966567509575,0.463959518054974
"Line_4056",3986.98206375378,598.749124372202,67.0355478857927,1.1903786490878,1.05128406986126,0.463959518054975
"Line_4059",4366.89910817957,586.723964572501,67.1681274399275,1.17503822257494,-0.802966567509461,0.463959518054976
"Line_4070",4727.54592123427,624.529241761045,74.219656520737,1.22583650866795,0.641594614044723,0.463959518054974
"Line_408",5571.24918474987,604.442450498652,74.9783327061336,1.19977865464133,2.1167944586815,0.463959518054973
"Line_4098",4748.5857561092,669.05607806403,68.4757748711252,1.27878753751852,-0.802966567509495,0.463959518054974
"Line_4105",4369.29301123195,607.671238521356,69.900811137564,1.20347465800829,-0.802966567509752,0.463959518054975
"Line_4108",4905.8658182095,530.571928775076,70.2686067499103,1.1292037584008,-0.110081621467157,0.286074995905214
"Line_4131",4451.20384475234,703.953710028095,66.1334437745328,1.31303069238076,-0.80296656750957,0.463959518054974
"Line_4146",3921.75892221183,685.49257038718,64.7564621513936,1.3342629189259,-0.802966567509335,0.548145848897767
"Line_4155",3852.26531842691,661.107166984727,67.138733875305,1.27153716511897,1.05128406986158,0.463959518054977
"Line_4161",4077.53507856433,626.980434018556,75.5372023858768,1.22705303483295,1.5521173986304,0.463959518054975
"Line_4192",3759.89334315731,661.051493369471,67.4392931895694,1.26768606316011,1.05128406986129,0.463959518054975
"Line_4236",5016.06586445408,641.270411150694,70.6912265264366,1.24484256825416,1.05128406986142,0.463959518054975
"Line_425",3454.14127472198,615.160878731229,62.7774897064555,1.21112396632628,0.641594614044888,0.463959518054976
"Line_4282",4180.21476316904,624.872319540885,65.1694928452276,1.22194757976604,-0.80296656750963,0.463959518054975
"Line_429",4884.00252365993,627.546094069084,68.438728157929,1.22839168561591,0.641594614044947,0.463959518054976
"Line_4335",4311.4599278017,676.919009677794,65.8580573195371,1.28862454144076,-0.802966567509368,0.463959518054977
"Line_4355",5178.42854489152,642.70891058876,75.5444877737294,1.24679649974113,-0.802966567509639,0.463959518054974
"Line_4359",4595.10225730984,675.316482550288,71.8314359038962,1.32569617149776,1.83445592865594,0.548145848897767
"Line_4368",5708.31213869587,697.392372904406,74.7759902669664,1.3542570964974,-0.802966567509787,0.548145848897768
"Line_4371",5234.27662096302,666.917316571416,70.5774068508234,1.27759904626875,-0.802966567509327,0.463959518054975
"Line_4448",4844.42629792626,515.451362025685,69.2025972955517,1.10286124500137,-0.805178308705165,0.285220243150134
"Line_4452",4716.74197689089,657.795198828325,72.9768981118356,1.26506130175335,1.05128406986123,0.463959518054975
"Line_447",5153.51887692833,631.365096704793,75.3745654087053,1.23387550285295,-0.80296656750932,0.463959518054977
"Line_4470",4697.04149516901,355.487738168367,69.5244733567144,0.89684379224173,0.967561029368276,0.200850416481436
"Line_4484",4718.78395949711,630.556490357272,75.2272446845085,1.22738745527298,1.05128406986136,0.463959518054975
"Line_4489",5061.93763926644,284.872200878806,71.0331633242369,0.765551914496626,-0.401112381526201,0.175775449474003
"Line_451",5353.21667851769,520.791242349386,70.5872757180162,1.11527430231331,-0.798861082361422,0.286585487311952
"Line_4560",5102.81301564155,615.251757505436,72.7632449954587,1.21550109126305,1.5521173986305,0.463959518054976
"Line_4570",4945.63843652877,688.946188814807,70.6144720346866,1.34482194084398,0.133472012866535,0.548145848897768
"Line_4571",4661.97542444267,586.707545399673,68.1251801119241,1.17912726238228,0.641594614045057,0.463959518054976
"Line_4687",4333.82022198745,636.164898538916,67.1127153688749,1.23207266017042,0.133472012866794,0.463959518054977
"Line_4689",4505.99525168846,652.944115473538,74.5042215650432,1.2621860550922,1.05128406986165,0.463959518054977
"Line_4705",4481.0755767522,691.263400045277,69.0805803897987,1.30493114850544,0.641594614045009,0.463959518054977
"Line_4724",4191.88271689555,646.277289156862,70.6341480733021,1.24837968791563,1.05128406986149,0.463959518054978
"Line_4746",5127.90000021085,648.565909422551,71.8066521538717,1.25603717681606,0.133472012866504,0.463959518054976
"Line_4755",3839.0181020461,659.683785135566,65.1138511720439,1.2696644441383,-0.802966567509352,0.463959518054977
"Line_4775",4441.84052182653,615.483780073145,70.717565069788,1.21351116229757,1.05128406986145,0.463959518054976
"Line_4803",3994.17455417045,634.090568638451,65.3444274635633,1.23655946899383,0.13347201286649,0.463959518054976
"Line_4825",4605.59520285686,659.670543579647,69.5465767588324,1.27058886289135,1.05128406986147,0.463959518054977
"Line_4848",4517.37049153416,681.790925628222,70.5435720942418,1.29477142588981,1.05128406986142,0.463959518054976
"Line_4917",4009.64571147562,609.944594522146,66.3232554814324,1.20690088267197,-0.802966567509626,0.463959518054976
"Line_492",4964.91219941645,600.024916140987,72.0685210642487,1.1977543690825,1.55211739863044,0.463959518054977
"Line_4963",4038.83107891361,672.775517752949,70.9253249949397,1.28643795589549,1.55211739863036,0.463959518054976
"Line_498",4680.46463900127,653.519056498355,70.1928087549165,1.26037789137444,-0.802966567509633,0.463959518054977
"Line_5013",4468.31686389491,654.687275042253,67.8031170399741,1.2598498230449,0.133472012866453,0.463959518054976
"Line_5028",4516.38037941745,645.903034669622,72.7104908674807,1.25311208262025,1.5521173986302,0.463959518054977
"Line_5042",4700.7992892177,685.095857261282,70.7266685520452,1.29410227538281,-0.802966567509859,0.463959518054976
"Line_5052",4852.3685572609,580.653979469865,71.8379041272586,1.16986625767874,-0.802966567509726,0.463959518054977
"Line_5077",4535.19168193485,617.203348977173,70.2024081758206,1.21458698435619,-0.802966567509725,0.463959518054976
"Line_5106",3991.63174663135,666.927796814842,67.5890906496059,1.27983930032536,0.641594614044815,0.463959518054976
"Line_5109",3993.92069620729,644.85531371297,66.7607662065832,1.24799763074107,1.05128406986135,0.463959518054976
"Line_5126",5420.98496849687,611.18976542733,69.8319836964857,1.20885934662229,0.133472012866611,0.463959518054976
"Line_520",4605.48784019954,635.306517480926,73.7677490212067,1.24090250057063,-0.802966567509816,0.463959518054975
"Line_5232",4881.52373083399,635.256972297454,67.2052218395715,1.23626759727511,0.641594614044557,0.548145848897768
"Line_5234",5427.60919584443,659.515735195933,75.8452703078825,1.26675746828099,2.1167944586813,0.463959518054976
"Line_5243",4483.87686512283,637.802911504305,73.9065658175168,1.23963246984168,0.641594614044808,0.463959518054976
"Line_5252",4962.30818999321,517.351889935003,69.2230768959262,1.10977322539544,-0.82633042492822,0.28597609842167
"Line_5341",4367.58435292021,616.335161154698,65.6283808073655,1.21258512170808,-0.802966567509887,0.463959518054975
"Line_5375",4945.75126144038,712.666577222647,71.2442921987253,1.37257644315521,0.641594614044593,0.548145848897767
"Line_5399",4961.79589280815,670.739671258357,68.2799590106066,1.28415842176483,0.1334720128663,0.463959518054975
"Line_5414",4884.99482032113,659.518508687911,68.2665974485942,1.26992013321061,-0.802966567509899,0.463959518054975
"Line_5467",4687.70614078779,726.27520744845,69.6801339796249,1.38969229935692,0.641594614044555,0.548145848897767
"Line_5469",3766.24424206443,612.610745607851,70.0742192415141,1.20889490248816,1.05128406986121,0.463959518054974
"Line_5473",4192.14398174746,618.377637246492,69.3880632101386,1.21432461660713,-0.802966567509839,0.463959518054975
"Line_571",4878.18014103927,237.809531697721,71.2403842984442,0.699965661376659,0.0426929414185249,0.119431476203899
"Line_612",4935.42548075525,655.444426562,67.8849183367073,1.26148817576782,-0.80296656750986,0.463959518054974
"Line_613",5269.0045075964,506.389206240466,73.5199641604984,1.09335410754009,-0.713464159012513,0.286161366793389
"Line_619",5034.38592242805,579.063908109907,69.3145206220902,1.21483533842816,-0.48634418922559,0.337401681818003
"Line_629",5342.38217139829,290.79690509541,71.8922073206942,0.81507871632177,-0.531656715690411,0.166800002609459
"Line_66",3976.94694407942,608.453732898418,68.7070094618606,1.20597209475881,-0.802966567509819,0.463959518054974
"Line_673",5075.29269233737,677.90420358285,73.5910113563774,1.28748053322245,1.55211739863029,0.463959518054974
"Line_683",4167.66580511379,680.306633302201,68.1562780618982,1.32874840279688,-0.802966567509785,0.548145848897766
"Line_694",4575.51022271657,640.618329619108,69.350979107931,1.24389063424369,1.55211739863008,0.463959518054974
"Line_703",4712.66607165469,482.840171104107,70.269471502183,1.05268966600917,-1.41341899687946,0.285731912888337
"Line_77",4553.42366496036,671.643086894261,71.4498207745098,1.27988487832546,0.641594614044788,0.463959518054974
"Line_773",4630.63787904819,653.551568677964,67.4407847491627,1.26227053279323,-0.80296656750961,0.463959518054974
"Line_780",4882.64489297646,671.704046881728,70.4206313221788,1.27954287539995,-0.802966567509631,0.463959518054974
"Line_817",4769.80174930109,538.360235281278,72.308672629896,1.14037433745019,0.721610246044661,0.285545717865958
"Line_821",4772.21332490113,608.837736648593,69.9000196593596,1.20605754207844,-0.802966567509701,0.463959518054974
"Line_825",4776.94814262714,584.252139205936,69.3274700315785,1.17351628544096,-0.802966567509812,0.463959518054974
"Line_84",4769.7569202806,240.654966100836,69.5476785366391,0.707559272247487,-0.546145798173914,0.132408534560214
"Line_840",4977.57322034707,406.159411820738,71.6493554820179,0.949704736902842,-0.549840391975573,0.226088314770553
"Line_87",4849.75637097443,609.722890581198,74.2338629975143,1.20162436725916,-0.802966567509825,0.463959518054974
"Line_904",4912.73946740879,628.970186642457,67.6055400636535,1.22960884969896,-0.802966567509863,0.463959518054974
"Line_905",4257.52855868898,637.3110357367,66.6513162688168,1.23832085124288,-0.802966567509821,0.463959518054974
"Line_935",5175.39043567384,548.251131810746,68.6841952571205,1.12553536929275,-0.80296656750991,0.463959518054974
"Line_946",3789.41834616193,616.598404808205,69.0274328403591,1.21443627686053,0.13347201286623,0.463959518054974
"Line_978",4766.35218375193,682.681771733092,69.9753458751533,1.29531617530104,0.133472012866197,0.463959518054974
"Line_995",4414.48038940095,269.099618126585,70.9372976371274,0.738579577552314,0.535516027797478,0.147753450692275
"Line_1096",3967.77419444328,791.293032900813,68.2374925475601,1.6248277290685,-0.0239967589507505,0.718392113735322
"Line_1179",4875.37331432681,262.000851197791,71.5252433458662,0.765030789760954,-0.321079785277948,0.149002701660639
"Line_1260",5385.29727875202,620.012948137561,72.9258190903221,1.36452594805497,-0.0785997481729429,0.366411518906053
"Line_127",4375.54608267579,245.314663013802,70.6212414463637,0.734905963881793,1.31045915588589,0.127453720421017
"Line_13",5600.53580890857,682.505697701206,71.2150440678374,1.43925504218801,-0.489268024983541,0.615527926116991
"Line_1334",4041.48050250161,294.461430108721,68.677268962891,0.798062548546243,0.788180185105008,0.175765009997467
"Line_1450",3738.39935921178,682.145185987186,65.1684973848965,1.4254319579578,-0.677887455022611,0.612259565708462
"Line_1509",5031.5731043204,343.985805317633,69.9099683219104,0.9098173967854,-0.666649361109213,0.201435478734911
"Line_1608",5495.86484670402,565.541156648007,71.567450535171,1.25395629481215,-0.456816181564671,0.349742293547065
"Line_1620",4888.95937443948,616.594399077136,70.6143809987291,1.35259712398344,-0.356120610269342,0.364981595784864
"Line_1697",5257.65951719066,785.353067812949,70.5141899876481,1.60277171752753,-0.322983091250104,0.709595074533398
"Line_1730",4428.16167451378,685.983399337298,70.5220474644235,1.45495007801547,-0.397258454398903,0.621178894944532
"Line_1830",4620.33935373972,686.562916251362,65.3947720667496,1.45604380559054,-0.418189044797445,0.621777101248595
"Line_1850",4671.73799496323,784.296730094339,68.7328696410202,1.59444988385447,-0.510698375417387,0.706995524383363
"Line_187",5292.02903588188,682.665156859857,71.4175302625066,1.44269155446758,-0.432802876892088,0.616375167799423
"Line_1893",3638.0982661785,783.938243527536,63.7017880914214,1.59742004479565,-0.428174566386921,0.707619668485183
"Line_1900",5539.23922891182,678.519360995568,73.3049037620623,1.41925062053209,-0.557352971065009,0.608286059720792
"Line_1986",4812.39025670226,683.014672216663,75.1999522862104,1.4428135666587,1.61474376226231,0.616610484659398
"Line_2003",3466.86912200843,667.339912995161,66.4361578309784,1.37674383629235,-0.405734129580186,0.591279860139797
"Line_2025",4045.89134560621,788.986430784791,66.11196355054,1.6105760950055,0.849260642756542,0.7136836344618
"Line_2027",4477.18700909123,680.417195982607,70.4751289657855,1.4275002951639,-0.401864770880666,0.611577651543074
"Line_2349",5987.45151989804,682.578204354122,75.430359743925,1.43718158452565,0.697187650950954,0.615169118694823
"Line_2366",3979.90037597792,668.700694968198,69.7469948093315,1.3805139039267,-0.354463968374313,0.593025460815557
"Line_2404",4937.2024828407,792.282084853519,72.306213234227,1.63289796046729,0.451261729202314,0.720811882605913
"Line_2538",4739.24192307976,676.85849150082,66.4455672109464,1.41783071564953,-0.801246285415004,0.607061863343937
"Line_2656",4059.54952560457,674.083439866519,66.4299329368283,1.40654261009459,-0.683390483603244,0.602788986732746
"Line_2670",3956.68649316643,679.047220476806,67.6686176180723,1.41644297485008,-0.741289856060311,0.608126919740464
"Line_2703",4170.84585084931,676.797351739616,70.791667360044,1.41959366716312,1.40712698978928,0.607272522750927
"Line_2914",4461.26250247917,565.553490428076,68.8566557410076,1.25200124369601,-0.0611948992558704,0.349085088365743
"Line_2916",5423.89550174813,614.988848439135,71.1677251181708,1.26866079116724,0.225844371212706,0.364390130862377
"Line_31",4627.70166119999,791.46296006069,72.203723368295,1.62705019622055,-0.572198555693688,0.718845175349539
"Line_317",5435.61018884027,292.976750922505,69.067814295924,0.836433016018899,-0.539569744630436,0.1729238885988
"Line_3245",4512.4694232301,681.094304046246,71.5250000956593,1.43334373320053,1.27821890413097,0.613290314112535
"Line_3252",4579.92794970504,782.333451569821,71.5990602697523,1.58811709832643,1.81185634515013,0.704493165652735
"Line_3255",4876.86288398336,791.458624743718,70.1397620663853,1.62750632573572,-0.53798211197048,0.718939382932627
"Line_3293",5007.20383875271,511.743863096562,71.1939538638897,1.25659962966926,-0.432629809759696,0.260783027814781
"Line_3339",5485.43349962685,664.526212873011,70.9930151553668,1.36693478163307,-0.456704344407559,0.587052212867613
"Line_3383",3549.58682560084,674.597616594703,66.9507309350745,1.39900862235744,-0.66432950605566,0.601120972053154
"Line_3496",3780.13152151979,681.229090676103,68.6245613350502,1.43956823815641,1.40362011120791,0.614522061524964
"Line_3499",4714.4037492628,784.932508300284,72.6033702554695,1.59813570582928,0.728286671992733,0.708357668407771
"Line_3521",4606.20432658435,672.60062050582,66.699271802344,1.39384879162866,0.273051293250278,0.598680333198408
"Line_3528",4619.86176018392,347.764159075835,70.1823071286464,0.890463856230824,0.0949523526681486,0.189352289503509
"Line_3603",4163.64714302756,676.058660220129,72.8899203309145,1.41647319647004,-0.415840549290984,0.606072836067154
"Line_3625",4989.42009342505,681.432220040728,74.7507992588868,1.43876211396262,1.49857729241347,0.61450223194086
"Line_3683",5239.26066645639,561.64866984315,71.3554112571749,1.23532894801629,0.171510329982846,0.34731498507021
"Line_370",4366.26285243014,250.82626403039,72.9592544488427,0.726469895871863,0.485136019632583,0.126828350179518
"Line_380",4342.06286034573,790.74451693612,69.0310942395582,1.63125323793087,-0.617934916101985,0.719201731148686
"Line_3809",4984.44757533313,281.66087560248,72.1992674802826,0.817835865701685,-0.102539341041262,0.168635732048167
"Line_3838",5186.77623745371,777.597702065287,73.2863165298296,1.57607043674918,-0.586621468778069,0.698438579349767
"Line_3890",5269.23744011672,682.8069095513,70.7764178948222,1.43989243174571,0.402572943642557,0.615808200655631
"Line_4037",4820.41627624428,276.21091803528,70.1932489179843,0.785465648094148,0.394521036731134,0.164341358019407
"Line_4067",3059.42319997213,680.219436137803,60.2335939118946,1.43265351825958,0.419563626783078,0.612455899986609
"Line_4073",5292.58627513359,791.185437802356,70.4830742353425,1.62946370282277,-0.44465291026435,0.719298386881563
"Line_4095",4708.37102875445,676.279592504155,72.8858670896999,1.41435078051536,-0.535791352731261,0.605948438712956
"Line_413",4519.71086582455,792.084074962921,67.5935751122661,1.62214617349944,1.84048117765436,0.718358029474287
"Line_4173",4308.53414043771,682.190835771875,67.5285974165412,1.43759574986509,-0.570973566294821,0.614966997708531
"Line_4254",3818.2829797429,783.199795566338,60.5612823577925,1.58501546294067,-0.537149968992193,0.704199933559757
"Line_4281",4803.19659520511,564.588837607324,69.029724478342,1.2464207215784,0.624569163071408,0.348941575660952
"Line_43",3758.70839572938,673.809181061342,65.8192305523459,1.39826821646206,-0.522631963257743,0.600430700178894
"Line_4340",4240.04064539935,673.776872176424,72.4331282597997,1.40838577327537,0.627214728856473,0.602657792694822
"Line_4375",4094.53234359763,775.146699853447,68.2040433389537,1.55764362133223,-0.636934166884038,0.692780998618433
"Line_4377",4865.34986356298,783.634697052568,73.4573545385958,1.58789942399525,0.962334702250151,0.705242227563058
"Line_4415",3772.13744825406,669.194764399216,66.5656293039197,1.38411514705787,0.75459220526928,0.594121320383604
"Line_453",5071.22644688121,791.417285495104,70.3209630695932,1.62981636293102,-0.610344145849012,0.719512189853484
"Line_4649",4359.39966976971,273.49103719429,69.8381089900897,0.768558765055132,-0.542779967585576,0.135445293814089
"Line_4739",4532.22340900248,681.483920045783,70.1237095739914,1.43159370641433,1.26584437094395,0.613237874054198
"Line_4801",4464.66955260182,615.907369280062,71.1158280245546,1.34504087697138,0.567184232102903,0.364883132827674
"Line_4873",4428.59099167706,679.241402314463,66.9599664536833,1.42904481275112,-0.556687692729366,0.611025119476792
"Line_4905",4201.56501940882,680.018124842985,70.2964385435999,1.43361643597093,1.42100803910694,0.612625501382384
"Line_4915",4353.90212582264,673.786941140448,70.0917680314383,1.41279988819395,0.729274088633218,0.603564560289431
"Line_4965",3527.34697577723,681.684259824295,68.7538940346925,1.44272482096443,-0.3553110068523,0.615478824285312
"Line_5094",4171.97382528435,680.341951073684,66.1075903330964,1.43102598263087,0.831179471458909,0.612216458023693
"Line_5133",3722.01510038735,794.91176438317,67.9897422592792,1.63968353923329,-0.462830530374475,0.724119654175581
"Line_5163",4052.55613335657,680.567320130693,67.0037826552188,1.43357024468708,-0.150231945600286,0.612883108022744
"Line_518",4222.57856800113,673.691701440169,67.6635052705843,1.40840188797905,-0.589438852403456,0.602656821126953
"Line_5359",5330.85341248152,285.443538065685,70.9600312035656,0.816363592101243,-0.748577055952639,0.163071012325331
"Line_5364",5238.48735066271,617.320271829727,73.3418497291486,1.35119243454559,-0.0972666470486929,0.365115912359745
"Line_5403",4004.03080233425,619.709123498952,72.1078638537988,1.3673514328753,1.39419423173937,0.366689399359714
"Line_5456",3744.90582078383,687.535159048086,69.959790751968,1.45770190117584,-0.257707895914501,0.622911682834037
"Line_592",5622.32382637149,783.386508071787,73.0827025062175,1.59846973891554,-0.669283412428322,0.707472370246004
"Line_635",4704.32852530039,784.610847241629,72.0182348854398,1.59572806352089,0.916208516471515,0.707611146210969
"Line_65",4402.86430136418,487.696994420312,67.4580384275109,1.17270870488377,0.796103687356321,0.412825498302541
"Line_665",5161.98971158507,779.77273715224,70.0709435746714,1.5746891306734,-0.473038163954263,0.699658955109563
"Line_698",4433.69940131527,621.091730584557,70.0871338307113,1.36981467166134,0.393061217671833,0.366940235950499
"Line_729",5938.35094506937,681.046221004483,75.6955787995516,1.44048024537655,0.559836648208998,0.614549720426697
"Line_740",4215.1869092094,673.530284526505,60.9564564791712,1.39847087748773,-0.57590990054067,0.600262212433671
"Line_803",4400.98229105722,686.491402567553,68.3465955326605,1.45725349484565,-0.459400521871043,0.621973249822086
"Line_846",3851.18251512078,784.757451613959,67.8355415719152,1.59754470222397,-0.128385061251475,0.708102856736
"Line_949",3864.7139610792,663.769141880068,64.2697913052071,1.36134103232565,-0.515439818538234,0.585397004619779
"Line_955",5146.00597928737,677.076117079059,73.4630488509511,1.41563603262738,-0.797183909698837,0.606623301792519
"Line_983",4851.98757120398,556.111868420046,72.4776778656699,1.19429642966284,-0.156737329256087,0.280717165371094
"Line_1012",4739.27752095198,654.949385988789,67.9287724396052,1.33358457173906,0.0998690639064007,0.377898383776371
"Line_1025",5004.19381680433,564.089901058373,71.0767481561657,1.23021169413047,-0.218681758304851,0.282100125949058
"Line_1027",3779.82180819725,639.784789678049,69.0681081432826,1.28748731842852,-0.993797740240082,0.377154318665937
"Line_1055",3544.30067441597,652.672370380052,63.669733692564,1.32603077954858,-0.145428842860712,0.377833162412041
"Line_106",4964.22370594964,653.400528423908,70.5244431235762,1.32946813635905,-1.0477897657961,0.37777452303624
"Line_1067",4096.14111985421,744.98906164108,66.9986022627272,1.45745441401384,1.33094544490451,0.446097048839104
"Line_1070",3853.46810274328,643.034489130439,65.9731059340239,1.29211943410981,-1.00158433842119,0.377780626660439
"Line_1130",3419.20857426955,751.655509453376,63.570109173739,1.48384125211546,-0.220965280936519,0.446202242802586
"Line_1141",4421.52845710588,545.851107780568,66.5056203558325,1.17191283760613,-0.00714506760023037,0.284658157357952
"Line_1161",5090.20552227738,518.57380852189,71.7830705376464,1.13567429871955,-0.861638471122589,0.262999016009455
"Line_1186",4420.4190997196,626.433282178938,67.5456943969147,1.24435667031537,-0.950459172812068,0.376615078378166
"Line_1190",4236.79824280399,651.993279902965,66.5757705310814,1.32767271883049,-1.12467295300165,0.377585279854562
"Line_1192",5322.7346996362,643.135688449716,73.6628865707746,1.2948361983021,-0.0409280359073494,0.377357049466092
"Line_1204",5414.40491156414,516.075260742655,71.1554162149987,1.12508353028245,-1.36125847197683,0.262393359682827
"Line_1207",5420.22371643756,284.649982210463,71.6931082305677,0.830472796394657,0.394863073185284,0.160882568989839
"Line_1210",4938.22156239707,744.533959078666,68.6767598397572,1.46065532078212,0.341071027892452,0.445786848280054
"Line_1216",4307.23698556561,631.298756345795,67.1513019431319,1.25802741038731,1.99642814461835,0.376750727235806
"Line_1217",5312.05339099849,656.791531935986,71.2677007674828,1.34071298741565,-1.15810915359278,0.378080079288003
"Line_1323",4295.86176858455,652.384454548813,67.6504395516302,1.32651022403787,-1.01317853166382,0.377810063808889
"Line_1356",3526.64567774266,651.977183268281,60.3215029173899,1.32560576851847,0.617409930805016,0.377747025615743
"Line_1378",4465.7328045086,651.353109659341,70.3465010870416,1.32666696315177,-1.14827774004028,0.377505884393504
"Line_1382",3673.844725763,632.62822353548,67.2242361632055,1.25914877792079,-1.04140359521511,0.377252642116004
"Line_1404",5398.23905996357,753.125878977189,74.3335860059503,1.48834039618497,-1.00457310673151,0.445876918893715
"Line_142",3977.47503174659,738.604313960824,65.5653169989093,1.4394433451961,-0.99492257158187,0.445488953209223
"Line_1435",3440.13821075658,643.114950485087,69.1102136171551,1.2980689302072,0.589417544322337,0.37717985978725
"Line_1462",4824.51315611128,650.211782844058,67.7506788467907,1.31712134924407,0.0566476594903579,0.377881018000488
"Line_1496",5697.30022399699,651.631862175916,71.9570230054208,1.32381905788559,-0.991220731681555,0.377932746748608
"Line_1504",4617.26297133982,647.543059496358,72.0160516515774,1.31163825551372,-0.98582879096817,0.377587614231234
"Line_1523",3644.63691521367,656.194516683444,64.9796707401105,1.33360418686165,-1.11557853006725,0.378237323658551
"Line_1532",4613.53631632862,654.684423954998,72.4213509680845,1.33212229869441,0.646789648899749,0.378139379157406
"Line_1534",4758.4867462547,550.357171833754,70.3579956844535,1.18987052251295,0.0989336866487324,0.28470373609219
"Line_1539",3855.08198185578,654.770769354644,68.4595257778843,1.33824534862526,-0.928086866437337,0.377723482615539
"Line_1548",5296.93928285724,309.184738646137,71.8246967753153,0.872218070354669,-0.438120972672967,0.183624984937454
"Line_1559",5165.94905168485,646.951901464489,72.6319057407243,1.30928579545103,-0.898747560141438,0.377606553430441
"Line_1564",4467.01113264863,646.74657309365,67.4024094622201,1.30721826921227,-0.997285406104095,0.377433218864057
"Line_1579",3454.66935969142,641.832777175,64.0971362580195,1.29966957204055,0.0544585093354907,0.376941510548949
"Line_160",3840.76844367253,644.247651076981,67.2601500945178,1.30121295396964,0.050719181072276,0.377439637839625
"Line_1604",4876.12813833095,522.128661900918,71.6492983828922,1.1486425119226,-0.362019203147943,0.262678231053976
"Line_1616",4291.61982052527,742.106181735954,68.6062770909165,1.45433869040665,-0.477056671569025,0.445572824000763
"Line_1619",4631.45070412609,659.519379165555,70.5322217450873,1.34949533239153,-0.876245298300602,0.378289869670846
"Line_1623",5768.50027501994,550.155635507454,74.1280630820396,1.18777782094106,0.44286791978462,0.284737491390932
"Line_1642",3858.92210998214,649.022807623322,70.7341899738218,1.30931603281769,1.93698360420168,0.378085101883404
"Line_1659",4781.52557752911,652.691818340424,74.3877131017663,1.3267163904421,-0.957921014209784,0.377890131416755
"Line_1670",3682.84542242657,743.210080958307,62.9054150103897,1.46080580600727,-1.0193397202385,0.445326886767769
"Line_170",5504.04914625217,517.000659182071,73.5840224907863,1.12940145187603,-0.632762718332076,0.262769801247951
"Line_1736",4023.3239525967,647.754056779757,69.8093228909231,1.31097929713076,0.015482902390179,0.377459174466637
"Line_175",3700.55480545315,744.576713343496,62.1484452602656,1.46137136346692,-1.02975970545963,0.44557377803245
"Line_1750",4448.92953277917,652.097670601574,71.1997645609405,1.32496385037009,2.03594300292773,0.377853839780968
"Line_1755",4680.11961052779,545.819786231076,71.8428183932187,1.17243059324702,0.333711950907026,0.284415250625557
"Line_1761",4189.02245989191,649.74488526457,68.2680835459069,1.31998785269292,0.638147312488576,0.37761958260793
"Line_1773",4924.98916717722,631.727444083507,70.3042148368423,1.25959326448131,-0.996644660996131,0.377044998450849
"Line_179",4849.40197703607,643.337316406384,69.0036631897393,1.29949557617055,-0.92776645362022,0.377292749964801
"Line_1801",4375.65303494091,652.501688361607,69.6411316158595,1.32678228802752,-0.971746256613291,0.377684103023889
"Line_1806",3867.77518058897,651.610527073632,66.6724828021485,1.32325253754849,-1.02647932013531,0.377693732181887
"Line_1816",3338.38328084408,651.424504533485,64.8691855676361,1.32275143550763,-0.94383917213705,0.377862969892962
"Line_1823",3991.18479817738,645.348987160454,66.8387676219641,1.29938380873522,-0.999805668929911,0.377569874862684
"Line_1842",3481.34472120789,748.47735004013,64.7837117261641,1.47413245538931,-1.00209473748418,0.446051321865862
"Line_1845",2925.08479249973,647.664391034419,62.7185408788945,1.30758749356006,-0.982175612376211,0.377975205671846
"Line_185",4388.22424761652,749.206770778366,69.0091223988781,1.47739087038872,-0.9663603901525,0.445961606843203
"Line_1865",4206.47890024809,645.222158810402,64.4362463369342,1.30605667657589,-1.02405903984635,0.377260409429475
"Line_192",4922.41634236892,743.331556723555,68.1296820087029,1.46174226552727,-0.475629424321146,0.445693151546605
"Line_1942",4685.95441297588,748.884701002311,66.5050277050989,1.47207176536013,-0.489092639136903,0.446051484227612
"Line_1970",4960.89306323996,444.591141671943,72.2713969260563,1.05608972499491,-0.595825467173159,0.217719347526953
"Line_1980",4086.86997135111,749.889817638175,68.7987520463324,1.47441034935521,1.23983835753753,0.446246152997787
"Line_1987",3582.30408461253,745.105537627246,63.7933705586377,1.46280701419065,-0.502496487314866,0.445874013805509
"Line_2047",4049.74453633029,653.065954548013,68.6211248850203,1.32842657766804,0.0250531762744144,0.377879221712929
"Line_2055",2932.63485442751,655.144121053471,NA,NA,-0.123768467286236,0.377998369136573
"Line_2117",2880.82645705837,647.196276453912,61.0558233654503,1.31140300893186,-0.00291593427619952,0.377480450289832
"Line_2123",3731.12176226946,649.302309449704,67.3637648111437,1.3159802527234,-0.956734651505361,0.377573984030927
"Line_2128",3805.8720515921,647.898868535284,65.0315913800181,1.31634628731028,-0.993492149388454,0.377298388579973
"Line_215",4079.77545834015,746.840892270543,72.4448473966197,1.46892867039112,-1.00696482565681,0.445801701987379
"Line_2150",3997.1864517128,653.554932184648,67.853411127304,1.32706855970924,1.20572221361766,0.378022807896579
"Line_2153",4545.67023430558,749.694546160413,70.098263192657,1.47757500271907,0.157833899899115,0.445901220494907
"Line_2174",5392.85634719923,524.094467518179,72.9609724214216,1.15699994345138,0.0957749454845742,0.262881507761764
"Line_2235",4831.76857588891,553.331731687481,75.46844914542,1.20275923292511,-0.0436478996504303,0.284584483504443
"Line_2242",3830.18506444327,637.06261460701,67.3069750776993,1.28334483563459,-1.09618988715284,0.376837770247998
"Line_225",4382.56158009295,651.600199603589,68.4447075016845,1.32107006001192,-0.878552416447421,0.37795946831708
"Line_2267",3993.02220471335,648.74207890353,66.527322462288,1.31100750563521,-1.01190521708849,0.377946851521425
"Line_2278",5285.04459926529,523.386055917272,73.3532374583972,1.15511785809706,-0.825113246854942,0.262966761844631
"Line_2280",5264.6078460953,639.532102712681,70.0490949216238,1.28242514251024,0.0566285582803641,0.37739466260803
"Line_2292",5004.50015830581,655.760255375618,72.1427617130841,1.33661003549649,-1.03986156794286,0.378068254089143
"Line_2305",4407.21538897099,644.075766643357,70.5359609147367,1.29963582102495,1.18956513082718,0.377183769700511
"Line_2336",4856.04498379926,645.813741538622,70.161039685958,1.30595434203325,1.24402151411691,0.377345348144929
"Line_2376",5487.88609019266,643.31999801738,61.9223982159531,1.30013714445653,-0.95794471472394,0.377264814149187
"Line_2431",3454.11178551899,649.630398925947,63.2921129351812,1.31762667053766,0.058313482431676,0.377633106162598
"Line_2453",3982.97162879929,642.46908556867,69.4409864601621,1.29217268257848,-0.993098467309071,0.37756259251005
"Line_2469",3310.47675593585,752.237235618495,64.4136583860827,1.48519948585839,-0.940429555831478,0.446131884664541
"Line_25",4965.79589053078,655.789647931144,72.9900011208479,1.33567764839301,0.661213323708601,0.378191333126407
"Line_2504",3380.27740604555,745.350758291408,61.7431884323153,1.46232528955893,-1.03239639671886,0.445589269830464
"Line_2514",4694.24508737536,746.960508720329,70.9795773032547,1.47083827801396,-0.997983577613821,0.445624780188505
"Line_2532",3920.98334995684,638.759582276236,63.484898266327,1.28280308908295,-1.03434658445748,0.377347108246614
"Line_2550",4982.47258318438,521.830782307215,71.0693859930463,1.14750845462929,-0.502904665677346,0.263131603559368
"Line_2559",4660.11382529517,525.929868103709,71.5348919225035,1.16419480756991,0.789901691031234,0.262913560791208
"Line_2603",3156.54295494837,749.603591274955,63.6764997472824,1.47957322482704,0.286861109917889,0.44601035337034
"Line_2653",3704.93038169319,635.725129622994,63.0286795272775,1.27310186984443,-1.01668122375674,0.377111562709157
"Line_2665",4330.50514380349,650.778941388485,66.1635461549686,1.31951375741563,-0.0287122871667799,0.378075556493129
"Line_270",4417.30096039867,747.996939469508,70.7091145779113,1.47221178894026,0.999121299101372,0.44581473852975
"Line_2721",4126.96681460309,747.018855010039,69.1397448476192,1.47223354474289,-1.02578084572543,0.445623541904895
"Line_2740",3415.55690374612,652.804153896185,64.5903183082065,1.32607427212352,0.657235285972668,0.377823319594841
"Line_276",4328.71052549341,652.016704538285,73.4828892033438,1.32478064965913,-0.935013512786057,0.378038989154499
"Line_2763",3344.77640087058,653.608114683439,70.229873043657,1.33037179999,-0.997695609886865,0.378022913175778
"Line_280",5553.55318049703,647.852478455992,70.9160351681386,1.30972174255172,-1.06241069049557,0.37768859513961
"Line_2845",5786.00949687021,631.700206744984,72.6844354418975,1.26036639971894,0.0172016700315883,0.376847175092136
"Line_2887",4505.5923108802,638.603223671576,72.3529034600335,1.28636037291823,0.707995202037484,0.376929164117248
"Line_290",5394.14293277289,521.092483910784,73.0229623583913,1.14232179442252,-0.10730821148329,0.263179455530441
"Line_2927",4922.5311645075,522.049160305863,71.4073468152298,1.14671778328445,0.239075304772818,0.263111961115979
"Line_2940",3459.14019858579,655.471186510345,69.0319022991322,1.33621395310833,-0.955073449828538,0.377881641316916
"Line_2952",3506.0768538377,658.424297027703,67.3125245094102,1.34710465247063,-0.939146660272213,0.378078439518581
"Line_2980",5207.47058741419,740.801770329829,74.2312583103702,1.44947207699274,-0.170939058447229,0.445319570524112
"Line_3023",4674.64508112404,645.935872021478,70.9712576348582,1.30884017746426,1.23777437814288,0.377346349680401
"Line_3035",4624.74417810817,736.051713449445,70.390624970937,1.4341142397664,-1.08828499513718,0.445278724791055
"Line_3059",4674.29481021194,657.212840586023,72.2042725802325,1.34211704741038,-0.955624032568128,0.37800176910769
"Line_3079",5169.89892291176,754.452169921226,74.313256902315,1.49226345992262,0.0515697910753382,0.446191018495639
"Line_3092",4573.50284809748,563.576009409282,67.3248640010821,1.22993578846372,0.0304686010764404,0.281805650054833
"Line_3205",5279.14725797987,527.344523207617,70.2645833138222,1.16642427325704,-0.956246507963505,0.263395913980673
"Line_3209",3477.10775795118,659.491454706781,63.0720997118332,1.34941415704745,-0.967671031863647,0.377950523012719
"Line_3235",4977.34009993075,527.373573799874,69.8515832016754,1.16754411951743,-0.460625178523832,0.263212912590445
"Line_3275",3470.23744336969,649.900666028092,70.5210593186782,1.32141796209588,-0.980429570034409,0.377524108837791
"Line_3328",4092.23083738285,645.371905552963,68.8892948107561,1.30303435302909,0.5753443350983,0.377515471902869
"Line_3376",3248.46579000665,638.087149884181,63.8223083845354,1.28385980262645,-0.975580112639794,0.377003663509173
"Line_3442",4531.14231207098,647.656238647741,73.2915801071055,1.31411103372994,-1.04169990418881,0.377434679672403
"Line_3446",4829.70688368332,651.027132447625,73.2400163608206,1.32302536257254,0.551061926581479,0.377642139515878
"Line_3575",4887.20872581201,646.851837591277,70.9395449897638,1.3086888671255,0.0463477864477384,0.377594629134614
"Line_3582",4594.66685613833,752.799407975243,69.1992883849137,1.49056784883414,-0.492251423104069,0.445957648753822
"Line_3588",3648.74138321543,647.728741458761,67.4148828240839,1.30981171617595,-0.0459052583534247,0.377552907050326
"Line_3590",3896.33121861351,643.500000054082,64.7482437824233,1.29717229034345,0.0853021529760957,0.377264017482308
"Line_3592",5154.63355159698,748.631685695586,73.7542536915771,1.47413513778771,-0.235703580141226,0.445848498882092
"Line_36",5759.68600565358,629.37812195225,72.9675049661443,1.25084306651892,-0.00826287970996342,0.377012316396942
"Line_3648",4456.0088881865,750.320239813711,69.7556800629845,1.47866891280862,-1.02426781417431,0.446141288273433
"Line_3652",4900.51633240973,651.487881563852,69.9838152585344,1.3204989011855,-0.96199927501594,0.377873622453748
"Line_3696",3740.1558197909,651.948629891756,63.4046151180996,1.32300750659672,0.622681662783897,0.377802923165413
"Line_3697",4597.86108036556,650.331348676143,68.6529209503679,1.31832206896989,-0.0262080518721119,0.377817110239088
"Line_3703",4246.82378690082,653.597281669333,68.8022809139202,1.33079544797128,-0.0471541932224839,0.37781696216562
"Line_3716",5139.54860808434,562.893973489284,71.6439040404982,1.22907294826996,0.0284685721606894,0.281582733479459
"Line_3742",4973.27820940771,650.949830406007,73.2501448634892,1.32209471747701,-1.02677452131028,0.377651414559549
"Line_3769",3290.59844057745,646.55710933855,67.9182591112711,1.30636957716014,-0.0243634583158329,0.377621200909632
"Line_3797",4933.85403421091,649.361129293641,73.7731101831747,1.31745119634349,-1.09653863381654,0.377573286290275
"Line_3802",3932.79749392839,649.709333908762,69.5522427908214,1.3169368179344,-1.01877230246683,0.377809024302177
"Line_381",4524.1336584089,651.651783827636,72.3590693861622,1.32489595063979,-0.0247676676340519,0.377671298068401
"Line_3874",5270.06030159375,647.277270715515,72.3146699816951,1.31295952001688,-0.0373321693886406,0.377289316518455
"Line_3896",5681.90851542503,649.265289022182,74.14629800423,1.31935943130061,0.667427166902339,0.377359983690396
"Line_3934",4742.05291988902,648.085978066314,71.9161391639333,1.30986976637083,-1.03838984720745,0.377808771103299
"Line_397",4417.36537019956,652.278953902115,69.853344583627,1.32273127798911,-0.0353213720086457,0.377981308343217
"Line_4003",4278.73734724131,653.770406768246,70.3694207573133,1.32879261988406,-0.994659745839906,0.377936450770896
"Line_4027",4724.79173452344,444.054996241011,72.9674126674226,1.05285989384032,0.565084142597507,0.217991691326683
"Line_4048",4706.10068834311,649.609781229774,66.3755099758988,1.31861008486266,-1.07867938432449,0.377314695866408
"Line_4113",5317.2834638397,310.012902522749,70.8002423448323,0.877144447325737,-0.268163134867291,0.183754426857065
"Line_4133",3708.13249821968,649.361253746277,62.148198623201,1.31603411012319,-1.07839286245327,0.377710628618033
"Line_4157",4683.85314420518,647.891672370712,69.4904366395443,1.31525264404308,-0.998189655785075,0.377610807204723
"Line_4218",5314.79526950575,745.124417854517,68.9600694701275,1.46155393919195,-0.483919723257872,0.445786609128578
"Line_4242",3350.24779061718,652.703006783288,63.4543391877829,1.32677206220177,-0.0645428235701198,0.377812493116697
"Line_4245",3868.84983869459,657.016290085805,67.8066075704364,1.34022868570982,-0.976797346762741,0.378072929370039
"Line_4272",4223.91300065743,651.378935342239,68.6141469714669,1.32303269965786,1.32397138532982,0.377884060951082
"Line_4314",4362.74892357634,659.667495308733,67.9115516382221,1.35211486032668,-0.991284645092769,0.378148334861947
"Line_4329",5186.08220589456,560.946750123984,71.787458511143,1.21883771475912,-0.607690338314285,0.28172575535507
"Line_4336",4857.71105023426,642.04833785903,71.4717761831785,1.28740852884958,-0.0212117481838316,0.377777602940347
"Line_4339",4881.88523328018,637.992415184021,NA,NA,-0.986797925444542,0.37689586946775
"Line_4345",4007.40309987879,647.393186478642,67.6452524613232,1.3160650612773,-0.0120734643640033,0.377243081583651
"Line_4346",4514.45589467453,655.131345921804,69.1935608732381,1.33349364121473,0.697713297522167,0.378049428962143
"Line_4347",3656.80021731354,643.97413420547,70.2476729473681,1.29877663747367,-0.0952850570725302,0.377275553614782
"Line_4356",4441.08942216195,650.067536327216,67.1235597664789,1.31798624412086,0.0367901537954768,0.377665601663769
"Line_4361",5275.01688324182,387.091194186883,71.247819414888,0.978508809269478,-0.667255062100952,0.201097419822863
"Line_4378",4992.26726598116,651.109061193053,62.4164806365978,1.32868511237752,0.0895276724304812,0.377350069827177
"Line_4385",3512.4683162073,646.668889003379,63.1982716658963,1.31256337447937,0.0441832893893812,0.37750912450252
"Line_4410",4367.21404278724,643.795116370141,67.3595560966684,1.30133014623576,-1.02188989973025,0.377133178778477
"Line_4447",5211.41601866313,747.459850655605,69.8172975012683,1.46959494761857,-0.191593430829631,0.445769084559513
"Line_446",4141.41786946354,643.687158647682,63.1215589883011,1.29919157868666,0.609271151696795,0.377323240518782
"Line_4463",5489.60276449837,650.088873762073,75.1824393466019,1.31423351792904,-0.0184488283427129,0.377952920043467
"Line_4499",4306.66464194241,639.986206303412,69.2822786699814,1.28889210842688,1.29057353642672,0.377110340807371
"Line_45",3847.1768274656,640.190995228779,66.6504467556171,1.28796020569275,-0.0248371575176831,0.377377530565356
"Line_452",4156.21258392057,752.748715696249,67.2338965408557,1.48862831095713,-0.521917474582889,0.446017097344176
"Line_4526",5703.68023140485,639.743503130378,70.2901568967318,1.28849635558348,1.20305451133556,0.377017356139381
"Line_4548",4841.83335254897,643.120133767657,73.3748745184196,1.29863185671773,-0.92003992571267,0.377455442133353
"Line_4565",5293.95310897818,523.498405562259,72.5922195791359,1.15395504192116,-0.220687717237364,0.26298817916061
"Line_4577",4916.82106154012,654.739614184267,73.6735348920107,1.33129442273079,1.94406325839142,0.378052160135086
"Line_4588",4217.55830006118,648.305922585532,68.5869964109919,1.31249262781589,-1.06954836467094,0.377542049587868
"Line_459",5482.46664588932,461.795861082699,73.969188873073,1.08404960389364,-1.01444757331408,0.229370250549587
"Line_4602",4166.89710400203,636.185566485911,70.3038625666304,1.27989722052282,-0.0690799346275655,0.376797661413783
"Line_4619",5620.84474607007,641.221307583203,75.2164545049126,1.2915475491034,-1.04717221351637,0.377399500085821
"Line_4635",4627.09091008126,524.187564052028,73.1492146441537,1.15651329315507,-0.0704976354680109,0.262775495388406
"Line_4645",4622.9163360412,751.673063310601,66.8154685205178,1.48393875757151,-0.00334510270328203,0.446022643143799
"Line_4655",4640.48668698298,642.705637584998,71.5671523057382,1.29247946218573,0.598243958115558,0.37749995069872
"Line_4677",3610.81832677819,742.138324435068,63.0825825320578,1.4525015600442,-1.05431421309115,0.445550582901566
"Line_4680",4048.83616499231,651.597236469999,67.4715763706181,1.32538178098255,0.610478021415092,0.377710087211683
"Line_4682",3753.72996711501,645.523712189892,64.7712108317491,1.30217737199658,0.672283352380073,0.377588109718224
"Line_4762",3965.97489159091,644.700781947556,66.7601221631568,1.29743105435314,-0.996278686142482,0.377651917993306
"Line_4789",4456.05381410662,650.687695684621,68.5144557406539,1.32386199064662,-0.987824713036051,0.377607571880556
"Line_4793",5226.31985827467,648.20396800796,71.5359724497839,1.31194899026668,-1.06732826159364,0.377514199046327
"Line_4829",5702.9087603542,632.028244100534,73.4878026442427,1.26193078383112,1.2516211560152,0.376850849654718
"Line_4866",4941.79726896084,517.69159970657,70.158231654432,1.12922786540084,0.544713373304411,0.263090331377829
"Line_4880",5073.68827250521,524.682226448736,73.2554208397537,1.15854925885113,1.16281277193638,0.262798032923654
"Line_4889",5374.44869802372,634.75161332302,71.0603180045447,1.27153556528948,0.637064608950808,0.377098365008241
"Line_4918",3425.74205812158,650.523979482733,65.5718038576397,1.32118689963139,0.666775610376975,0.377745284088853
"Line_4946",4313.26731434851,642.572768575702,69.3280704019911,1.29328192067958,0.011699614163556,0.377385941824106
"Line_4950",4836.78237127564,644.990596701426,71.9960419689272,1.30066475063215,-1.00877095635555,0.377621254168727
"Line_4980",4603.2936503863,658.945639567658,67.1056284028639,1.34429485888289,-0.149560125162132,0.378259722500978
"Line_5000",3531.23169883473,653.106213640066,63.1053549844405,1.32793347834843,-1.01223260459995,0.378124069937222
"Line_5006",5273.57219351333,740.509158396487,73.3892684866016,1.44797904657689,0.0797929292656765,0.445538609217004
"Line_5015",4114.82936742111,647.246690368632,68.6725687214296,1.31041279455042,-0.971123076030347,0.377523700984367
"Line_5026",3490.03603876311,647.506383228993,67.3967201644735,1.31085066432472,-0.857681219880288,0.377442175017981
"Line_5041",5187.97458276541,655.99929557569,71.3303583707559,1.33817143163476,-1.07923643793381,0.378149950581524
"Line_5068",3952.35685476699,657.116433574522,67.3603955514665,1.33879480930752,-0.0203974812228607,0.378138641280859
"Line_5139",5235.49623886863,636.225349861799,71.9067508134757,1.27718844194257,0.0460922404563612,0.376938779220876
"Line_5143",3435.56620939517,651.348925460561,67.2215417043501,1.31823209935178,-0.966942577880711,0.378123584787313
"Line_5173",3719.52097999591,639.120571834057,67.9821799526854,1.28836656742322,-0.995113864447795,0.376938130434035
"Line_5184",5203.1840178592,651.615868320371,73.4288405173137,1.32561224106698,-0.841430281811881,0.377682240147791
"Line_5209",4465.07916006864,646.16187052462,68.1612841669175,1.31312538144596,0.672526042816054,0.377147526741439
"Line_5216",3910.99704429692,652.94752782776,70.8903384731489,1.32620786467115,-0.0810505938010723,0.377777579243279
"Line_5226",3570.59302451144,657.060904548383,64.8745379232344,1.34478962674596,0.0991875366342364,0.37789781632463
"Line_5257",3997.55164068691,648.044678918956,68.6749097910164,1.31465230416146,0.667683237660923,0.377606578001464
"Line_5289",5135.00359070526,639.837820709735,75.0986168220659,1.28759351329247,1.21648506683563,0.377092933787739
"Line_5317",4953.92393490236,651.203499976922,72.5468210695163,1.32263280273126,0.0572553874124974,0.377835703215315
"Line_5323",5326.10190134367,275.188538899249,70.2135807174889,0.795633341339947,-0.589601059729306,0.152894389816887
"Line_5337",3889.97240415508,730.436215651932,70.4173262633783,1.41729417536606,0.667774432331142,0.444926424101783
"Line_5342",3258.51024396769,649.301739970053,62.3418175145678,1.31683355065374,-1.01396896722665,0.377630990073199
"Line_5392",4257.30226376759,523.921963466824,72.1333272519241,1.1534057609162,-0.514101246546098,0.262945998823695
"Line_5420",4127.28965109421,645.381902828164,68.2665209370409,1.30330678309435,0.00744682342673619,0.377576112587669
"Line_5471",4077.57933653587,644.807006982702,68.0944349927897,1.30402376089753,0.0100576965003112,0.377392644533056
"Line_657",5176.4410490133,649.6691225273,67.4282908567247,1.3157128691783,-1.02258682581991,0.377884644958731
"Line_702",5142.59789964986,522.153590032819,68.6341414287163,1.1504123789418,-0.516919698634545,0.262595697858062
"Line_718",4461.17546460842,645.374180477652,65.1740850528055,1.30406414097557,0.0101031592389264,0.377511046787219
"Line_722",5529.5654401913,648.838729971102,70.3492156956296,1.3168807231234,-0.967897889102066,0.377446438761296
"Line_733",3294.04681757715,649.5255166633,64.4703038521811,1.31428531490252,-0.998935872525907,0.377891805499361
"Line_737",5052.47304770867,635.792800160882,70.5993506120997,1.27222418146828,-0.989620006590543,0.377236999675249
"Line_770",4590.70869404617,654.401417865383,70.6137600600138,1.33175191298611,-0.0695937235199695,0.378157398914266
"Line_776",4846.38617711154,307.842848669921,70.322442894942,0.872913433443499,-0.577445736422158,0.183744903954659
"Line_792",3695.96086439722,639.667305818514,67.9760741263227,1.28605759419215,1.25796318681571,0.377065022424734
"Line_800",5398.00143712022,549.802131187634,73.6793510719047,1.18606472568528,-0.346452499362621,0.284985623276707
"Line_874",5442.85831070326,650.220250499611,72.0282259657347,1.32050270896178,0.0686948423560089,0.377739988515249
"Line_877",3494.17488911379,631.405989436483,65.2291633786611,1.25964776772878,-0.986421750470772,0.376801752963926
"Line_879",5144.83259705,639.893658075097,69.6249081491817,1.28405283800395,-0.992397317849392,0.377393060538486
"Line_884",3341.43612544743,647.490260409866,69.049484517677,1.31358298176647,-0.0783530700997063,0.377231721991556
"Line_950",5237.34398166954,650.119996007589,75.1492034291129,1.31988990237722,0.0408113291946193,0.377492304863348
"Line_970",4606.63364776207,647.372407510788,72.0295495031036,1.31026242410677,-1.0344190420379,0.377673130338958
"Line_101",4461.71166601936,613.985218119966,69.7022873731643,1.17889000974425,1.96738213796399,0.371727799847361
"Line_1013",4475.36388329497,601.176931123507,67.5428727892593,1.16886394275145,-0.607651623897224,0.370682047764392
"Line_1015",4310.35857852206,617.755041478922,66.5484159769944,1.1826390988437,1.31452000616932,0.372319274196104
"Line_1017",5243.85767645063,583.024238465663,69.3908932943872,1.14956658523026,1.26798400841408,0.368256859196492
"Line_1020",5254.42191689506,572.069065956121,71.4181311664767,1.14386104503773,0.191046329118162,0.368758202328899
"Line_1031",4132.75691956797,612.840294818207,72.5891824847535,1.17762596543319,1.72483979744088,0.371483356283909
"Line_1034",3502.5886964229,568.303007636547,54.851487348068,1.13726870786794,0.107848107501168,0.367349280166501
"Line_1069",5133.89403111259,606.74349320351,67.7937695294916,1.17317208797404,-0.34492939892702,0.371215355493436
"Line_108",4551.23750500012,597.890213166544,71.691253038984,1.16033109020262,0.312848798055202,0.36887463432787
"Line_1086",5478.0260017696,611.039536159224,74.2257718806822,1.17792960769649,-0.251060811103221,0.372145889473928
"Line_1129",4092.19649862971,586.756344556877,69.1340666469352,1.15695344952478,1.24658746424518,0.369769283897526
"Line_1138",5426.15095433455,617.853409143475,69.8458417702357,1.18204240231577,-1.46817259394255,0.372017753295787
"Line_1148",5321.74806808752,609.064808039169,67.7214329000559,1.17535071988733,0.841205733747229,0.371620745417674
"Line_1150",3769.36555495657,571.468392029983,62.6306764996378,1.14533220255127,0.00108781651463619,0.369117134078228
"Line_1162",3932.03198604182,609.634491070264,69.2055286310611,1.17591856834254,-0.217660729111895,0.371702478846669
"Line_1166",5054.1090045991,316.690702640465,71.3489374718263,0.882390188090435,0.608166382339227,0.202334019963224
"Line_1197",5571.85091394233,592.7582658519,73.8321694256362,1.15794409720493,-0.383078730076975,0.368928978515608
"Line_1203",4531.17161673481,610.432541031721,68.7451805091731,1.17625881353109,0.0787922671970244,0.371681680551168
"Line_1208",4627.29041566911,595.68148121215,71.4181179679103,1.16346043425967,-1.06185517615055,0.370153771559129
"Line_121",4077.75313240279,595.422626523554,65.9749666555685,1.16149720127729,-1.08609802861174,0.369945627846109
"Line_1218",3659.76912826808,577.471687902015,63.6291076129624,1.14232155520482,2.01992079638707,0.367109600357646
"Line_1242",4401.17265783098,607.039168461003,64.4574999112207,1.17151395722792,-0.0128708089582134,0.370577670117615
"Line_1243",3709.92751218631,608.949319288314,69.1839254821004,1.17293042026941,0.224097677753302,0.371083357433885
"Line_1248",4523.19270173513,614.73993526922,67.074569093289,1.17875239317823,0.0606051760758081,0.371485409604236
"Line_1249",4838.61506343159,620.155483353037,69.0429992221475,1.18487897656745,-1.145293946664,0.372630533217892
"Line_1257",3824.89665614069,590.48810613601,67.0916156245377,1.15926178825642,0.843353498345708,0.369954173746773
"Line_1262",5271.64510127678,608.743030906964,68.8273401912484,1.17473988626194,-1.05666046979417,0.371176242861168
"Line_1263",4430.82357712209,556.137951820961,68.4601743481534,1.13067246396034,0.139368338024923,0.36759710203183
"Line_1275",6117.32566256106,586.511645758732,74.5241212585733,1.15246050714432,-1.27287957870195,0.368865357961584
"Line_1290",5878.97422410879,597.773670617004,69.2493541402864,1.166516657761,-1.52897310422667,0.37114968802166
"Line_1293",4272.04672183186,596.965743524611,72.4575491142086,1.16375295139717,-0.0502142827619383,0.370014855450173
"Line_1296",4434.00429753686,622.283787085663,65.4110257363471,1.18751783577134,-0.0797285834521245,0.37337149904053
"Line_1315",4750.5050524208,601.897332011032,68.3500939357927,1.16732516117024,0.238194672181679,0.370472877890686
"Line_1344",4086.92301883307,618.140163755549,69.7252049502801,1.18378621023495,0.0239401299486107,0.372594245923533
"Line_1346",4874.9977969888,576.652954595784,67.9217273629572,1.14259998937341,0.158113129788048,0.367399981800842
"Line_1348",5412.03310154422,604.970352582798,73.2450194489342,1.17078483710823,0.259271230932693,0.370856459826729
"Line_1362",4131.65175644618,606.060516063547,67.5612329177762,1.17122647346092,1.27745550930707,0.37078437876914
"Line_1375",5159.98499113297,576.997589759705,77.1425319998224,1.14611675189333,-0.0268640413196417,0.368264989860383
"Line_139",4476.11938293029,606.227261678834,75.7027292522181,1.17252711573315,-1.29198998284154,0.371361906585637
"Line_1393",4895.0969951738,598.462675350244,68.7229415538656,1.16447152099546,1.51938405925616,0.370083040632025
"Line_1399",5473.53112563131,600.271994173553,74.1693034877284,1.16402105997575,0.134018313824553,0.369753097902195
"Line_1407",5172.81017484361,577.482478985732,69.8007242333368,1.14645497794651,0.877025644157116,0.368483563883485
"Line_1408",4461.75055404362,575.412878685345,68.3615540281298,1.14130588183472,-0.282887633204568,0.366997874365124
"Line_141",4646.41389791402,612.263305327504,68.7146620675153,1.17782209742916,-1.25542855454079,0.371545932807089
"Line_1417",4736.41817380987,615.234924738191,70.5574684861653,1.18132982420513,1.27843206860438,0.372424504490227
"Line_1454",3884.72052972708,601.663687901825,67.0484599924087,1.16817014063228,-0.0702036469058555,0.370543286385542
"Line_1457",3479.16439813559,569.369385959304,64.5053685016173,1.1365611312503,0.118235326811454,0.367115852524078
"Line_1461",5007.45953754547,601.46265587761,70.6289927018477,1.16620541171614,0.0162958772314171,0.370006103293797
"Line_1464",4136.39538948626,596.802327878539,66.8623897068899,1.16308942139281,-0.0848806045031458,0.370052202397531
"Line_1468",4709.80050703811,603.260807580893,69.3189973854766,1.16844373709789,-0.345104945483219,0.370720806310511
"Line_1470",5154.69365160974,600.947358765071,73.0983851062673,1.16767654972276,2.80666123165347,0.370585043216286
"Line_1489",4608.38142752339,608.020749832501,71.4097906607237,1.17594050082348,2.60281556595532,0.372199928730599
"Line_1492",4826.79938622443,599.578345999146,73.5239351425547,1.16359293064767,0.221498434790662,0.369567009399392
"Line_1493",4580.31870129496,594.426682179561,71.7552162789767,1.16118171413448,1.75064710179512,0.3700381663018
"Line_1503",4328.07291058581,609.285677125468,67.6865707824474,1.17554039321086,0.122843527717889,0.371636898426875
"Line_151",4087.61741352975,613.930990998954,64.7689933435493,1.17802856988356,-0.948647450761473,0.371237816696598
"Line_1513",4269.72594815137,600.587980005838,65.2032254189942,1.16376773249003,-1.50347286753972,0.369484879799096
"Line_152",3977.88265658212,560.218085946446,71.1554153556298,1.13497917008503,0.238307251325152,0.367301313871309
"Line_1521",4342.69525114174,586.30222241002,66.9944665743812,1.1525280165376,-0.00684825007708478,0.368415470369742
"Line_1525",3812.02441047837,599.127740877268,69.6906702883801,1.16474557674311,0.25562426550743,0.369932001404414
"Line_1529",5135.05505356394,590.056883465277,73.10011850152,1.1599368597586,1.09537212458504,0.370383569709547
"Line_1541",5143.67457454252,615.41673820099,69.760900996551,1.18260085200471,-2.28703769317703,0.372766163729111
"Line_1561",5205.46859227848,584.770087757729,69.8244603023059,1.14917918467491,-1.00984045975964,0.367935870849073
"Line_1566",4877.94846141664,613.849175681181,67.6863073684315,1.17970842390889,2.00222643542497,0.372632961176563
"Line_1567",3524.02825226979,570.852811542459,60.3635706075004,1.13515032854981,0.137581312608364,0.366179708718769
"Line_1568",3504.91497356412,614.370111889614,68.2108551744642,1.17957452802368,0.527913794867204,0.37188847065776
"Line_1592",2867.85493602957,591.80453341404,66.8379126418143,1.15781537796175,0.214716621116356,0.368704057716713
"Line_1595",5629.13166124598,601.010936158021,70.743386222958,1.17120432499327,-1.03612163513691,0.372566721977085
"Line_1601",3895.80737527312,601.637711031515,70.5372269792858,1.16838517687928,-0.00856466841911574,0.370646828439645
"Line_1603",4807.16438045161,551.297159932682,72.1401425417947,1.12632770118849,0.121859357191082,0.367655037789746
"Line_1614",4960.24481359029,609.614883160067,71.6561804770419,1.17470199078246,-0.511395342420505,0.371319271238315
"Line_1625",4834.81662450835,574.052497920414,71.726418871139,1.14492501454161,0.275080361060921,0.36816978004744
"Line_1627",4306.53491187782,623.637023717757,69.7516271766743,1.1901400986919,0.289082956980366,0.373505555647725
"Line_164",4741.43475703776,456.441086669244,69.4098382768059,1.0365046308769,0.0900836327471761,0.24551959185551
"Line_1651",4087.85384812197,598.497697766293,66.8803523086055,1.16529342666941,0.913792384625554,0.370288775960715
"Line_1668",5282.37973565484,598.257529604436,70.0932170146133,1.16606159589303,-1.14141421151712,0.370820150713996
"Line_1675",3853.5602798253,607.073593769358,67.0679564756254,1.17332790859735,0.962161853206908,0.371408687074209
"Line_1681",5132.61339899926,583.045427995009,75.4166154619491,1.14807100762481,-0.853029663868789,0.36771933826594
"Line_1693",3680.85772955742,618.499746889505,64.5937454946572,1.18282150099249,2.14920747695333,0.372011449144789
"Line_1695",4071.24266913928,576.223134165342,65.3094254690722,1.14213121732806,1.18261437224137,0.367599014153108
"Line_1703",4576.30825341037,597.45732863011,66.3467654106784,1.16115063987102,-1.34862449244018,0.369121796746133
"Line_1705",5741.9903141323,572.977877678509,71.6215686839687,1.14287402265509,0.247838987805568,0.367760760032845
"Line_1708",4726.32304671244,606.065352507982,67.5465928386068,1.1710104798645,0.0947906689883256,0.370408737231285
"Line_1714",5127.23946937239,608.252735284638,71.9571095961473,1.17317857388834,-0.00525734573007053,0.37107594520535
"Line_1726",3971.18836510696,572.577138543953,69.5202478923233,1.13825850277883,0.111413984587455,0.367041379364658
"Line_173",4734.52325260576,597.617221471629,74.6286360323397,1.16445843611283,-0.92402411527947,0.370027767086946
"Line_1737",4579.06036856382,584.16251794514,66.640328820726,1.14969982949668,-0.110885096849701,0.367976454156832
"Line_174",4678.55251385419,602.589504542288,67.3257633528585,1.17040863687046,-0.822651863001413,0.371187321948209
"Line_1746",5223.10116435515,609.273872676491,70.2039019619753,1.17400032833337,0.353759450211726,0.371140884906884
"Line_1762",3687.3497467739,597.117372100385,64.8903365020369,1.1607323803711,0.142264474762598,0.369578108148689
"Line_1765",5160.44857375939,604.169031138993,71.3186534056998,1.16928989616291,-0.133933565465445,0.370599954055864
"Line_1768",3922.92441209884,606.765517793228,68.4318938097052,1.17167709503938,0.288648702517981,0.37094456287306
"Line_1772",4727.96334289652,572.874358397551,68.7879781437412,1.14051308219324,0.331829659670396,0.367412969867794
"Line_1777",4120.17511919155,581.301679742637,64.1969720773762,1.14986652649937,0.975810005404143,0.369845849702114
"Line_1798",4907.61226742481,587.80939277476,68.568881391816,1.15625257233789,-1.41874602603308,0.369032614959645
"Line_1810",4188.36751334061,598.441795727183,67.3847318527928,1.16361848076196,0.308793788236139,0.369729139557917
"Line_1847",4175.74159148102,583.95566633432,70.1864341260922,1.14977351451464,1.19812194537918,0.368189152582396
"Line_1851",3728.59178778507,603.748732594499,65.0191864697341,1.17055337829598,-0.0104357733141425,0.371295285480057
"Line_1855",4598.40434663276,604.859967373511,70.2299748350139,1.1707815557245,-0.215201505356852,0.371036562075739
"Line_186",5152.36356895151,603.872583332063,68.7675655297257,1.16959334684703,-0.0973158574088552,0.370560231028233
"Line_1876",4819.80155885881,607.333262631606,73.2216619624261,1.17144000033519,-1.05330464573022,0.370634692815338
"Line_1895",5127.65671533457,559.117724038428,69.6988935094567,1.13025157089144,-0.0482697994737744,0.366620939983406
"Line_1901",5409.49445558582,563.848322052716,68.0708583261306,1.13448752520561,1.15710457637916,0.367022033326892
"Line_1911",5257.46845790113,592.402702296117,70.3447625234789,1.15728312684606,-1.51632486062339,0.369104647735866
"Line_1914",7014.52894922779,616.436073583825,72.2830787440152,1.18264059088029,-1.70376763131859,0.372759225012441
"Line_1917",4217.71011332668,588.672567287916,65.6263975193325,1.15732587364279,1.04719803876,0.369455402850937
"Line_1918",5435.41100525985,588.06852988026,74.0087872667566,1.15447724323231,-0.805690824357393,0.368865690899111
"Line_1921",6211.75002011587,567.891845685818,69.2724615864769,1.13898058968386,-0.0568005084054329,0.367565951637624
"Line_1924",4540.60110602551,609.749291288111,71.7156419786991,1.17535167174207,-0.187039216405543,0.371641697781399
"Line_193",4373.90672400078,600.26191339955,69.5008952666988,1.16719597884869,0.148884456299747,0.370745514099349
"Line_1932",4957.52463876084,608.425789220179,68.7599898357685,1.17363633447716,0.111932029592559,0.371172772085176
"Line_1938",4780.92682707445,461.015340622671,71.9584837184558,1.042401943228,-0.23714900799113,0.245394091204361
"Line_1961",3411.61195658937,606.464054626774,68.259928195738,1.17296969299767,0.974837831497052,0.371626817743171
"Line_1979",5433.71398179444,567.374428748222,75.0489088339527,1.140919273847,-0.901193275020253,0.368554426304517
"Line_198",4689.97171673083,616.744094364405,74.7462736882125,1.18225546433752,2.12485689501092,0.372442386139217
"Line_199",5244.11073871105,553.706798118861,71.143168753994,1.12715004996722,2.00856807242423,0.3668182176973
"Line_2001",4077.17347702634,604.991303432203,71.3062164275314,1.17119837560679,-0.157951082740293,0.370965521971987
"Line_2005",4022.56070831136,601.089924551681,67.4672240603807,1.1689276957505,1.91404381765892,0.371034666972515
"Line_2014",4935.8678343297,572.523797268883,67.4920222498076,1.14260930182792,-0.100103308779117,0.368168919816316
"Line_202",4848.78917692233,603.270974337938,70.743830555368,1.1686583935283,0.80421576025181,0.370585739433717
"Line_2020",4760.66603132641,585.814938525597,71.1014583653107,1.15305472246284,-0.958395591834313,0.369181042227211
"Line_2021",4561.15494288484,591.237011318914,70.0806615124611,1.1583493933806,-1.10219857281361,0.369674061069743
"Line_2026",3969.15750117518,612.933915867253,70.260954668568,1.1794308918294,0.0374361803562268,0.372406974526796
"Line_2028",3737.31631538055,599.539894058343,64.048263327238,1.16379487515932,0.0683924951353266,0.369526511450366
"Line_2030",4504.51902569141,601.011661210866,66.4832956525936,1.16662980475234,-0.0495047484937342,0.370362725437695
"Line_2034",5189.90775711456,562.517139679617,75.7410435776971,1.13512158998705,1.12525669799052,0.369774495258748
"Line_2057",5510.52415547034,616.088911904832,74.1849454713327,1.18116291400856,0.343674236972622,0.372070396833374
"Line_2062",4079.41774240582,577.083419602376,65.9402457363369,1.14638235377352,-1.4534671829032,0.368885510276462
"Line_2065",5595.74123371859,594.615576816928,66.5879843750076,1.16441200733758,-0.00974122130588806,0.370773371354965
"Line_2094",4375.47070004084,599.714384539489,67.6760062697001,1.16258336867524,1.12673327802009,0.368916200069069
"Line_2109",4576.23818472684,608.242632963046,68.2082116739274,1.17304368721015,0.0555590163464831,0.371037807698187
"Line_2146",5215.49945680195,460.438462291986,73.5375887830961,1.03920966233964,-0.0693755461121762,0.259352999583288
"Line_2164",5733.39856390249,623.028592813045,75.3142313087611,1.18920752006559,0.131661196100879,0.373623982483533
"Line_2166",4730.42357804398,608.660882087121,64.931469214802,1.17319592079975,-0.999109768297534,0.370888167419772
"Line_2182",4665.95887208243,611.114397524706,67.9369883082118,1.17512748346982,-0.577386726031571,0.371048554272504
"Line_2185",4792.86519541097,607.952989400782,66.1021274773442,1.17305533704355,-1.11799786087593,0.371129449555682
"Line_2188",4036.09410628198,586.577847108551,72.9516175906593,1.15335717464792,1.26557257438954,0.368630202074397
"Line_2194",4699.13180208548,613.061780037042,71.8879214664897,1.17856381247371,0.0945566863889755,0.372106805446461
"Line_2202",4696.0644678916,580.633092126141,71.4307617727747,1.15194794017376,0.160047544180551,0.369309604124675
"Line_2215",4500.77234953423,591.727029638797,71.5677998964641,1.15912588370366,0.116222181298469,0.369551040460103
"Line_2220",4392.7465736828,618.133535772757,65.7069962804329,1.18388562224659,-0.879505114737604,0.372612051514019
"Line_2232",5424.26508592979,600.621666096275,73.6218776249754,1.16599129764004,-0.966632556977859,0.370580634591465
"Line_2236",3304.35529058494,591.473575849834,63.5955138249827,1.15976264107895,0.0366943192809506,0.370192065499867
"Line_2238",4055.75378144799,611.873630326316,68.2091301067213,1.17722510218861,0.110824259785529,0.371755097086117
"Line_2249",4868.81030617008,612.999146134492,69.5342804188818,1.17904412065494,0.0153596544163104,0.373431221665818
"Line_2250",5010.47907564763,596.976878839359,69.3848507586133,1.16481930584718,0.118559444325343,0.370476206391506
"Line_2259",5356.88700171951,606.753581759117,76.6571055683988,1.17058846024919,-0.205717220849577,0.370940193100279
"Line_2265",5148.03136002093,611.83102846204,65.9842488876736,1.17618160665095,-0.0870015912175577,0.371749273185429
"Line_2273",6512.57700290927,605.433471547749,74.6667601599852,1.17006217894232,-0.383719863462384,0.370628518631568
"Line_2285",5614.62800396154,604.884124565362,72.2575326095309,1.17022443094419,0.0828958747476818,0.370754539273778
"Line_229",3915.32652797901,578.744526991431,71.3808761350441,1.14364221461629,0.198991749014273,0.367103141811221
"Line_23",3939.31850566186,607.436705535537,66.7617365458102,1.17258155116407,-0.919599350503241,0.371218491028709
"Line_2300",5347.34558663736,608.283094585262,71.7157517670716,1.1758805398539,-1.69656510418496,0.371759696426808
"Line_2313",4547.81949588842,598.094017753432,67.8946269783525,1.16504218390851,0.129616580518327,0.370048701917481
"Line_2316",5041.39441139341,610.428917203657,72.4547871251228,1.17744094773106,0.035694109257899,0.373595700163862
"Line_2325",3603.00535355576,593.089062844049,65.7202153122058,1.15960868069646,0.179877507648683,0.369586984444565
"Line_2357",4577.06153746351,607.824424153854,68.7999033425452,1.1737848786649,-0.845864149943566,0.371232010393731
"Line_2360",4125.84716355546,586.401174251269,67.2276843051091,1.1554274430457,-0.813368616866227,0.369756954743381
"Line_2361",4042.41879742596,601.527532419746,68.5760990539154,1.16718082279959,-0.350202979938626,0.370340023361851
"Line_2362",3751.49510564275,567.313921862452,67.309428748023,1.14006248435612,0.334037699914262,0.368090505666108
"Line_2363",5092.7923019894,575.365983076721,70.6946650055295,1.14620445689439,-0.896893221655865,0.368869348304903
"Line_2369",5095.4260212548,612.308004042991,71.1929303396049,1.1762931222137,0.0467332526076814,0.371233991687232
"Line_239",4744.33429679213,609.414294062573,67.826823085076,1.17380392230473,-1.33191677272079,0.371057252130272
"Line_2394",3951.18872913569,602.340257168254,69.0677411256762,1.1662867208344,1.21733686917206,0.369866239341568
"Line_2398",5213.482563914,592.438313003285,75.2979658829644,1.15898054356325,-2.58364739954608,0.369678792809165
"Line_24",3099.81426158626,574.489726669478,61.7736626212758,1.14421748976237,0.62146152769242,0.368276253035113
"Line_2413",3299.32245321705,610.766269338781,71.1413966613992,1.17487171943091,1.12227196970638,0.371026302614702
"Line_2414",4986.52376636279,559.514738661273,71.8390210895421,1.13319584341237,0.152175351233832,0.367671096922931
"Line_243",4626.88775925261,606.956506372634,66.5391305215497,1.17422380617437,1.0035237205317,0.371787877795619
"Line_2432",2501.61223474511,591.433084493472,70.6644205360734,1.15680213507598,-0.824420837145447,0.368964417651087
"Line_2442",5056.20887704298,614.906556968682,76.9702304388096,1.18106554044086,0.112424389374062,0.37243854441386
"Line_2452",3475.03841675495,551.86893215302,63.0993090166939,1.12067968545378,1.19297441443642,0.365222343703576
"Line_2463",4890.01622711762,603.999826295531,69.8582421388438,1.16997699815613,-0.078160061044937,0.370277008374192
"Line_2467",3348.28523532513,591.899246959091,61.8402808329458,1.15840276032763,0.179057740780409,0.369405927032134
"Line_2473",4825.01978012756,575.810265530191,70.8821874008773,1.14231836412379,0.291860519851988,0.367301081233132
"Line_2480",4727.00910458712,595.604108891503,75.7125537132855,1.16197614135678,2.63598198255331,0.370092334405527
"Line_2489",4894.31866366331,592.638166785854,71.2790386154836,1.16332001910738,0.44828776502633,0.370834354445401
"Line_2508",4569.26939693926,593.842192177383,71.9433512120516,1.16032998589896,1.79007190537851,0.369602746902204
"Line_2509",4772.15240509345,603.371774612819,72.3265560606148,1.16736036996863,0.296603545166195,0.370182476371584
"Line_2536",5077.89920370062,533.584230880986,73.3405107735171,1.11039974038285,0.22474105182476,0.365446365027292
"Line_2542",4943.68365922176,552.265333518462,69.6769907526218,1.12642156687849,0.245057078462856,0.366275626484844
"Line_2560",4977.84612076549,608.643903325148,70.6703376816728,1.17464823361242,0.2197656216711,0.371573946828603
"Line_2568",4186.18412914353,609.599556468128,70.8774813992687,1.17408120179048,1.26641140692265,0.371196257108291
"Line_2598",3908.4128021868,601.032756126111,66.8450986705459,1.16758903230633,-0.0211538800185519,0.370468263099994
"Line_2601",5181.94059762187,611.825738673362,70.7030202652227,1.17783333229849,-0.155707712093427,0.371782720657299
"Line_2605",5028.55209301215,618.084133031102,72.6238824858773,1.18306134111342,-1.34454988270426,0.372452435782778
"Line_2622",4911.53373883711,604.106842170794,73.7101625255837,1.16555751448282,0.878944956550312,0.369152018725143
"Line_2631",5060.77825440179,605.130858969571,72.1092156457201,1.17254737694285,-0.715561086441059,0.371592863709431
"Line_2641",5154.36418741724,619.821601613372,72.524643279388,1.18480120006948,-0.121423514634896,0.372615480867659
"Line_2659",5202.06186971442,585.541730557986,71.3324394993798,1.15303675253855,0.341777039488886,0.368939711843165
"Line_267",4252.97607181455,589.757255986049,67.5460786451522,1.1575739629539,-0.200404881314263,0.369536470738991
"Line_268",4783.23949776017,594.010338486664,74.0434143726643,1.15997037503409,1.17124117506046,0.369544808469569
"Line_2682",4205.52053682321,598.433144102564,72.2726455416738,1.16630505643834,0.218293812805297,0.371031139344357
"Line_2694",4665.95061487983,624.933388983095,67.1612306387777,1.19055175529683,0.126039225450448,0.373637932958703
"Line_2733",3730.04278142392,601.891263342126,68.2145047145285,1.16633522135545,-2.65155277628325,0.369882038695408
"Line_2741",4200.89144719382,596.474718008329,65.7881847593741,1.16473174685836,-0.17346849810775,0.370837553203117
"Line_2753",4153.20134833003,604.710364102617,67.9057358540601,1.16870750199614,0.659514210839185,0.370259002022066
"Line_2758",5496.24301729618,603.593095296419,77.7605661417768,1.16762591362342,-0.292365164942097,0.370130448126582
"Line_2777",4247.18499199831,610.065787097261,73.869033997029,1.17468587034802,-1.30267442035869,0.371424019272186
"Line_2800",4535.09281236214,601.840348754024,68.7786919904758,1.16664986369096,0.915756184498426,0.369959479823242
"Line_2806",5589.76873812157,592.488075012324,74.0552623275468,1.15806642988621,-0.764370265870582,0.369000494537013
"Line_2807",4862.57481823365,613.429326587571,66.9355779034094,1.17821963656937,-1.26701571001809,0.371497208253204
"Line_2820",3114.0244268175,546.210505248424,65.4486377680122,1.11829984896738,0.147861316094047,0.365308386380811
"Line_2831",3727.0379475472,597.45204271372,65.3516206048284,1.16427933693771,-0.894527419373866,0.37045718197232
"Line_2832",5637.03390408138,612.284609888893,77.6890578114121,1.17729929105879,0.214400592880471,0.371543102518978
"Line_284",3809.53540766197,603.132600533449,68.3707428813673,1.17019342778557,0.903381123794986,0.371153996525913
"Line_2853",4557.3327885086,588.610040793999,69.0237336588335,1.15660831470364,1.25509856976346,0.369529122013709
"Line_286",5167.61610354376,603.203419147478,73.8276945865199,1.16842859381249,-0.845333787764613,0.370303560569216
"Line_2865",3863.50030185002,608.517466301857,68.1868605708015,1.1729571489825,0.0443739949743782,0.37069172016211
"Line_2873",4308.68929360988,579.437998998016,66.2406370212914,1.14386698945098,1.15328994284861,0.367459093999781
"Line_288",3640.83357875515,616.43443021803,64.8413478533025,1.18140419799891,-1.20545329771022,0.372191388214756
"Line_2898",4789.66166868672,587.543382664137,68.51379366313,1.15497867434285,1.39363466702602,0.368835245503914
"Line_2905",3969.3337375898,617.134117198835,73.833118502066,1.18295223543234,-0.808908245157594,0.37261617635624
"Line_2912",5164.1779283986,623.139934639188,72.5134369175546,1.18896378094312,1.0027480130496,0.373267294432065
"Line_2915",5050.85541553842,609.305261882831,72.042360768356,1.17547508605993,-1.0714467115634,0.371711735079645
"Line_2932",4775.10560399209,603.432942194131,69.9317636985654,1.17129619449938,-0.452856392035374,0.371311565776539
"Line_296",4851.66734570532,595.205534968341,68.5033735710077,1.16244233045664,0.118992378251443,0.370197675310403
"Line_2967",4280.55078605108,615.227369136181,68.985876951042,1.18015435083294,-0.187675371570136,0.372139337918305
"Line_2976",4653.7840065166,601.21692888557,71.3337821455068,1.16664787519183,0.275823699723617,0.370407123704281
"Line_2977",4436.15699317987,588.899459880808,69.1081834658244,1.15287247032521,0.088396608759728,0.367919137112884
"Line_2982",5269.1688738817,581.727521478702,71.2102568931071,1.14970216992004,-1.34704566203834,0.368818824174724
"Line_2989",4602.62230655677,591.821481352555,67.3493465329743,1.16142743930148,-1.03123934285161,0.371735946105558
"Line_2992",4338.04446152487,575.617846427291,66.204604312566,1.14680538207396,0.306332666612432,0.368424735064729
"Line_2996",5289.0664783668,594.254659383493,72.4023692886109,1.15797572505909,0.131523571044026,0.368941280213785
"Line_3015",4728.29935723528,603.258608575747,72.3052599961923,1.16816143882918,0.421079731966192,0.370287372000353
"Line_3018",4119.96865605131,594.701420390436,67.0740533052523,1.16126721714271,0.760622947360631,0.369828760549672
"Line_303",4986.51595266183,595.920819903258,68.4095539367153,1.16316116376839,-1.32534732620721,0.369778333843558
"Line_3054",4697.50779665196,601.621631313994,71.5189790559031,1.16547797955587,0.694330008501204,0.36973509122366
"Line_3062",5178.75528207093,568.364499314985,72.2694723319643,1.13610603933527,-0.207263888198046,0.367181796639412
"Line_3065",5071.19778103834,585.478784195286,73.6914746961876,1.15334508681753,1.20619556682638,0.369185619454944
"Line_3073",6031.62817589409,613.886069103301,73.1390996601946,1.17804510389638,-0.110090406088245,0.371300618462094
"Line_3074",4378.01518546636,601.497623673305,67.3193319669866,1.16791873347697,-1.39909158311763,0.370494525970687
"Line_3083",3458.46972300396,617.507938275037,66.1198508510095,1.18343323565697,-1.52239060405411,0.372738165361263
"Line_309",4338.28807213247,576.443659975526,67.0997267612824,1.14549488431172,0.148968224652881,0.368124036237491
"Line_3091",3957.24859621833,568.285737373712,67.8329759643832,1.13857019900503,0.378092848567773,0.367602531179055
"Line_3095",5525.98673478359,600.75682822748,70.8697454052851,1.16773925319529,0.840261862595152,0.370686968637727
"Line_3114",5169.36968789045,583.006913549944,69.8776009749018,1.15052151351984,-1.09231438805427,0.368765341227973
"Line_3124",4626.10740410959,556.06046912178,67.9350236153652,1.1295043401537,0.0573439254969351,0.367267924324305
"Line_3143",3758.9499326459,607.15443150275,70.4399252564903,1.17323634160665,0.858224849467236,0.37143520270798
"Line_3146",4291.44140820164,607.158781591691,71.6761832272012,1.17133192890285,1.20916957757116,0.370494866818524
"Line_3153",5793.63037098057,545.552336762506,76.7434912449124,1.11865162659816,-1.07703602728394,0.365563708137308
"Line_3154",4776.32072156218,567.330948546508,68.565577372396,1.1385282062302,0.0225258169438036,0.367707754214298
"Line_3163",3967.53862790593,598.485825823325,64.6665232641922,1.1623113566378,1.43181432571435,0.369198507805263
"Line_3173",4992.05894185025,594.676076231338,68.7861391112979,1.16283123533778,0.0539510729737632,0.370507846883883
"Line_3178",4488.84562192059,602.490785539762,67.2496456743291,1.16776622539402,1.13317951331181,0.370589615175747
"Line_3185",4942.91716954017,555.065915549412,66.7630417266367,1.12731677917259,0.16494863003838,0.366350655327999
"Line_3194",4322.79814850902,588.111239930312,69.8999970664677,1.15509204686769,-0.19203158834468,0.369116905849101
"Line_3197",4448.89143811511,581.54493253715,71.4466616527344,1.14961072657271,-2.20769561063427,0.368904966533734
"Line_3199",4062.42068497889,615.352379516407,64.188220525559,1.17939831230686,0.170216323000546,0.371600298111382
"Line_320",5169.55942609123,606.197433325572,69.7543596801993,1.1734108305305,-0.1215162146871,0.371688912208592
"Line_3201",5718.11116311045,604.738778211768,73.0940202432704,1.17320125515238,-0.272591059219492,0.371852195530836
"Line_3202",5595.25813865701,608.498283513311,73.8087519294212,1.1743985741527,-2.08198808942703,0.3712359344813
"Line_3207",4300.18750915586,607.55612240037,63.5439608807705,1.1724749482291,-2.19126338419471,0.371099262256171
"Line_3212",2880.96447932487,606.761329981171,64.0727080853448,1.17302421251355,-0.0485690255460759,0.371243733660108
"Line_3214",4846.8598160898,574.916049745314,69.9936283925965,1.14610909834982,1.39604786378897,0.368777830636421
"Line_322",4862.96953828444,548.906362952149,69.6423876713952,1.12254185194715,1.29643379623111,0.366020726465262
"Line_3222",4422.37123275758,585.94843835153,68.8102449220399,1.15350274354022,-0.00211539609147793,0.369305852254606
"Line_3229",5201.82228395266,578.745464449529,79.5845454926153,1.14975320149662,0.0944612193009748,0.370005389901247
"Line_3256",3978.31009090166,606.037292208947,64.8878241006156,1.17331431727899,-2.18988359407161,0.371614336002654
"Line_3257",4878.92059473249,579.372499840873,73.4273739660409,1.14807867461975,0.827116445827703,0.36851106654469
"Line_3260",5283.70210669068,599.187686593191,73.5480801032156,1.16235819717964,0.72381306070238,0.369137665151408
"Line_3269",5117.46287848557,611.078680994916,69.0732274382984,1.17641364436868,-0.921313056217547,0.371341781744161
"Line_3277",4147.1659189613,604.502239277968,70.5575782585679,1.17012498872673,0.143301142532493,0.371149536703024
"Line_3307",4022.55177103389,579.424613098252,72.2889144904903,1.14493625744634,0.199311873609546,0.367288131522372
"Line_3311",4785.2627147726,601.000088692113,67.4054023837586,1.16605567057133,-0.778493259928552,0.370408250135768
"Line_3315",4895.23794098958,603.089014842986,68.8187124141604,1.16866662189026,-1.06362508040766,0.370532967295245
"Line_3329",5018.23139652615,599.149152743862,68.2566685611118,1.16366392296782,0.250153632634072,0.369413032598711
"Line_3345",4954.88080099477,596.440788053723,69.2794740944524,1.16269360584454,0.142020052700246,0.369548241029162
"Line_3349",4346.41770432387,615.27682281698,68.5402427802059,1.17991173173814,1.02774706588827,0.371847911683475
"Line_3355",5417.38874123728,596.615268631563,75.5522697550322,1.16399437602809,-0.0536746633847671,0.370484054726285
"Line_3364",5057.0688466027,602.329228859772,70.8993520361761,1.1695746921419,0.943133106322122,0.371059951929816
"Line_3367",5265.23058319188,617.690716494757,70.9483772285557,1.18231684093533,0.405006316293343,0.372258123124293
"Line_338",5572.71370230004,610.666744332686,70.8441711960765,1.17584996203531,1.41306088768118,0.371375080961063
"Line_3391",4606.7162469474,578.038460662377,68.6811852024526,1.14849205246298,-1.14385134860887,0.368906738951369
"Line_3403",5506.57727386932,596.635586543993,77.5453335116843,1.16108197897644,-0.0858172790177864,0.369938852313705
"Line_3427",4572.41906573725,576.674588479722,65.9170056896807,1.14876034215752,-0.475330729586932,0.369190776856425
"Line_3432",4531.05397316128,583.49706785931,69.4375543962705,1.15323521953348,-0.684337182873489,0.369432989755655
"Line_344",3799.54036318526,583.404745228987,68.1705730129374,1.15198852091281,-0.21758033333047,0.368745050859733
"Line_3449",4781.00790108286,582.154504802011,66.6329002587677,1.15309950600326,0.126278791385871,0.369364895554546
"Line_3451",4332.82351305632,596.852263657871,66.4741542119666,1.16331696272942,-1.03519531487417,0.370120436954176
"Line_3454",4115.80403289672,604.265685624595,67.3008697996079,1.16896768604052,0.198037711373917,0.370592055500728
"Line_3456",5792.25445590565,598.972609404309,73.1732720728802,1.16333895309238,-0.115389513171641,0.369498901598756
"Line_3459",4438.64532368376,598.541280491485,72.7803845023995,1.16614766215063,-1.20612743512631,0.370685834520344
"Line_3468",4147.90065011287,612.558780646347,71.6355121253064,1.17886317331182,-1.64506501632498,0.371911192781144
"Line_3475",4476.77415408669,588.556272926302,66.7068340468624,1.15759877808871,-0.246737956380839,0.369897676134281
"Line_3489",4400.06714556996,614.211785663161,69.110847510574,1.18044143816514,0.906001150291485,0.372219244476465
"Line_3506",4322.25092060464,605.458780912155,72.0279243573311,1.16976525088366,0.240639942112281,0.370728049558426
"Line_3515",5704.7307676825,567.549540880404,67.5689706023179,1.14039465415812,-0.015822666986046,0.368243068927741
"Line_3518",3942.53594748314,597.491395814401,70.2156812464282,1.16251097370505,-1.42273186969511,0.369973323887581
"Line_3522",4297.71273899061,596.270928294352,68.2842589851311,1.15934836905544,-0.336059186898403,0.368817177122122
"Line_3530",4053.50076538005,620.189923216788,66.4686975053205,1.18702834839224,-0.588339359126937,0.373475266693711
"Line_3531",4527.28125935151,565.990714903189,66.8518622753289,1.13765016191718,-0.522720901063002,0.36766884617497
"Line_354",5397.84548131802,588.750535965882,70.8359059652637,1.15604629385516,-0.771520694322275,0.369365255465308
"Line_3555",3714.16146505507,582.934195756809,67.2833086183802,1.15236812351559,1.20706543653987,0.369310192972064
"Line_3557",4583.378700339,597.174751628236,69.1307514614881,1.16467407190989,-1.13658420245025,0.370439226952406
"Line_3568",4712.05952010262,601.045411008487,70.4044404634868,1.16619142833306,-1.3669226882945,0.370310939747032
"Line_358",5576.30671906699,588.372770478953,72.7105661031124,1.15822273927941,-1.31697982921759,0.370013330496159
"Line_3599",5210.30968533934,606.049271700691,70.0912644542086,1.1702087604821,0.0158924028275691,0.370308611984166
"Line_360",5697.49423595686,612.004634160189,73.6061524101311,1.17647506449972,-0.0431650701637609,0.371585773239457
"Line_3600",4335.5727013322,592.202517443319,70.0248941311285,1.15870805319905,-0.0351798305950707,0.369389352170704
"Line_3608",4672.28584557065,601.794689132223,73.1328905333497,1.16483694809799,1.07590584298939,0.370260181294507
"Line_3612",4024.81225418513,591.618189701859,67.8938275907282,1.15953143808479,-0.234281407261864,0.370066294072048
"Line_3629",5249.11717962183,578.829431983752,71.1614515956074,1.14937982289223,-1.03875714064206,0.369344953285624
"Line_3640",4791.41177076473,605.79427355321,68.5307930638101,1.17262389597699,-0.0959947909440676,0.371426632725858
"Line_3647",5391.13719834882,612.717925998014,72.8016799029548,1.17811104412105,-0.026293276301495,0.371736449968125
"Line_3653",4744.26374056534,594.95205996388,74.1726472540248,1.1627312301393,0.220155323825639,0.370069447129821
"Line_3655",4560.79345578672,612.06131072126,65.4447975519185,1.17729469958082,1.56994779137617,0.371412226163868
"Line_3680",4796.58738831012,596.489929216841,70.2466891185198,1.16068203219914,2.28628808146249,0.369354589323225
"Line_3685",4122.39936701002,599.585676856907,70.0622918383163,1.16671001555432,0.00992712031648924,0.370753251656149
"Line_3709",3879.39103203428,586.217585542158,68.8617435926329,1.14951604185551,1.17206270649541,0.36797426822878
"Line_371",4862.15840141573,583.184441406371,68.6844283993803,1.1494693203859,0.180723374603277,0.368170195796893
"Line_3713",5134.66206512914,592.221066552388,67.2073357085916,1.1613768182931,-0.420396503199574,0.370194988547408
"Line_3719",5004.14314371315,569.64952444394,68.5163280187361,1.14260878034254,2.5935322180218,0.370000337494581
"Line_3723",4903.52470789866,599.969781270452,71.0159077462846,1.16510536735294,0.14798680706396,0.370209557823009
"Line_3729",3780.08313354313,574.008103272077,63.700356141791,1.1402595428282,-0.115220383705715,0.367023785162192
"Line_3730",4126.85195180801,585.347937153664,67.6148122873689,1.15351178465225,-0.0317205638090877,0.369582306361388
"Line_3735",2876.62644838941,600.148589148174,69.912962733759,1.1668046159937,-0.339487640850107,0.370314265280205
"Line_374",4430.31323063969,571.582223161334,68.6250430273551,1.14100946487811,1.07093558318115,0.367812008733337
"Line_3749",4434.06476446142,618.275841686323,71.310029966703,1.18294185232202,0.142480234469999,0.372228218146183
"Line_3752",5922.02682336055,600.128307658441,73.0970945227699,1.16466171638225,-0.317872166511071,0.369561232366704
"Line_3758",5027.93186584921,606.07545936605,69.5764840370917,1.17399202150104,0.191331342657421,0.371831710040886
"Line_3761",5115.69672558018,611.013473245874,69.3026722271004,1.1761411404949,0.435466558562885,0.371462086775446
"Line_3779",5390.18180024291,604.831329620395,72.2456413090828,1.16851946226641,1.72915511008411,0.370227464857808
"Line_3791",4712.54682362059,620.399778120287,68.5544751781158,1.18681300581904,-1.14724013375462,0.373339103561437
"Line_3810",5002.18443934573,612.507649309235,75.072683845009,1.17751423996951,0.0114885989485357,0.371734041002036
"Line_3823",3540.41803586959,578.751761998163,63.9940350088458,1.14401857947487,1.08240992554072,0.367391351333982
"Line_3824",3554.58636399056,608.231288735426,68.5106216567669,1.17198428841264,-1.38036920197417,0.370703422692661
"Line_383",4558.3345454518,609.088470613184,71.9471599141414,1.17561677423061,0.415132015682464,0.371673646971482
"Line_3831",3791.5268784584,623.756026752649,69.7415732903073,1.18841750699723,-0.261879969012075,0.372799024975012
"Line_3858",4215.1654278307,572.413266312271,71.2514755300259,1.14441917672347,0.11635139021616,0.369195254426758
"Line_386",4877.78817109508,612.769634012296,72.7192141873935,1.17750025633145,0.0770603092051588,0.371447001042773
"Line_3862",5438.74683257708,593.519064506961,72.0023364181868,1.15592583883021,-0.913955013204161,0.368143395653908
"Line_3875",4497.69531163376,595.249880715319,69.7823762175155,1.16281372897396,-0.192130085498861,0.370187312476665
"Line_3876",5189.45333800809,594.31621427823,71.2675137834885,1.16247569943184,0.656703476874965,0.370146498868051
"Line_3887",5276.45018436051,608.449813908275,71.3080432379885,1.17339958008273,-1.21275791475399,0.371083535081395
"Line_3899",4425.43999969232,617.728959587151,67.6375957819761,1.18241324420185,-1.28970399279013,0.372076821471927
"Line_390",3963.17945111536,548.61937119871,67.299830131729,1.12392778689817,1.18736951075671,0.367121348741058
"Line_3906",4545.47139957087,458.068376649698,69.7387828923689,1.03738650450715,0.242200202050621,0.259351148455781
"Line_3918",5119.09699638171,586.882760373615,76.4289434433387,1.15392396455937,1.82493219395245,0.370384957837286
"Line_392",4923.46289297404,531.351501829349,69.5911384205312,1.10680898468056,-0.889293678880033,0.364805049481747
"Line_3941",4963.10201009727,580.225070419944,69.9712854764491,1.14949874904911,-0.487308085337218,0.368966296921034
"Line_3942",5551.99865834384,602.043730257436,76.1555605906245,1.16801911558195,-0.275017128527134,0.3703899814841
"Line_3955",4713.09260456765,607.959595363075,68.4709435538155,1.17353461788754,1.16287773333526,0.371345481607864
"Line_3963",5119.84856444123,600.570739759693,74.0837732993178,1.16500441640055,1.63672416271968,0.369962927556348
"Line_3970",3954.90599405107,595.490053061322,63.2612360735473,1.16013280678567,0.330133919995229,0.369191835724433
"Line_3974",4771.98908860739,577.812810638575,69.9429028026584,1.14751354548641,-1.10037080308907,0.36854162380559
"Line_3982",3766.58740188629,618.110305882962,67.2008435030837,1.18324127191777,0.941835790850377,0.372326708102232
"Line_3989",4644.88303399481,590.759213303943,68.7763897289044,1.15707038797705,-0.169992433812045,0.369240579801963
"Line_3994",4588.46595681909,603.444655939861,71.5741614265723,1.16743041362562,0.759369564090118,0.370210439916244
"Line_4002",4910.68679886142,593.890719539676,72.0709560424499,1.16234487876634,1.34694272984484,0.37044685069258
"Line_4005",4427.35334802504,535.986730510763,69.9494018163256,1.11229237496441,-0.866996434880388,0.365020674123683
"Line_4006",3899.70581437329,601.124153334619,74.4357469298114,1.16739605010532,-0.374959833423597,0.370559488433582
"Line_4007",4143.69216320194,607.835946734752,68.8502600650504,1.17070451232249,-0.00949563417958521,0.369913602651306
"Line_4010",4601.05565084904,608.777508294697,68.4250180295794,1.1744356051462,1.12182586184831,0.371302857921174
"Line_4024",4273.0868348588,606.990434562696,67.0630929842219,1.17177539124318,0.0742189334061855,0.372179815720757
"Line_4029",4866.29256444726,591.125387560009,70.3141581156419,1.15382124188564,-0.661563182136013,0.367693178406372
"Line_4047",3603.9248103924,600.032938371005,65.5551349643016,1.16401989955025,0.134914548990379,0.370046034222196
"Line_405",4968.64305072965,592.526138108747,68.9327781424506,1.15975175225558,-0.124397436394044,0.369684983766678
"Line_4061",5099.0149269458,591.306394677516,69.7789490531225,1.15756874436977,0.215606415845509,0.368802457278874
"Line_4069",3393.82991641281,579.52068231063,64.3753941866859,1.14865484809994,0.898319987234402,0.368770062738959
"Line_4072",3918.49531647289,570.244751062239,68.2248272270701,1.13769052781378,-1.15378168740215,0.366963893021833
"Line_4082",4676.22705803951,580.871528561945,67.4294637650376,1.14992209601513,-0.193257981021975,0.368764825637008
"Line_4083",5514.23762624098,600.310039757985,70.9310292939109,1.16419515891854,-0.794949134563809,0.369606385109823
"Line_4093",4342.9946479836,607.765521673805,65.5681596366496,1.17366764350811,-1.2909174744905,0.371496946297767
"Line_410",4169.84468116478,568.004162738032,64.6510312311733,1.13999274337145,0.188057495225367,0.368029959947189
"Line_4124",3960.73517043213,600.884308473691,70.6067057798851,1.16506602664625,0.948236509100246,0.369870439126117
"Line_4138",5086.63701104886,595.867865673649,70.0517834893348,1.16232897003521,0.221533971784601,0.370095075925257
"Line_4139",4239.36788517092,607.490296636662,68.7751931562736,1.17217283283969,-1.47391508408801,0.37076473661595
"Line_4141",4084.16371430708,584.942627076867,67.2997422763376,1.15407098225502,1.07033405227826,0.369265360746339
"Line_4159",5913.35882840198,608.8253576461,74.7583249015193,1.17311785488085,-0.90094547788935,0.370818673469028
"Line_4165",5822.4829849268,612.933835519411,71.9181237277938,1.17857271530313,-1.33738718335917,0.371779670269929
"Line_4169",4756.83277766349,596.21213146526,72.7518450316246,1.16389482678999,0.284948393901467,0.370585571283217
"Line_4183",4357.67508827386,608.786543129822,71.5553879147132,1.17367205035898,-0.0525311451353119,0.370992492079788
"Line_4190",4304.93381259254,591.087078385901,72.448494759436,1.15947314417357,1.33519262197301,0.369740415193988
"Line_4197",3953.74585512804,602.977280411028,65.5865817626666,1.16827837435063,0.222127063786706,0.370590157158875
"Line_42",3757.24425462611,572.909241226946,65.9462493794161,1.13929379785828,-0.990417635224539,0.366820842413578
"Line_4216",4263.47297323813,594.934574697502,72.1047285390527,1.16204132822958,1.31792926681755,0.369811654284105
"Line_4217",4968.82396231363,599.366442709791,73.9126906082522,1.16915243297778,0.627374794398108,0.371633308889559
"Line_422",4755.61450968265,584.528090549243,70.0621083856992,1.15075951717556,1.22469931714647,0.368300217460845
"Line_4222",5183.63389462405,311.182292829887,71.4854682449572,0.869466330081015,-0.51090143243799,0.206147432095116
"Line_4228",4627.17754856385,613.394495407964,73.13820826691,1.1794198286309,1.32053623443693,0.372282979513972
"Line_4232",5695.74420532541,566.183449258629,71.2437158713717,1.13779316084709,0.0536386633020084,0.367751733804189
"Line_4259",4790.52658388349,603.992157527998,68.9339636266883,1.16760138221185,0.998078333374037,0.36973080333663
"Line_4261",4784.8528208437,573.752505282191,69.7700954579955,1.14581151222765,0.0826537694866779,0.369132048754092
"Line_4274",5248.00282946313,580.098657423186,78.3794161427169,1.14863929697609,1.85288734698744,0.368473592358817
"Line_4279",5811.83618323341,598.620687418219,70.675730657298,1.16339292124237,-0.954987259607011,0.369754057812579
"Line_4295",4376.37244364711,619.274977545584,70.7422436116847,1.1858631873377,-0.174874816519793,0.37320500764915
"Line_4304",3751.82147146231,600.401908188128,68.0393006261348,1.1665670110685,1.17817080690905,0.370142793081787
"Line_4309",4420.51500394733,604.605224684332,68.6553124116413,1.16839924928062,1.19225416870562,0.37026989939362
"Line_4321",5615.17280582454,592.877492038344,62.2346663508028,1.16132227595522,1.15176820362035,0.370215765912524
"Line_4327",4566.4730031361,610.167973133127,72.3109167669087,1.17605404790161,0.0506593717788675,0.372188099697111
"Line_4328",4079.76343244516,615.888131352096,67.1438357495407,1.18047800768044,0.340620905015078,0.371742890115178
"Line_4342",5637.04529060387,600.826277972734,68.21766110775,1.16734620775116,-1.50702154704288,0.370751798680736
"Line_4344",4537.58127209071,574.893974324906,69.4297577685865,1.14263839543288,0.202072048797411,0.367973037996963
"Line_4367",4271.30932530731,607.57387406643,67.1314825623396,1.17290883393063,0.878405668734178,0.370902379564904
"Line_4376",4394.12725426951,614.851001633272,70.6368063121887,1.17934970125476,2.05171105586193,0.371736532442567
"Line_4383",4019.612868879,611.76726700369,71.7960243937903,1.17704755983685,-0.263685851305598,0.371579947757103
"Line_4394",5497.19421640899,610.4444811271,74.5375536279833,1.174765302678,-1.13828655783323,0.371122166787597
"Line_4395",5246.92286667396,616.875836906031,74.8751333085827,1.18226036244164,0.78408168959537,0.372550260595281
"Line_4405",4964.68281023873,461.569859209132,69.09282673619,1.04511077523859,-1.01883108977377,0.245041384674011
"Line_4409",4644.36202442732,613.377290722897,69.3892606604779,1.17802519272282,0.0134137362740788,0.37151731398231
"Line_4413",4616.80924984908,593.825076313684,71.8702647617711,1.16165462127613,0.959106726253865,0.370301932067919
"Line_4422",3919.04624071534,614.476837037147,70.5485906691585,1.17909047374986,-0.139485283786266,0.371494968272568
"Line_4426",3764.4853462745,599.90261779278,67.1228345584606,1.16452534702145,1.22895993933251,0.369944724492675
"Line_4435",5255.56881434168,606.73647399259,71.909751247778,1.17252745304783,0.760528157992191,0.371270772557481
"Line_4451",4586.96107660288,599.908496811926,68.2453334463828,1.1659342731321,-0.887289041639953,0.370459456279186
"Line_4459",3047.28671601702,564.080091755362,65.9721806505399,1.1322777441765,0.913806329869522,0.366743711426945
"Line_4464",5021.18550354218,617.778146285886,75.0206586107464,1.18227554836776,-0.0365081281246636,0.372670589303615
"Line_4466",5483.28519396364,566.770911994521,76.391757505549,1.1390722761281,2.02856408450016,0.36852814969405
"Line_4509",4734.65827020108,601.372883200516,69.1829108951957,1.16755528344215,-1.03713931871956,0.370610770130329
"Line_4514",4368.62753604998,613.117679134851,73.0429108852688,1.17662552119536,0.784026719025102,0.371113252923009
"Line_4515",4279.44234693417,580.928443710742,70.9411205944214,1.14993626777768,-0.127824126732579,0.368845739265197
"Line_4520",4561.09222720623,612.855334040347,70.8149031076364,1.17826010753122,0.673754741342468,0.372038782295763
"Line_4524",4880.59943126793,577.407379130323,71.0558632881305,1.14716697338976,0.278111772204041,0.368883563615239
"Line_4541",3850.50313203566,586.407363860287,67.7006952606083,1.15463298621426,1.37081569899677,0.369127617287719
"Line_4549",5020.11745090508,612.369745694983,69.4495894894409,1.17753768032169,1.15904519232776,0.371351886182922
"Line_456",4342.65693229213,540.034970048813,61.7809707433819,1.11449949283289,1.0467997843362,0.365448501172877
"Line_4611",3910.97344657566,590.420937076187,66.5700713546591,1.15757867658909,0.0814900423155757,0.369605188509726
"Line_4621",3963.02899880573,598.271474170696,63.4289462908207,1.16570843618745,1.39634639129559,0.37056911382335
"Line_4624",4498.26356681966,596.181544948199,68.0452931093628,1.16425840759985,1.10116169360115,0.370484411520668
"Line_4630",3487.3066758965,592.962457608019,63.867655500048,1.16093363636425,1.19930134441776,0.370212726113096
"Line_4638",4378.45144763073,597.546716853659,70.8219774340052,1.1628367593805,0.206080436891852,0.369444424186961
"Line_4639",4733.93338253528,584.547065662543,74.7383210558237,1.15336923527516,0.832407527093127,0.369427509246629
"Line_464",4248.30782059804,609.657838953347,62.1794449611653,1.17491935702252,0.200037102786094,0.371015923432215
"Line_4656",5286.03648983384,600.354152365106,71.5069096838355,1.16807253091396,0.0591578356107163,0.371136575897403
"Line_4659",4260.2593017251,569.640392389985,69.1462508844403,1.13777868836653,0.346794885464334,0.367078183486235
"Line_4663",4838.49411873687,608.552439549536,70.4276052398611,1.17386018709909,-0.217773154432768,0.371240979467511
"Line_4666",4349.88035170847,606.102749310256,71.6766001448543,1.17119192269589,-1.04271784433884,0.370939843668239
"Line_4671",4286.16206554533,606.212179225944,73.2336662520096,1.17195430402536,-1.4007735413709,0.371304409647292
"Line_4675",4436.71973172387,603.645518443467,74.1476405223791,1.16932863955943,-0.311788125768475,0.370788633304645
"Line_4693",4322.70597293768,612.016716903596,64.7582996897341,1.17715600784898,-0.315421693487669,0.371586981048579
"Line_4697",4526.3861933765,603.256767533591,69.2894154270872,1.17000914067701,-0.273975401408775,0.37090187979928
"Line_4699",5137.11008459734,559.709821490592,73.2405306467969,1.13315437775788,1.10020367197843,0.367291852862425
"Line_4769",4525.22577090685,455.293305215614,73.7279543582417,1.03933490928637,1.20618647521004,0.2455483724849
"Line_478",4665.02088869436,604.179051320438,69.1575969248842,1.16815684719484,2.07335341404,0.370249290238983
"Line_4785",4793.21587625995,567.234325476829,70.0320527777674,1.14042971434391,0.885648179562078,0.368193430567868
"Line_4790",4350.36750356903,589.024898091553,67.2314419787984,1.156944307215,1.20795266109289,0.369755760183601
"Line_4794",5248.68871086517,590.150403014856,71.869486976434,1.15786854753443,0.180728320202788,0.369764561511064
"Line_4798",3369.44789020509,601.099267956569,61.1065042030379,1.16613513426852,-0.142577051553492,0.370252460468371
"Line_4826",4187.85514525626,605.760163044299,66.8454669255147,1.17157195648368,-0.0142787484506639,0.370888424719994
"Line_4828",3532.24629213748,604.596337269219,63.6355021526438,1.17127862019423,-0.0133748021824835,0.370972633335607
"Line_4835",4895.4573471757,597.629003764155,73.6962921377409,1.16334771530129,1.95959484034403,0.369855542646672
"Line_485",4711.77041300619,590.622494050217,70.2300564922621,1.15880708295556,-0.181391551087137,0.369634853713278
"Line_4874",4395.8935286476,586.956488890232,67.0176227371175,1.15769139899392,-0.216008873696419,0.369923699714531
"Line_4875",3779.25086377007,621.354744079349,64.009264787931,1.18617483680936,-0.160636020981806,0.37269645614179
"Line_4890",5261.16998723386,620.983374402312,66.7519292195787,1.18583236704991,-0.910993005978838,0.372666828697308
"Line_490",5031.24156509795,617.221221733395,77.9333630009833,1.18172249787704,-0.868817955656765,0.372104861431822
"Line_4911",4646.21005639924,571.653935491832,69.0410304641172,1.14389731717087,0.0292421293048264,0.368958494007848
"Line_4931",3967.85826900232,592.043423556159,68.7552991815896,1.15996440440693,-1.3823831059432,0.370182168184101
"Line_4934",4796.70336935085,616.415790615401,67.7235411142263,1.18255500587325,-1.44643190958884,0.372542652749484
"Line_4935",5563.71372454482,599.017678568161,71.9965540426617,1.16429415907105,-1.38014524154533,0.369987035834601
"Line_494",3841.67643569952,559.489252985049,70.1515811503275,1.13245964910799,-1.1509337404024,0.367237493998413
"Line_4962",5769.32888533686,607.503104599583,69.8377888173126,1.17256551818351,-0.366544568123657,0.370573995880671
"Line_4964",5198.60308573393,587.528179317462,72.0549032120193,1.15322403537485,-0.10241018882143,0.368509041048452
"Line_4971",5156.66637546397,617.052671911452,73.6672334431568,1.18252960636019,1.96553937481308,0.372349077835193
"Line_4978",3724.02742129615,621.926017487894,65.4506320734069,1.1873209093825,-0.8843211224439,0.373040405036859
"Line_4999",5234.96516549778,611.359399888597,76.439369399755,1.17733630524145,1.01993428184026,0.372015568768767
"Line_500",4757.468639337,604.16789374396,68.7110026280518,1.17034478823699,0.118756391956188,0.370885654544399
"Line_5022",5584.66799716413,608.16462354367,73.5110408976952,1.17325457092854,0.238052880100626,0.371037394094764
"Line_503",4247.85587268052,574.364998134612,64.0543116010062,1.14506569077979,0.207436151306787,0.368620524071126
"Line_5033",4292.04882415038,562.597078328391,61.6708543007956,1.13159991726659,-0.818127704743939,0.366615597503253
"Line_5073",4842.14422725319,603.066830172953,65.8833357222933,1.16827680162228,-0.210542484222785,0.370619964935665
"Line_5075",4553.43300496474,599.932387829315,69.1911071985921,1.16626406827064,-0.287529350429849,0.370395706968432
"Line_5082",6057.0460183513,605.340780885303,75.3021590297374,1.17063934239957,-1.36759625138056,0.370940535810559
"Line_5083",4265.26214166631,593.599904184623,69.2329431985559,1.15752314600702,-0.920811293227615,0.368731483204453
"Line_5084",4466.9793646552,577.67409626601,69.3147449156658,1.14483839537976,0.191686617105405,0.367854564742809
"Line_5089",4240.44309140006,602.165750934491,67.6224995835968,1.1656346968599,-2.61543535157009,0.369756237585109
"Line_5099",3823.3855852776,563.994192749422,63.3604313457549,1.13312242425805,0.145221994008383,0.366983750626765
"Line_510",5978.04827606658,598.078070599488,73.551557087217,1.16581703915879,0.0496263566878842,0.370867171480615
"Line_5131",3631.02300976815,581.203196524186,64.1166388822784,1.14686555997807,0.0805471151857418,0.368246621850432
"Line_5154",4548.1314727256,603.187929774031,72.9298667038071,1.1704829339038,1.4034440272461,0.37115007459725
"Line_5160",4598.82055946168,609.819514798763,70.7884244558172,1.17428620860132,0.0563585782120876,0.370914962498095
"Line_5165",4320.8662895216,588.06008033334,68.9241760736899,1.1566578421876,-0.0199550289584042,0.369412739829119
"Line_5167",4931.41206343649,594.84208077647,72.6749724726453,1.16196405998697,0.103965792125597,0.369925803681727
"Line_5172",4037.89838921334,567.294843989951,67.3270108228722,1.13675782171449,0.143839263482855,0.367213312653098
"Line_5174",6169.24108633742,585.212559731376,68.8829678323668,1.15118752458034,-0.0543607351602815,0.368322733445455
"Line_5175",5022.20100720673,604.89308062184,69.4809435744794,1.17174932786988,1.1892665312496,0.371419696793492
"Line_5183",3916.01789562882,607.146024551936,66.4898242554435,1.1721678285704,1.1612022906371,0.370857499406132
"Line_5185",5082.23295074297,617.109198187322,66.7425700249569,1.18184734866807,0.347515959084983,0.37206215590339
"Line_5197",4937.59721425452,616.128254052803,73.0049716150139,1.18288128422907,-1.1503643978993,0.372786372993925
"Line_5200",4676.43859393488,586.493586259162,71.5838574604301,1.15630277500816,-0.0816203197019789,0.369875045483684
"Line_5208",5337.89794544462,573.599380046738,73.2498008673673,1.14123606032221,0.955860502531312,0.367739929064713
"Line_5215",4037.58683261932,612.192929793269,74.5242785167664,1.17568361645636,0.561876063429379,0.371113314989508
"Line_522",4439.64858071405,610.878176083327,70.6504627110922,1.17640756419247,-1.28625578886776,0.371606138036907
"Line_5222",3259.70519069221,596.875484670728,63.8405555511811,1.16321402467107,0.195029141067306,0.370279895124856
"Line_5271",3540.80494803215,620.525087457533,66.7928913339779,1.1854524152056,1.23770123810294,0.372714999971984
"Line_5276",3831.61410007335,614.634651524771,62.6036834848483,1.17912428846547,1.26048780748934,0.371843345428914
"Line_5277",3969.71483183336,613.906331196105,69.6181987372934,1.17909508654323,-0.120296222285695,0.371811878323098
"Line_5278",3759.42255279787,618.471022603641,68.7536115647773,1.18301443000945,0.284356420470813,0.372147889932243
"Line_528",4388.73652435353,614.413538195478,71.1829167743657,1.1805633977987,0.999647464862944,0.372178367087162
"Line_5281",3871.39527889627,1416.16715170798,65.271371618756,2.64379642342523,0.423004519126861,1.06320469107803
"Line_5290",5644.30023482596,537.569301133791,71.1674318678661,1.11066048195517,-0.850719200618875,0.364523077303004
"Line_5295",5307.05869358332,591.299984641656,73.124226076332,1.15952565623592,0.114206007350609,0.369820663186012
"Line_5298",4824.02345386157,622.382540487573,71.6608492084946,1.18769667927351,0.498913445714069,0.372964506337916
"Line_5300",4877.16870999982,595.261418004125,70.3846204081883,1.16176637844545,0.0937745608084051,0.369786623999842
"Line_5301",6391.13063273527,605.227710196743,69.5970216721142,1.17240512933193,-1.46367694255238,0.371597621110854
"Line_5324",4696.15138657156,619.553972637041,70.1730276498416,1.18506219754948,-0.957350409675771,0.372720128247526
"Line_5327",4860.21332668602,598.848798455254,70.243944972708,1.16531472674278,-0.0968774617174865,0.370372707957895
"Line_533",3754.64678202961,595.041548947383,67.9456767844281,1.16146178748358,-1.36842745740682,0.369549098540047
"Line_5333",4690.83206432365,615.69560581945,68.1722743643125,1.18116725594121,1.22302426603564,0.372347729203106
"Line_5334",4807.92910359364,579.632219806864,70.7895189240724,1.15041038942654,-2.25910833851434,0.369980906618491
"Line_5344",4141.95091872342,586.562880574383,71.0858511930225,1.15544554434112,-0.119499762149961,0.369305494561397
"Line_5345",3798.5141584618,598.842021050269,68.8142510714572,1.16490968347167,-0.291650486176763,0.370079257442497
"Line_5351",5250.85956730238,582.277383761908,68.5691256108276,1.15147477997591,-1.09553812490151,0.36890584107082
"Line_5363",5002.06086892392,620.657107665473,73.0899711846272,1.18590631726648,-1.04434416679164,0.3729300867893
"Line_5378",6108.34148985747,608.837364059828,69.1512154867205,1.17325906261332,-0.648409129176534,0.370661608612788
"Line_5383",3977.58024832197,615.360255852171,66.0746884814192,1.18053762030095,2.05010870089537,0.37183002214862
"Line_5388",4253.42651024657,598.969845033281,65.9948498378907,1.16513112930907,-0.303387270980855,0.370261066267689
"Line_5391",4555.90320884347,622.749833368991,71.5007807091659,1.18882673042727,1.55044568854603,0.373422116437641
"Line_5393",3628.36677012767,573.880905692697,67.8156521852543,1.14170425899198,0.265112657988528,0.367127134545461
"Line_5406",5339.02601504446,575.947465592553,73.5308318627509,1.14310171206239,-1.03466521684829,0.36765913911281
"Line_5408",5204.39677299516,563.690935092127,69.6907394722705,1.13539772629077,1.0801819879964,0.369658101035767
"Line_5421",4906.6765770453,562.994422227167,69.4993543176515,1.1334425036839,-1.0015939324645,0.366710590779769
"Line_5425",5012.39791274696,609.832917189115,70.3853022019961,1.17347317097525,1.16614410811093,0.370810254364257
"Line_5435",3279.95504454951,576.029501830682,62.8820754613649,1.14360631520974,0.207852152805176,0.367846016804012
"Line_5439",4928.76691020796,605.079519664876,70.0030004150117,1.17022754228699,-0.230125759544966,0.370411327497586
"Line_5445",4545.3822402403,599.985553737735,67.0308034399656,1.16840541629234,-1.35200604722989,0.371327741299759
"Line_5468",4910.74685448879,613.286605520331,68.5060304992986,1.1793059293515,1.34821536466338,0.372189831297995
"Line_550",4772.00723707984,605.412587325693,72.2824744649854,1.17094835544263,-0.993636236126492,0.370894982466266
"Line_577",3814.03450542613,609.745448075807,64.3946066857559,1.17416700121163,0.140809707748042,0.370845414819801
"Line_593",6046.52874610825,592.562577438101,72.8715721703855,1.15840675701853,-1.37343849456,0.369111993599814
"Line_597",5288.1382014765,599.462592356606,70.8482813904525,1.16795297749206,0.741316227530268,0.370861417784246
"Line_601",4056.67799398977,597.254788100992,67.0741273048751,1.16123792378494,0.233646094495652,0.369224355959048
"Line_609",4586.9686405338,577.372426193784,68.8660050653686,1.14901397761684,-2.29966482820703,0.370024482071391
"Line_611",4862.91798603486,595.727000113511,71.7476723917203,1.16139485998902,-1.44316375180785,0.369664719666167
"Line_62",5066.31332979872,602.675502164965,75.3948071292937,1.16961694781501,1.11182544530726,0.371120393641717
"Line_634",5906.34695608955,590.053245884338,68.7177529577855,1.16016309497996,-0.405005020990364,0.370472218138145
"Line_656",4223.45267730886,617.175126524739,69.987090178211,1.18238023771403,1.80545176912835,0.372323395205387
"Line_666",5129.69785163571,559.364610798553,70.4959744643469,1.13236093453566,-0.960051936800475,0.366993557005312
"Line_669",4762.83730613441,602.004108371005,68.8256434376743,1.16589661575996,0.100891924037721,0.369955197441974
"Line_675",4797.00095005653,591.596702810632,73.2250107256671,1.15908989513793,-0.0947073895162911,0.370107598018289
"Line_677",4708.4203870526,601.163381181792,69.0850436192073,1.16882813034132,-0.77589403739883,0.370936794313538
"Line_689",5423.66698956368,595.000171974409,75.6806974509443,1.16186559530641,-0.162956170183151,0.369797783213871
"Line_699",3184.87313403494,614.182474344873,68.2682748253474,1.17814022801537,0.988791981715323,0.371101602226574
"Line_711",4645.87793611587,615.087153691484,70.5631987019462,1.179763928058,1.26386957608668,0.37178675388533
"Line_720",4260.56240987596,594.479956904387,65.6010283651933,1.16509045853857,0.0399925866517463,0.371058244493873
"Line_753",3966.83847878184,577.457337064407,66.1838224569219,1.1465304653132,0.0449242177342932,0.368193416210882
"Line_758",4378.68394399154,609.919482314686,71.2242087313962,1.17563911273448,-0.179899705982625,0.37164929415057
"Line_764",5081.07415101724,619.753873542718,77.0211878793702,1.18560833426111,-0.0500585797447879,0.373189093609037
"Line_765",4254.05227065017,593.614903517053,72.5330141728598,1.16058744507563,1.6475256601623,0.369767620573147
"Line_787",4626.36361249538,599.38523532611,70.3495378072544,1.16484827149351,0.819362701053054,0.370131294411324
"Line_798",3606.54950825352,600.315499031117,69.3850008350518,1.16786602502773,-0.177937241359778,0.370847009562557
"Line_833",5355.82420186441,580.912746584927,72.0230733768504,1.14887170008126,-0.256959370824044,0.36885768792449
"Line_845",6210.0276797318,566.699519627708,75.2162949171562,1.1384322003639,3.00327159053424,0.369379519354656
"Line_880",4502.59948610051,588.844511172969,73.2080885974765,1.15503384332094,-0.177067003389602,0.368337431628621
"Line_881",4203.44910486049,616.530613584673,67.0978481881289,1.18175827959236,1.02587690876972,0.372413431792859
"Line_886",4763.55222981797,621.030964166764,63.6670176918179,1.1864455432278,-0.568589744526208,0.372571988864202
"Line_908",4469.12223224832,602.648768838018,69.7992203644889,1.16818300565016,1.52187742874566,0.370647917950736
"Line_909",5197.67192198816,577.222908648292,71.6041005594892,1.14699980818987,0.0289448523619844,0.368420858317071
"Line_913",4686.92261309303,600.520886525533,70.0307951782373,1.16838278376859,-1.35579773697611,0.371153724408371
"Line_926",4000.4724378149,598.239140860784,66.3670779783703,1.16402469914036,0.106247308059415,0.370112093517767
"Line_93",4539.20150179141,613.174019737365,69.1364515963269,1.17928857658996,-0.917778275782464,0.372316903668987
"Line_934",4773.59004676361,570.355930968595,68.9887357614871,1.14318438727593,0.000471149739635024,0.368735980221661
"Line_938",3902.05247787565,604.064464364605,65.7917666001263,1.17021480085374,-1.29902170940845,0.370869356405448
"Line_941",4422.82891674177,605.293695794527,72.0205972230232,1.17086877465097,0.1791878264965,0.371100442182705
"Line_948",5782.25519607152,597.537376185707,71.8867556321159,1.16288126425778,0.616402052329152,0.369717034614941
"Line_96",3818.98024453118,606.327382056179,64.5214138891355,1.17244308879308,0.0988472217454082,0.371133761644439
"Line_961",4719.11504897344,463.944476127163,71.2291204260026,1.05256865415264,-0.674963113402575,0.24600087741838
"Line_964",4188.85267102267,612.174993947651,67.4466858247245,1.17742117641476,-0.891865114453251,0.371659775278223
"Line_966",4661.39918074966,593.425518175902,68.3002210203831,1.16194031517568,0.135251454385536,0.370314369303893
"Line_973",4330.771472608,600.751542542599,70.2009490237691,1.16751387122362,0.656054983086966,0.370816424961528
"Line_975",4527.38153450432,601.638022012942,69.3348280971267,1.16765807900606,-0.292542282059298,0.37049558384464
"Line_996",4348.4009287834,560.975967198953,68.905591064512,1.13268566474118,1.33908587213289,0.367096329857776
"Line_999",4611.40224389117,594.047921268221,69.7199836485069,1.16305741439438,-0.383706365896985,0.370350010945513
"Line_2134",4795.45425706142,795.334313183027,73.3553173663514,1.84072573165148,-0.964428240048487,0.358593846682358
"Line_2322",5200.30739699984,803.154436653832,68.0778760035851,1.88789483899596,-1.79349624928496,0.359630537381727
"Line_3552",4734.65864532923,793.3455054242,67.4027906848855,1.84064130398877,-0.0855775403092935,0.358376519570888
"Line_365",4656.63347691706,926.030409061542,71.0612607211617,2.11376172120956,-0.14585790836415,0.423133026739462
"Line_1178",4092.91331366285,1228.08751582721,69.936460386053,2.15151867407394,1.67461859610772,0.449230770777048
"Line_1214",4532.91695732549,567.644995815569,71.7088864025744,1.4133168728032,0.467043846820466,0.298593007365627
"Line_1343",3820.23719728576,1250.49547139165,68.2635903813342,2.15637864947167,1.04699415268158,0.455779990961136
"Line_1656",3909.32368332582,1222.50794984425,70.2830734429714,2.14683231920663,0.248464026281317,0.447131094616912
"Line_1665",4447.86088583843,1209.41610367768,70.090429091126,2.14230315278954,0.670911293989735,0.442855621817222
"Line_1715",4233.67468683554,1228.45543578466,71.1863273135568,2.15007874121613,0.549894270118627,0.449206263300634
"Line_1976",4538.26415976226,1196.07126478262,73.486514716378,2.14140275807818,-0.760820853169901,0.439210054805473
"Line_2302",4108.76554871233,1039.38335951201,68.0683713500561,1.85411078761016,-0.530197141345918,0.378518989273419
"Line_2319",4762.46600627106,1048.07965279687,72.6052508155646,1.8600081797572,-0.564283334125563,0.304042916302485
"Line_2518",4323.58843601103,1239.72104764752,70.489931540452,2.1502200117437,0.767309616177935,0.45214682555704
"Line_273",4121.23341556806,1224.67772548668,69.0533534550292,2.14891032436138,1.89237354400116,0.448099611619903
"Line_2735",4323.56447798375,1238.49614758842,72.4708262355608,2.15203858577022,0.00434908623593322,0.452019568379272
"Line_2794",4549.32425630571,1239.04802170681,70.4121364751892,2.1501763910362,-0.288880124718176,0.451785853376234
"Line_3184",4245.92882049227,1240.46135724684,69.590876808243,2.15121636805419,0.632051245376837,0.452374385694069
"Line_3440",4743.68632686959,544.793045811481,71.2144051316829,1.43619675184543,0.192989270520065,0.320641333837138
"Line_3472",4055.61949634712,1238.00409032152,73.0168107014356,2.15266435234872,0.00666579825578617,0.451820490293916
"Line_3538",3812.27071681511,1186.83717666895,69.1917882245658,2.13931369635594,1.80821150559113,0.436416011296082
"Line_3579",3870.31956827489,1219.53328925224,70.6870610457945,2.14646025366894,-0.353381560219466,0.446210263395466
"Line_3630",3995.38197087303,1217.21133716518,73.4535086226181,2.1457878803673,-0.303287997983405,0.445480386407461
"Line_3717",3871.97077811253,1269.82583515299,70.2061995892061,2.15978593164979,0.598500631729593,0.46127907201647
"Line_3784",3827.89540022076,1061.03820821699,70.8680498698844,1.85927893123117,0.944718314423895,0.384717533330166
"Line_3865",4104.532717108,1064.09503207076,71.6038291274162,1.86266673750873,-1.03353086416369,0.386142357203611
"Line_3869",4212.62418907403,1218.50482979005,70.6131019647127,2.14772964291476,-0.77466386220307,0.44625127039029
"Line_4168",4368.65028005311,1205.05110170503,70.9060298019229,2.14323066757008,-0.165846058722588,0.441955385390001
"Line_4191",4191.6824060186,1212.18214375644,69.6824835588336,2.14283778785389,-0.385439210099844,0.443759221175872
"Line_4202",4380.27993937898,1247.30259287658,67.5991083724346,2.15623763965365,-1.17375703598627,0.454985017737965
"Line_4303",4007.46634957153,1059.33401208731,68.8037009432747,1.85861571187894,0.535744821869222,0.383851041021114
"Line_4358",4588.31251808489,1275.48836891067,68.1194774549975,2.15805044876024,-1.40743579308933,0.46220748758744
"Line_4551",4081.83196375791,1052.52702001149,71.9366044906343,1.86230063492447,-0.367288954759329,0.383026739450986
"Line_4665",4545.95387376705,1202.14684269876,69.4339400833931,2.14130164676548,-0.810360720019394,0.440927074836358
"Line_4903",4729.34527447706,1223.66713299497,71.1479147272416,2.15165749007034,-0.174955003507498,0.448035851832512
"Line_4969",4375.63145054448,380.39924719274,71.3759623539982,1.09772246784152,-0.13538862247656,0.25837851496737
"Line_5034",4363.20914035116,1183.67142950375,73.3779912367385,2.13645760404373,-0.175491293517367,0.435317935159801
"Line_5128",4057.63315782193,1233.12949185096,71.193875078895,2.15131781745019,0.68992260542414,0.450294815191234
"Line_5130",4470.62054828897,1059.13310420631,71.0649225920951,1.86100681755168,-0.293243995740873,0.384430340354514
"Line_5255",2882.86265162888,376.542531656412,68.6184873430483,1.13638537894814,0.318861421556749,0.255583522736578
"Line_5331",4005.11235261687,1253.02519783441,71.0085784747374,2.15269939689814,0.964061644396027,0.455842885946882
"Line_639",4063.37954435149,1199.57211069972,73.5378061810009,2.13797705407757,-0.356453120854392,0.439858258150797
"Line_750",4361.13451248335,1212.19568345496,74.8452644042908,2.14690152660134,-0.0933863779692086,0.444115121340704
"Line_864",3506.83512388617,376.613924261056,71.477232466351,1.05812472944735,1.5425567549612,0.241804394343883
"Line_1052",4896.16567405655,628.749026261229,71.9494423735244,1.6464226104948,-0.653386510912369,0.322245609302747
"Line_1159",5581.51653145218,635.777537787086,70.151170057242,1.64890797764658,-0.242587074605641,0.356275746333069
"Line_1170",4206.39142391491,730.912312650609,69.1353119112389,1.91057009460153,0.960539542390586,0.338408971692657
"Line_132",4127.62157728804,632.010442582774,73.3907504594914,1.64743270651167,-0.70762343423356,0.354620806517202
"Line_1390",5263.49320375984,635.329000362794,72.1595161936767,1.64875961018585,-0.679342930058296,0.357133886933047
"Line_147",3171.66830434681,636.410669237644,66.4896612173968,1.64933432589078,2.36942536372106,0.31953927356528
"Line_1526",4704.71081255572,633.463420253292,71.036386630433,1.64769398527977,-0.680318649690557,0.356486766835887
"Line_1587",4825.60338188081,731.344975635742,72.0747025703802,1.9110225156862,0.506847143718662,0.3384427998551
"Line_1629",5112.06721139575,474.270552135172,72.1440399172122,1.31182434348254,-0.708386012828964,0.273584409902061
"Line_1638",5067.40441040409,630.740343315325,71.5183423599277,1.64720715813479,-0.617452149646123,0.323343654835308
"Line_1841",5593.64803398679,725.926337414578,70.5618725119099,1.90952547704273,-0.69153919760669,0.337114440553244
"Line_2078",5231.12381408387,735.810336841983,69.9574217859961,1.91172184558629,-0.582899853210969,0.337398976601965
"Line_2083",5312.88665460403,624.951857225365,72.7020004776069,1.64631829055637,0.620357009954546,0.35695045467294
"Line_2239",4933.42122520146,637.442280958172,70.0009838716865,1.64945601632238,-0.671353142308773,0.320869973024636
"Line_2252",3519.84826920302,629.051463704428,68.0195419686622,1.64643247267914,1.48586779448537,0.321011982315287
"Line_264",4481.78417732609,636.210228706714,73.0227582639047,1.64898865779736,0.35517989187273,0.356413215244947
"Line_2754",4639.68939401066,732.677538933949,69.463839228244,1.91130432316087,-0.0459087174109759,0.338604203834433
"Line_2796",4652.87696280263,724.450837477363,68.5378005332923,1.90971526897931,-0.0903470297108344,0.336985426889956
"Line_2823",4387.52865636929,732.784141490614,71.0315601239821,1.91196675628374,0.502400310494197,0.337747868785599
"Line_2846",5139.37631448551,297.553827942652,70.6964394139661,0.900430794423374,-0.584771382382132,0.190409046853997
"Line_2922",4395.20162404123,278.255867390431,70.7412180052334,0.821151357159844,-0.150153819816662,0.169135867911193
"Line_2960",4648.09842040357,629.195259785241,69.4117326467286,1.6464402225759,1.21804699299784,0.323381857818584
"Line_3120",4011.4364982256,740.841707376647,68.6600965426476,1.91354450902902,0.630904746111851,0.336084124272577
"Line_3149",5127.44545402462,632.212511956261,73.9296806452041,1.64848249893633,-0.876137823544932,0.323033926379198
"Line_3303",3846.9450976925,630.842859027338,63.4855949089381,1.64697113736708,1.70148071888069,0.357255472535621
"Line_3312",5312.84323245221,302.578892485077,72.7373330794512,0.878517879541381,-0.779977736727214,0.185842214898701
"Line_3435",4956.50395266927,632.473847654763,70.9459730648262,1.64751675375238,1.45339978883191,0.356146579217129
"Line_3662",4894.54285945879,475.949376631975,70.6061284784615,1.32629458808365,-0.597524976769845,0.274892663236219
"Line_3687",5387.13079483143,631.76476586743,73.0709489306741,1.6473247435613,0.701064771428495,0.322357492373233
"Line_3689",4759.75079473885,375.509896791421,71.9062155923133,1.03274160724165,-0.406557039097511,0.223879425846491
"Line_4076",4830.71009464228,286.812834953132,70.4344926401646,0.851176858535213,-0.294486017844042,0.171112851561452
"Line_4109",4301.90651458058,362.624208289395,71.0884533183081,1.01825325157118,0.149305010974048,0.217093624359776
"Line_4307",5165.64934067866,629.840524114428,71.6378027521599,1.64680373644272,-0.801156033679892,0.323065019256519
"Line_4370",5134.88402270795,635.203259642946,72.1297590939595,1.64840329937562,0.282760086180494,0.323051237403434
"Line_4506",4358.11928077441,411.527318078511,71.0186549163966,1.14101577694396,0.479589308401067,0.239605605246671
"Line_4557",5399.82219748549,635.115198830503,72.5494930231203,1.64840320040424,-0.672611056890033,0.320784482680475
"Line_4601",5190.49715898243,632.765246255806,71.5118657279765,1.64761201443547,0.481274284894062,0.320371547011185
"Line_4783",4073.8602400344,635.197046648892,70.0648188596158,1.64870862980288,0.0193481183806797,0.321972617749667
"Line_4814",5101.79935912554,633.738951265938,71.6637042692441,1.6477930065556,-0.578832301027972,0.322061940641203
"Line_4820",4132.78353888792,633.828536101903,71.0527659051618,1.64825502628681,0.735468349721441,0.322772131365308
"Line_4966",4882.16414156755,629.068601838872,69.4571589926072,1.64646504366322,1.45237257269263,0.321937233142682
"Line_5012",3875.36022993945,635.622610987023,68.8388729825232,1.6489100584878,1.46713661886545,0.322440165194535
"Line_5110",5029.29077525485,630.046233571881,73.3799258573366,1.64661264224405,0.380661009681731,0.355549684146776
"Line_5250",5503.39533991305,731.463744352395,68.2581875683615,1.91196201319498,0.239911997275959,0.33886813000307
"Line_5279",5587.79887044176,729.709153029252,73.1093629852492,1.91146692749346,-0.4154106481786,0.338357915244502
"Line_5315",5019.93591587284,623.280995053733,71.4908505224406,1.64651554460183,0.206029844490932,0.320634540562042
"Line_538",5617.18840877779,633.062174190229,69.9182560889332,1.64763540226707,0.500229546649578,0.321480933997991
"Line_576",3789.28243498391,628.272131532536,66.7436428869464,1.64591468707351,0.515161458390776,0.356452916186378
"Line_647",5279.39395492357,632.357889893203,71.5630759881821,1.6477021121703,-0.331519470272701,0.322442901216473
"Line_674",3960.39578363895,731.369683678691,65.5357903493762,1.91052898488678,-0.458494412508487,0.338407782263482
"Line_688",3751.85680080637,628.620382674236,69.2522620579223,1.64601083308417,0.438358845049478,0.357073554487717
"Line_727",5632.88250136378,625.549702856612,71.7339398822153,1.64633301217939,-0.0187561370157291,0.35716107623319
"Line_741",5749.60999597491,727.387231143111,72.8100161445771,1.9110200548672,0.960752753672536,0.337557924591692
"Line_75",4540.9782895519,632.302565419549,68.9015212503694,1.64731831886033,0.651866767120306,0.320688042442569
"Line_789",5091.99792463424,631.720818384107,69.4962134002132,1.64734297567082,-0.709951066524187,0.322258345050383
"Line_814",5785.5873097391,732.939631698035,73.7071452017308,1.91159792176295,-0.725681648975771,0.336617407901974
"Line_974",5055.85692432468,469.619996806354,73.2614847532147,1.29710675094392,0.425047768141326,0.291806398546756
"Line_11",4724.3668552226,811.732524484782,70.6837809890345,1.83258095590151,-0.680629190238833,0.610196545593363
"Line_111",4537.20378216921,695.903992127375,68.153213710646,1.59242570618493,-0.90173590916487,0.522588336581718
"Line_1155",4614.33141495343,457.658553257415,72.4512740829729,1.23585152256005,-0.568468409842298,0.329701088823377
"Line_1205",4552.90645359345,814.687986599694,67.9986931115523,1.84234171092159,-1.17321862555508,0.619088953969026
"Line_1206",4913.91359240096,457.305154637041,71.7752900098611,1.21536401828795,-0.581450158875683,0.333072914518274
"Line_1209",5346.83060392975,699.568737945821,71.2983536997124,1.60214829683351,0.362174039722453,0.529629155582144
"Line_1237",4075.21402137012,695.691683233858,71.9126511346093,1.58968496984445,-0.0269164691268389,0.518264706690943
"Line_1239",4478.30452215061,691.32325165731,70.6558237343003,1.57789927104962,-0.892311388701488,0.509951921571374
"Line_131",3946.15037421633,803.143016230079,71.6860669637563,1.80446923685645,-0.204691055656718,0.585592721496745
"Line_1310",4897.06015875237,805.942481416946,72.0901794382284,1.81385251522282,-0.117469896659656,0.59381472579971
"Line_1320",4952.40502975626,691.424377641995,74.0541928391816,1.57854023103731,0.332513387666832,0.511094103042341
"Line_1335",4752.74204862024,694.373569764597,69.3052768325877,1.58901674983385,1.00794761176309,0.521414052348209
"Line_1354",5137.27074030435,498.021788784807,70.3332163153424,1.28994807677708,-0.670482647447086,0.369513263249815
"Line_1394",5108.85302556163,797.587946392639,68.9714426871876,1.79064825864922,-0.805533434433861,0.579797728873433
"Line_1405",4331.11377666799,697.647522429331,73.1030113122983,1.59541376365819,1.09809868774535,0.522264796484605
"Line_1419",4613.96034818343,691.426848216394,67.5971074088055,1.57850712776771,0.253401725925317,0.510129819719981
"Line_1429",4584.70191167011,695.749967974197,71.6819576227066,1.59040020517965,0.133423364628734,0.519417352139733
"Line_1437",5001.43903188952,805.088831278232,72.1276931237373,1.8108169749409,-0.925404803374511,0.591433383991812
"Line_1451",4251.82878584455,695.118351626652,69.0458514826877,1.5901111776976,1.64266316126632,0.521449915919384
"Line_1471",5269.06268399937,687.878862728282,75.5918696580129,1.56735563661364,-0.835327284976075,0.502201988238893
"Line_1507",4611.62147623127,699.000163425609,74.6193266488213,1.60253831479063,1.15940708682764,0.532998915013692
"Line_1591",3569.57613902076,698.651075703884,65.6988482926367,1.5999649522184,-0.917706804412818,0.527509911801627
"Line_1598",4385.15870369625,699.266802013625,68.8836245018684,1.60041000034169,-0.6726696545623,0.526013955739054
"Line_1607",4469.4980412478,797.656057687584,70.0698648335066,1.79158892599545,0.36444368397103,0.581592897336867
"Line_1624",5114.43658854763,694.2273670387,68.8594151270888,1.58587540845038,-0.27413188446312,0.514832025882755
"Line_1646",4952.12724915058,457.15490176931,70.6629873437972,1.21626504657523,-0.502724854266311,0.329201125786501
"Line_166",5111.86705854414,695.822701704519,71.0344582577031,1.59230638536655,1.06028328840925,0.523366720245695
"Line_1682",3730.82421185483,695.710128621639,67.8509142946209,1.59161720629627,-0.572248444870297,0.521159797060676
"Line_1731",4502.96148105327,683.364720340387,70.8492540884268,1.55226527506967,-0.693522732245245,0.487542346034462
"Line_1748",4797.61110341087,690.211154535882,70.0659979674575,1.57348496514572,0.569981648189914,0.504876811937731
"Line_1767",4753.62777386363,690.492298085199,68.8061209568951,1.57471114225236,-1.12101640530605,0.506173621104613
"Line_1779",4818.38676532211,460.749122309793,74.4064760958249,1.25122882373463,-0.661055918393748,0.337423421700055
"Line_1780",4800.31631741934,480.184505663294,72.0559937988373,1.29688623360287,-0.860167846961056,0.353596919174413
"Line_1789",4784.47278913809,805.048063182688,69.6002084428992,1.81208831872149,0.867957838911692,0.593021495088047
"Line_1793",5439.23211811763,689.080604007028,72.9078143993191,1.57169312148047,-0.815711505221223,0.505781157505271
"Line_1829",4207.45800398909,697.341653889774,71.2693623270321,1.5944409712886,1.95538206674986,0.520649108296851
"Line_1838",4180.11868520897,691.946326442244,66.5019010043948,1.58071133173035,0.0540136925953668,0.513201925242152
"Line_188",3805.31969904373,688.420495687734,67.9227626345348,1.57043372872771,0.531454231119071,0.505626119194613
"Line_1880",4654.24157761828,696.822285500998,72.2620024388331,1.59268005660205,-0.85055727272694,0.518789426248472
"Line_1910",3617.44272241569,697.545182518177,71.8048093913777,1.59510718632639,-0.435336713305986,0.521642128953676
"Line_1929",3795.91736552304,685.224197366552,71.5706541736501,1.56018017421872,-0.0737153909871904,0.496515954398763
"Line_1948",4167.16483680398,691.78878699566,71.3917975025459,1.5796066984501,-0.770651742740745,0.512260741981215
"Line_1956",5304.78221168523,808.339336918212,72.8580853729027,1.82231206726336,-0.0724740108269499,0.602919960648272
"Line_1958",4461.92880692938,691.59366425891,70.2486445368568,1.57972744330001,0.341198845932437,0.512936303353675
"Line_1994",5224.81619991341,688.664976333404,71.8548878750771,1.56954861759524,0.318302763133437,0.503117681619291
"Line_2048",4845.82976146584,694.042560663676,73.1514561663325,1.58623089266892,0.463659502978747,0.51601888577037
"Line_2052",3322.75599985522,694.67955827609,68.1441708904333,1.58851096496825,-0.396243611268008,0.519832954098897
"Line_211",2991.35896764626,692.712428142091,68.2366391272015,1.58329888627686,2.75221101310755,0.515776990253959
"Line_2129",5128.87225699115,336.235791090415,71.3775573911621,0.997372995974256,0.160460411080578,0.275713420890256
"Line_2138",3894.14432101836,687.436021710685,67.2902957815052,1.56763204529532,-0.736964588410569,0.503663234728295
"Line_2169",4346.78463675376,801.718030750886,69.8560319186727,1.80087341471282,0.992328523909999,0.584152863357016
"Line_2189",4010.77891818636,698.154833986073,71.5765332469045,1.59811040422584,-0.105445572594884,0.525599441507925
"Line_2216",4503.6190264586,695.038670685715,71.8601792249569,1.5889953684443,2.64655965082829,0.518725901533069
"Line_2217",4696.94504303328,801.181398684342,71.976400753947,1.80100737414535,-0.31368371362392,0.586139318583847
"Line_2229",4026.02905352156,697.648996160089,69.4551946460157,1.59667699526348,1.6908948037258,0.524730749091855
"Line_2248",4881.85260713855,461.820381597462,67.5788197413407,1.26065710839869,-0.731930237838817,0.33947665126801
"Line_2274",4284.256383846,697.013019831886,66.6209154721706,1.59569026050857,-0.955778048060991,0.525868790995776
"Line_2297",5376.88131890013,691.107137529829,71.2117196454003,1.57798726202768,-1.02148874963435,0.511041359042936
"Line_2321",4493.65036047045,695.510949247448,71.1161019001862,1.59022755203311,1.3428043059099,0.51909597226023
"Line_2344",4752.97993708705,693.84121425563,69.1171315955417,1.58645235470464,-0.611680195227319,0.518352703073087
"Line_2372",5539.53505477866,459.087365867237,70.5713434734845,1.23098120684388,-0.71931761429069,0.337144036519379
"Line_2403",5030.80394824407,801.946660640177,69.2232598440481,1.80332826250912,-0.48750699508836,0.588687578557306
"Line_2420",4910.86541267762,693.655102023862,71.4944849881235,1.58379898850921,0.169682016903243,0.513658793549053
"Line_2449",5165.35806751171,810.944129892344,72.1398961097748,1.82976764312544,-0.119607030626151,0.60660587844127
"Line_2455",4331.17463589538,676.561334548505,71.944761785643,1.53355191928931,0.76554517467253,0.475092546353939
"Line_2471",4853.91164160835,460.099428517452,69.8392589198867,1.24805146277572,-0.172329210782289,0.337557813217965
"Line_2482",4718.67085080725,696.653186687934,70.7618464093054,1.5934883668831,-1.18486474446782,0.522133438140111
"Line_2484",4692.44190113815,699.268249556627,71.3909262338232,1.6017278075415,0.370793509992007,0.528765009295636
"Line_2533",4364.68512090953,685.881873746669,72.6054921265815,1.56308158130093,0.454100960314053,0.500798201575347
"Line_2539",4536.5287562073,692.015043986724,72.5115842389424,1.57985283793456,1.19739846788497,0.511711676455958
"Line_2547",5445.06262785734,461.217966816708,72.3522844641506,1.26412979822471,-0.744916338419009,0.33612703965232
"Line_2615",4492.67940445362,687.968529874393,70.2324678334436,1.56771809118951,-0.290908531783267,0.501405925044202
"Line_263",4307.09554102715,808.531198797498,68.2967738866928,1.82223573416395,-0.250622259660155,0.600833802783258
"Line_265",4353.42452451406,798.182475888408,70.9422019606181,1.7909537929761,0.549036119614929,0.576644544492862
"Line_2651",4917.49162460261,681.973174563184,69.5123963867203,1.54972835687799,-0.154644724872455,0.487203006712731
"Line_2668",5457.22545128454,700.573131167115,72.1334131991725,1.605215066794,-1.36976433677877,0.531285980842932
"Line_2708",4770.04286954093,685.316074399052,68.9111086916553,1.55971097620953,0.628073994495575,0.495407172246796
"Line_2711",4157.84836967398,696.458952009355,71.0537576094836,1.59287471182178,1.55935844875321,0.520405701947812
"Line_2770",3686.19949370034,685.735628643033,73.0572881978701,1.56082876644019,-0.500623630240211,0.496399060958532
"Line_2834",4390.81434862668,684.71755611199,71.0461512870124,1.5582020939991,1.20475193375583,0.494435116052978
"Line_2835",4912.38729538313,807.426646331254,71.5200082219522,1.81815133667762,-0.817734254251623,0.597392348139212
"Line_2841",5317.85391836311,799.891493517111,70.10109608225,1.79686076834419,-0.132019024086912,0.583462446382827
"Line_2843",3965.8018036313,691.774155189539,69.4873807374433,1.57839858369225,-1.03238954686865,0.509855974232277
"Line_2866",4154.74190903296,687.074964035261,71.4718837451992,1.56572955890869,1.01467734766814,0.500641220225597
"Line_2870",4879.34749210301,458.373275918329,69.9894916171584,1.21825224215688,-0.440478003821089,0.335381614384253
"Line_2917",4560.83778330524,500.117571057492,69.7901737743742,1.32396219848661,-0.391868321556706,0.373299414837107
"Line_2921",3730.39925695487,689.183698868566,64.9587473322638,1.57219424123306,1.21904955984185,0.506008461693269
"Line_2934",4797.82556602182,328.362330657443,72.3034890137927,0.967065469272153,-0.755145594410388,0.267332562541018
"Line_2944",5265.43147950401,310.900065954345,71.9579371281828,0.917889966732168,-0.655337278137011,0.213245823327351
"Line_2995",5023.64340610172,806.7767040119,73.8200659608924,1.81668880549658,-0.750731929558411,0.596579431670263
"Line_2999",4045.77994563514,699.568264814421,72.2842063944204,1.6034606080669,2.08280198151378,0.53144674342702
"Line_3034",4969.70024272917,699.585488983994,68.656241284104,1.60289465848978,0.43226814629662,0.529868665331094
"Line_3041",4143.82739654079,690.056952273281,73.0084112278078,1.57573241624242,0.549484742334135,0.511014893056458
"Line_3051",4881.85787086947,695.637310544373,73.2985994022782,1.59161184702648,-1.44398753508568,0.521976211556851
"Line_3080",5072.63040411769,689.632363352866,68.3703153862982,1.57304089654334,0.31263111434768,0.505624392760018
"Line_3082",4352.95121743943,688.270800107329,71.3929175929474,1.56906851053882,0.830593264515356,0.503513895544256
"Line_3103",5509.04827492501,691.989454333793,67.7990263357171,1.57938125511527,-0.720128098709501,0.510664689718925
"Line_3111",4691.34854751888,703.259084276703,69.4588039612461,1.61331919861093,-0.972796803599914,0.538540753102567
"Line_3150",4378.78170473387,698.068068539011,69.9785647466219,1.59813190925295,0.620629452529916,0.527020174081113
"Line_3182",5005.96944298265,696.055163396976,69.7879782893815,1.59165899507588,-0.681306173014437,0.52028113217924
"Line_3188",4453.0961919761,694.714519410427,67.6828113709145,1.58801716177366,0.362916164062631,0.517979898323884
"Line_3254",4174.32895165996,701.312241393957,71.4780272127857,1.60727650112635,1.43570179103979,0.533160510860275
"Line_3304",3943.14001014908,694.871742846746,71.6975740952051,1.58809869090743,2.49275054761451,0.517768606496388
"Line_3341",4791.85686351786,807.366035212569,69.7953916399495,1.81884615318943,-0.821694760750722,0.598638580558968
"Line_3352",4733.01706201818,806.547391081658,72.6655298616092,1.81583334549611,-0.801295790131094,0.595162795458416
"Line_3362",4402.34036992539,477.340333691739,69.7356415982967,1.2673222224771,-0.570819551009545,0.347897639911953
"Line_3402",4394.78778822549,696.657151278582,71.0950060952539,1.59430628705835,-0.845688408978214,0.523781793253123
"Line_3462",4372.50459169561,803.487464938525,71.2959438219594,1.80814030442676,-0.516197285476244,0.591388347114394
"Line_3477",4375.3512061604,685.402215980244,68.206834900038,1.56092599895293,-0.627125774263351,0.497369977735316
"Line_3482",3906.4058185278,689.141543662126,69.4771726612974,1.57060972158391,2.37597967299555,0.503154986706581
"Line_349",4694.80788047213,793.160371772848,71.9035435989869,1.77577821813744,-0.0147003368538878,0.565569863303978
"Line_3497",5148.27869829869,696.988935063996,70.4370674603428,1.59353681755023,0.662781987943167,0.520230649106206
"Line_3507",4213.33188932253,701.110999241911,72.5967785234193,1.60619566504387,1.48016772203885,0.531164379790608
"Line_3527",4436.49079653173,696.258807683799,68.5698238035911,1.59146769059397,-0.00758754202129475,0.518924125377343
"Line_3581",4076.50817957096,701.823716564041,66.7087848070333,1.60944277669128,-0.69841427632163,0.534844150148298
"Line_3584",4481.57925377551,805.316982010715,71.7200599733851,1.81126214830002,1.0304355320329,0.590922631182573
"Line_3593",4189.29445900652,691.762319294942,66.7588109588005,1.58071471704726,0.995166704675141,0.513890697407447
"Line_3606",2913.95832378424,697.697639061682,67.7407065268898,1.59740690432191,2.00734796447035,0.525958408690348
"Line_3617",4792.13239933772,497.837728203085,69.9072425430293,1.29497692032865,-0.652662407959007,0.370027307063702
"Line_3618",5498.11941717966,338.036858407281,72.0069132544363,0.985252062598489,-0.25793547638897,0.28188366199734
"Line_3621",4570.01410581067,694.025143474112,71.6688120708031,1.58639634617951,0.673430248067094,0.517996057330747
"Line_363",3832.53276293047,688.907717384257,69.9995859613457,1.57156762237407,1.7918613791045,0.505817043303071
"Line_3691",4317.24163741388,692.235899279917,69.3801458451207,1.57987185506502,-0.307318767479381,0.510401393803739
"Line_3757",4555.34536526553,496.391481917694,71.6044144780202,1.29271934931638,-0.775172083495184,0.364709649583301
"Line_3766",4045.85741409571,688.257747410701,73.7119211322487,1.56960041946502,1.67081267184073,0.505286393107767
"Line_3789",5170.6404672162,690.645982996018,69.9776912462391,1.57507734808715,0.654150698642144,0.50645696041326
"Line_3800",5228.55555468412,328.796329566823,70.4350824876746,0.962505780697908,-0.239180697302072,0.266389477769606
"Line_3803",4844.17320896665,695.902278116868,74.0681912893655,1.59258089771974,1.034837121707,0.523283059388965
"Line_3807",4062.76571717515,696.174714056001,70.8852035376055,1.59156552936178,-0.150149425411007,0.520533077200264
"Line_3813",5358.49055136548,696.834455225043,70.594427790438,1.59509679033011,-0.460800400343212,0.525038633960482
"Line_382",4956.13156991931,460.335524792092,69.5840851183602,1.24515134114641,-0.659975525425251,0.336003053677733
"Line_3832",4568.3005086159,697.345371401398,70.4454076948121,1.59542096411263,-0.0879583930056257,0.523614964788831
"Line_3860",4688.61660489044,692.789286642906,66.3153540270262,1.58178473502537,-0.736195765125691,0.511774045188015
"Line_3880",4366.10799220429,809.670368220163,70.3401473398649,1.82405492602943,-0.570859565786336,0.600783379897554
"Line_3898",4718.57109138958,459.503671055211,71.6638739147435,1.23751314794331,-0.839303953153849,0.335574320399217
"Line_3936",4580.27283531656,697.503660340426,73.1536283079372,1.59649233301557,-0.892822333866879,0.524872333051565
"Line_3946",4978.83428500721,693.783476812231,70.700679056287,1.58554358581089,0.697632875052696,0.516355989047421
"Line_3981",4660.72673906922,680.828944653458,69.666871038069,1.5466039848702,-0.560860863848114,0.485255191409433
"Line_3997",4742.25131982703,698.101916963867,69.8785034060428,1.5994507400962,0.261585672556538,0.529166096279693
"Line_4",4774.78056542317,496.343656707016,68.9006021442032,1.27830719301527,-0.668620735915551,0.367794166377283
"Line_4019",5140.43401470172,683.705326981656,69.5809566177501,1.55577917966511,0.284600017854406,0.493100566852148
"Line_4020",4930.94810206882,497.78056694816,71.510975987082,1.28187957140224,-0.729546655755626,0.369534356828765
"Line_4025",4865.39254542324,458.557689418842,67.3439932975982,1.2221912022154,-0.425601057401257,0.33488479543456
"Line_4026",4388.50126137515,694.469579839051,69.5082933916755,1.58821526098795,1.58947264584635,0.519607512974946
"Line_4060",3844.25404770874,691.207265674993,65.0866150413341,1.57783079462297,-0.596107440513039,0.511205055491618
"Line_4071",4583.07934415436,690.912879741602,69.3354062544582,1.57611952833843,1.56503860519031,0.507596629923242
"Line_4080",3844.43820608558,695.116073116776,66.417896928546,1.58901775651925,-0.911751415358008,0.518313963315269
"Line_4145",5745.57557195113,681.769254217603,66.7042574214844,1.54869292832131,-0.791684765978889,0.485930677626244
"Line_4154",4601.78212613601,689.10112521824,71.4587079203137,1.57245332236803,-1.06248096447022,0.507647171060409
"Line_4156",4927.21672669879,810.340300044719,71.8617976304034,1.82779212497978,-0.848396891405659,0.605704225322064
"Line_4170",4898.08275632297,692.704874052701,70.5155034419014,1.58204697088248,0.207715531419754,0.51234444776791
"Line_420",4693.75019095979,692.99467783649,71.5878726126344,1.58362783007807,0.339888551938367,0.51580352295667
"Line_4223",4695.20566710229,461.946553154509,69.4831688339332,1.25788422030378,-0.782171411065938,0.339362511162627
"Line_4225",3652.85518335343,702.165646051297,65.7220973599697,1.60971123799529,0.647212517606803,0.535093784327959
"Line_4244",5152.98458744644,697.756695903892,72.2321798890176,1.59644611835641,-1.18792905600705,0.523874433574887
"Line_4250",4684.54552276059,687.412292323172,72.2793632702426,1.56791887345976,0.464269352162219,0.504740065907273
"Line_4267",4819.23382072358,525.693530065056,73.6774374585554,1.39450520804188,-0.876785545076626,0.388130670583085
"Line_4311",4391.5438705066,800.82686922143,70.0222876959027,1.79874332784423,0.26832187908475,0.583288623541874
"Line_4317",5111.29344537908,455.702588717912,69.7961929646796,1.20867986293992,-0.105389279138857,0.327415228425909
"Line_4343",4988.86694713114,699.01377645593,72.7975879477613,1.60193113007568,-0.858925799488954,0.529992704104168
"Line_4357",3283.18591149416,688.227449833311,64.9503312991483,1.56894499353744,-0.960190375250607,0.503641432210871
"Line_4369",4708.79027321334,686.142270507049,67.7755126089087,1.56185868685067,1.06407303073544,0.495881012806299
"Line_4401",3419.72028645987,689.493230478117,65.7964990300878,1.57210647439491,0.903227612328813,0.504938500849213
"Line_4402",3886.56369221285,685.822767415831,70.9804323186424,1.56236263049574,0.582258650241032,0.499012657666088
"Line_4436",4887.49161124374,690.401950876659,72.9658448463428,1.57343619177473,0.205540047219644,0.504214792267196
"Line_4457",4858.5297529284,695.095363300716,70.9833406668185,1.58862128344483,-0.601330847154082,0.518700865849201
"Line_4481",3903.97586765304,698.873776646871,69.8342410719045,1.60057421303258,-0.0348302976594483,0.528642122328649
"Line_4488",3835.83432787559,694.42782679717,71.9899552764683,1.58844387413446,0.687149724385722,0.521383666968559
"Line_450",5014.4835869828,699.188037472138,71.4760694599363,1.60022219912599,-0.670929692306947,0.526060505526856
"Line_4538",5069.10564709219,803.926898721885,73.6561244252017,1.80857372405088,-0.766510808479186,0.591069492692498
"Line_4540",4009.32980838305,703.432248539126,65.6891666600077,1.61519943267342,-0.756533542412805,0.541100277349637
"Line_4564",4740.82358512025,696.725188722987,71.6019675801901,1.59406524332513,-0.917389127848167,0.522883549150831
"Line_4572",4793.22910418907,694.451410740323,71.6149045680477,1.58794630738692,-0.362984761627661,0.519249644233387
"Line_4592",4625.11523051925,806.804310647086,66.8469303834799,1.81675933685242,-0.462924759973653,0.596478258249232
"Line_46",4583.71573849301,694.15279215218,71.9126503646712,1.58525238177529,0.567273149775614,0.514535392382218
"Line_4613",5282.81641054412,696.129273932234,71.7152087091525,1.59159701964605,0.630926472324445,0.520478050836865
"Line_4615",5139.27960486537,697.959784340102,70.3390389087607,1.59895318885401,-0.365689761713945,0.52882327631037
"Line_4616",4967.53774693012,696.119108372233,71.3664202881866,1.59131972327068,-0.687153553371926,0.519438466722645
"Line_4648",3873.37936652432,693.934721630702,66.6367845117428,1.58517353377491,0.184230863326209,0.514920658238988
"Line_4652",4441.80117282758,687.152639153366,73.4688862649981,1.56435869745135,0.798186667006978,0.497461250340298
"Line_4720",4343.03478054037,495.038854151996,69.8806459102775,1.27855000814684,-0.47719334490781,0.363789258592564
"Line_4738",5348.39535727529,699.809311863102,70.0864434445655,1.60309940488912,-0.543500465912058,0.529702957408773
"Line_4741",4454.03677066116,689.489502064752,69.6717066211507,1.57262241117904,0.940126333067666,0.507277041386778
"Line_4742",4841.00895950111,699.772360126023,71.8066552508345,1.60391416315298,-0.822137336463468,0.53153313102893
"Line_4756",4754.38216529396,698.599573832704,69.667699455788,1.6008778110848,0.506503604593336,0.529885930152271
"Line_4760",4566.19469662758,695.060697429722,66.5814737383749,1.58938389653074,0.225893052049981,0.519431956264075
"Line_4797",2929.55962636879,695.777695155011,66.7690312341072,1.59093075781277,0.428675377897143,0.520291560033492
"Line_4809",4124.5948813485,691.391678989542,66.9105174598569,1.57813301220774,0.859435930705488,0.51009652615973
"Line_4815",4296.37656688877,698.000718003863,73.0854302034014,1.59748419750303,1.31338845841904,0.525201830067755
"Line_4861",4145.26670049667,697.798355386997,66.6565042297869,1.59654853455046,-0.606968004139844,0.524347180182224
"Line_4885",4816.64843922031,696.982909499473,69.3055253115995,1.59606134461704,-0.555514481955526,0.525615826445598
"Line_49",4564.94251220006,693.584183660415,72.1029207179133,1.58379597388744,-0.596705205123786,0.512700272054074
"Line_4908",5454.42104785072,685.113001187954,70.9137706745515,1.56038374280107,0.625145722468936,0.497487049382766
"Line_4929",3879.78987766194,693.77762201864,64.2004933846318,1.58463739476765,-0.863880479500556,0.514253602900482
"Line_4973",3958.82581372413,811.293842142033,66.4378093478719,1.83014638523904,-0.767621854821749,0.60715422640993
"Line_4993",4257.56653259441,693.90870597741,70.9773127167668,1.58409433127526,-0.528586931155414,0.512319973159436
"Line_5011",4248.43618749484,692.987283154941,68.9575766049136,1.58283357528617,-0.706864414780299,0.513791247937004
"Line_5088",3923.978910624,695.446159892169,66.2398300279989,1.59050727314739,0.881561751823845,0.520895917051807
"Line_5146",3918.05345957917,693.298143086435,67.6584161803333,1.58282963928306,0.386347005911569,0.511889681676429
"Line_5166",5067.21836928766,462.182642534812,71.6132029976307,1.26266510685055,-0.22859053127915,0.341261304080102
"Line_5248",4330.19010516726,699.834571232904,71.5942389083754,1.60288843493712,0.328994032396432,0.529432143998772
"Line_5284",4370.05475786231,696.25881783419,69.7686741431338,1.59327563041899,1.03151715576664,0.523370023915195
"Line_5296",5183.31403132543,686.42887568606,75.2374688911962,1.56348544321535,-0.536430750204149,0.499345065524265
"Line_5309",4731.01690465466,691.623622507804,71.8515458106254,1.5789813166127,-0.37741905496432,0.510879253961395
"Line_5314",5122.6998902247,695.31540516191,68.9691923379579,1.58940293263704,-0.476600968512993,0.518919181550508
"Line_5329",3868.88114621301,809.200218171143,70.6067036721793,1.82354638850247,1.8213638802497,0.601138300486727
"Line_5353",4708.15783675583,697.728587864513,65.5516426710711,1.5979157340317,-1.13774550677475,0.527184658015428
"Line_5366",4182.399371644,698.435264829603,67.3821625836051,1.60074685944976,-0.888294727611231,0.530877677414406
"Line_5381",2997.34635027428,797.24182661575,62.7124899444554,1.78850115361799,0.598493297540526,0.576340984175396
"Line_5413",4801.4247969196,685.872118727893,70.0964235521941,1.56116584944383,0.288923884814697,0.496130580593099
"Line_5455",4615.3591886853,695.33492315358,70.8773768315417,1.58925348501683,0.657805419231602,0.517787469191226
"Line_5458",5051.81571444908,693.633082653842,66.7921213723278,1.58568411714394,0.716238218437744,0.517318376671066
"Line_5475",4955.74013939533,809.624698008219,69.1975811427158,1.82573822860985,-0.980512002903278,0.605163193801928
"Line_55",4104.99246864267,699.298837701614,67.3455457565862,1.60246238548895,-0.826435303640885,0.531600633108636
"Line_620",4984.69517786076,461.9056909881,70.7645239010885,1.26225136100574,-0.598865845463209,0.338564564863621
"Line_642",5255.67018250419,462.996102323779,72.7905293725647,1.26746480559984,-0.866846130269568,0.341228928559876
"Line_655",4711.5681661785,804.319376797089,73.871937434508,1.80687895407155,-0.0132571583510853,0.586020566700256
"Line_678",4637.38396106157,698.522867213914,68.3211242095479,1.5992768360178,-0.899767241761498,0.52666277448636
"Line_68",5087.45142052746,336.688441255514,71.4647372596905,0.979676404713639,-0.440780262503083,0.282359323283322
"Line_686",4261.90489556165,689.213163219656,68.8488624073395,1.57137053018861,1.39955880614421,0.504590368400955
"Line_69",4285.70225650856,694.695728655461,72.5848789087663,1.59035916638923,-0.110486724189813,0.524109936344498
"Line_726",4986.31289202092,690.42405425692,69.6048836231735,1.57455729438278,-0.944750377844318,0.505906714254219
"Line_754",4590.51462316384,807.611220990694,68.1113541566026,1.81888963416359,-0.914633565924988,0.598491725339196
"Line_766",3464.7254003587,692.354634188101,66.8432348993784,1.57993338364061,-0.656034792314522,0.510593605534035
"Line_808",4056.06687784273,692.337903307931,66.5959531302057,1.58146617084742,-0.450246999649194,0.513288673630271
"Line_854",4125.93203148008,691.426132532949,73.5241764974458,1.57815914259644,0.484227236518107,0.510324462986689
"Line_862",5913.43258578096,462.75370559553,73.6576534607514,1.25806437987931,0.0318493416692605,0.340795898068329
"Line_865",3785.96696365897,688.472890297947,66.2443178726597,1.56973896274107,0.152348570228351,0.503498548179628
"Line_894",4582.6606910004,686.270712867531,70.354429714402,1.56425115092138,-1.13659911752523,0.50145125257156
"Line_924",4443.72933512966,697.341187453027,71.7854844168917,1.5953065792607,-0.376168806776174,0.522344505133137
"Line_94",4656.33457381208,699.124899262347,72.1438373802081,1.6004389474372,0.020242735808449,0.526633216091054
"Line_987",4679.10268127885,691.268760506053,69.9437419947218,1.57745227195026,-0.615512925031583,0.508932697558665
"Line_998",4662.20426127267,798.303905435436,70.9936730472475,1.79181198765374,-0.748741540620633,0.578152745858235
"Line_3857",NA,NA,NA,NA,-0.871033447223713,0.525504504686482
"Line_1001",4101.41171178596,760.692238827374,71.0352643263725,1.34053336708657,1.18597592785482,0.507336790767385
"Line_105",4613.93943605637,759.411654301147,67.3630543488665,1.3398514821233,-0.472918388242413,0.506140038162043
"Line_1063",5425.25440450446,767.612203693657,72.1238143921018,1.34467998220672,-0.60313275624942,0.513685070164785
"Line_1079",4775.83197909635,766.626280486406,72.2375391709607,1.34400057998621,1.33915384202209,0.512808572399915
"Line_1080",4907.03070561014,765.67625418451,70.7525614311394,1.34349160711205,1.16630371832972,0.511900384558163
"Line_1102",4268.12441832097,762.468013829249,70.3044075362208,1.34166931317865,2.28522459119703,0.508946771891826
"Line_1112",4669.42830465472,493.100824127794,74.2978581431879,1.22764460729345,-0.908920537499183,0.355134237947028
"Line_1122",4673.20969693419,888.726413260906,69.0402575423307,1.53344530072257,0.183070550051053,0.596977098886104
"Line_1167",4073.54746789511,761.444864393878,65.3570947128981,1.34087641576317,1.64596694137165,0.508044465374414
"Line_1174",3851.28114558226,761.291190839714,63.4055320886814,1.34149060041531,0.551952818285889,0.507603810934148
"Line_1193",5232.67342820363,762.52265346294,72.1567787910756,1.34149052993819,-0.625248609684752,0.509030650092031
"Line_1198",3534.56236337715,764.080352469191,74.1965494540744,1.34218877686827,1.78284688847469,0.510605761014101
"Line_1212",5678.5678152155,331.938402129774,71.9295391002873,0.937600519450616,-0.61413501509327,0.267280825751629
"Line_1213",3897.42883631192,894.894398426889,72.3393009716837,1.53674029728767,1.83476147362481,0.602837299875218
"Line_1252",5237.11100846647,474.517649398245,74.555608075882,1.13780761160418,-0.650870825064367,0.335226619728579
"Line_1304",5180.23260766041,473.387812577671,71.3193192586984,1.14373299266841,-0.682462064141521,0.334277293644174
"Line_1336",4217.21399297386,763.66761279466,69.0724047232582,1.34201450047269,-0.597140256435385,0.510198595969002
"Line_1340",4405.73978018193,766.211759211035,70.8601442728614,1.3436732717291,0.855391535717365,0.512462699440281
"Line_1369",4968.54721010636,891.865880458114,72.4870695865599,1.53472540306197,-0.595322535869957,0.600155204709839
"Line_1398",3615.2346760757,766.456106826554,70.527540532102,1.34444918211019,1.74868093059409,0.512438014966427
"Line_1411",3456.80261241271,895.085094070612,65.9684253839579,1.53665115889152,2.33566557503502,0.603125993950644
"Line_1442",5479.90933480548,766.418749246208,69.2437136752583,1.34409929749882,-0.56814173447977,0.512531890539453
"Line_1466",5287.03589211236,765.939046628714,72.1896777919681,1.34381016493973,-0.317098685515553,0.512092356068938
"Line_148",4991.05002181647,516.469283801756,68.7716716854541,1.17761941244615,0.648372410367417,0.364324626767024
"Line_1487",5435.53430518542,765.114467540602,70.467980130507,1.34366981737809,-0.571233390378199,0.511181929088508
"Line_1524",4551.69487688402,765.216221789171,70.5769669022267,1.34310099773394,1.6053376551127,0.511563942191652
"Line_1531",4662.711269829,762.701925423991,67.2728813571173,1.34210676389784,-0.672617423095044,0.50901667496506
"Line_1536",4222.48911763069,889.428585684238,72.0014054190276,1.53376156689167,1.8820192712555,0.597700258526412
"Line_1549",4557.27115870141,760.520128696505,68.4764579323692,1.34086883096099,-0.657304701043217,0.506986090430369
"Line_1563",5338.70732591542,330.836766753647,72.502588743543,0.93769767139134,-0.530409745123966,0.26735563277675
"Line_158",3888.46473168935,765.798915772735,70.9605588039026,1.34344671172335,1.47079299708883,0.51211228967552
"Line_1580",4772.36336834585,761.869121372829,73.211652564354,1.34115781938509,-0.551725909438588,0.508439085592573
"Line_1581",3877.77578989615,762.531398152132,72.8512129589115,1.3419712066258,1.66616216854118,0.508867961625423
"Line_1590",4960.80520629695,759.310498851247,71.6420102367935,1.3398444343808,-0.539637005872988,0.50599997181904
"Line_1617",4722.9430707253,763.131805197792,73.9103785942973,1.34215060974361,-0.585230179249727,0.509491339199185
"Line_1654",3849.22505338294,761.33054968911,70.8350950800685,1.34069070467201,2.33689081824964,0.50801856737899
"Line_1676",4128.83615667932,493.540014123693,68.7944864659282,1.09897786110418,-0.4973284097599,0.335659523231639
"Line_1701",4829.94210323675,766.243353311893,71.8645308154281,1.34380281987013,-0.545804533580314,0.512466984074959
"Line_1704",4160.73521557036,765.63301570566,70.4141610890548,1.34293188181467,0.447590473710105,0.512062836642778
"Line_1721",3548.54697143773,896.607676657085,69.7576977492929,1.53806708814412,1.2981419725725,0.60430640171364
"Line_1776",4450.15606373053,766.12910494627,68.1299459023133,1.34399671347209,-0.609080744822122,0.512254340256882
"Line_1782",4197.14963570055,764.945264260144,69.4260155510658,1.34302325291811,2.33467027755224,0.511248274703659
"Line_1792",4646.04499562109,764.569040383857,68.459895643909,1.34346125850111,-0.387132694197063,0.510591290980523
"Line_1840",4653.65843507192,765.400937600933,70.217042243514,1.34349839352322,0.936722526592659,0.511583825079865
"Line_1843",5014.02395163487,764.201424214663,72.1515139845693,1.34242625863715,0.914261078214778,0.51063336813087
"Line_1853",4422.06695452305,763.724227544076,69.0849486951006,1.34278978175996,0.596801007431086,0.509930413785334
"Line_1859",5500.84353999669,894.187922658957,72.1909320034454,1.53665390773905,0.269906203417408,0.602059313989902
"Line_1863",5287.08900960195,475.639537092878,70.9652512425662,1.14904734695757,0.443380203239794,0.33631395741603
"Line_1871",5757.95274401469,475.473238139499,68.7055718671852,1.15229584507711,-0.370878573660763,0.335953131385696
"Line_1903",5129.90335278752,761.310294107015,71.8208788429431,1.34072083953145,1.41924849759999,0.507970965918278
"Line_1926",4253.59190933784,763.713518047767,67.3861468405082,1.34247296095982,-0.527409289805498,0.510057383415351
"Line_1940",5075.17141185035,763.774536321566,72.6719394877381,1.34271971868622,-0.505232858436944,0.509998749935738
"Line_1977",4959.94637221819,472.840927770746,72.1355775030509,1.13779315242526,-0.759779733857224,0.333606214615288
"Line_1981",4353.6271838718,760.364322849181,73.2288727658012,1.34046335175388,0.960627830502158,0.506981163004182
"Line_2000",4190.0497689578,892.096896063106,73.9162414071178,1.53563858660053,0.675760069967296,0.60003438155412
"Line_2002",5399.9407387278,761.747541715086,74.3271941955107,1.34084285302714,0.0814164610476857,0.508444538398217
"Line_201",5508.82603862575,766.340579284609,69.6855491436704,1.34407446146045,-0.697621200841027,0.512450411163206
"Line_2011",4431.88499765693,894.814725033252,67.5355754813584,1.53667581031966,-0.155860391735836,0.602792971366111
"Line_2031",5215.21850815554,469.332655930173,69.9821465314115,1.12127535898396,0.663147612784323,0.32936918452713
"Line_2051",4980.93086566287,762.729910754683,75.884890950833,1.34171169023632,-0.502717683664183,0.50921962936008
"Line_207",4636.26640116534,762.042513244536,71.1688547887398,1.34139758297732,-0.614875733982775,0.508529468125259
"Line_2101",5252.77690824355,762.862217361631,73.4616717994098,1.34198134618234,0.981431576235308,0.509247362293527
"Line_2106",5010.51678911087,764.887142026591,72.1115291881812,1.34294364437291,0.821059808867539,0.511205792545382
"Line_2113",4363.06973719055,767.579327077018,67.8237937943512,1.34487982004737,-0.577444806471524,0.513586119115882
"Line_2119",4908.34056486943,766.206793845257,72.2702896221564,1.34428484503974,0.893756446127458,0.512172851800929
"Line_2163",4968.59735425545,763.917922375097,71.2045101942063,1.34251128677848,0.502154831378814,0.510241100815627
"Line_2208",4154.37697346021,763.64271668072,70.5982995508186,1.34266146870783,1.44877585539238,0.509858749112601
"Line_2222",4596.08430728222,758.845715241089,70.0218915222051,1.33942191158941,-0.627087919050625,0.505639099613976
"Line_2257",5067.50824660435,893.394829505847,73.0125454138918,1.53601029647554,-0.0300965365796516,0.601400131324596
"Line_227",5538.9186021998,760.33290551689,74.2247249367387,1.34056985573979,0.517479483056866,0.506862790341025
"Line_2309",4762.9329088578,767.831841622456,72.4448436677714,1.34500321721171,0.0585106702597366,0.513821006791718
"Line_2315",2605.38783712932,763.754169063929,67.9953659249236,1.3422832548448,1.70444167828071,0.510158414805644
"Line_235",4863.75096192785,761.516238367369,70.0196598132212,1.34068678198695,0.904516542920805,0.508217498445811
"Line_2417",5122.93103230561,475.254389392996,72.3927498295181,1.15112207065908,-0.721451181746132,0.336251814255569
"Line_2430",5516.97680654809,761.778858303458,74.6556337105689,1.3416215937918,-0.475917332795786,0.508138129076973
"Line_2465",4946.7572265378,762.941596142941,72.8195649417631,1.34183526509892,0.624996384685924,0.509399826026507
"Line_2499",5254.73690362798,892.592197806279,74.2046578649715,1.53580719208848,-0.610663715550932,0.600549212304492
"Line_251",4971.53138141925,756.026498825728,70.9632703280231,1.33837038214463,-0.494108503391581,0.50272712484946
"Line_252",4307.32308066553,762.079013517386,71.3057157784854,1.34175946389275,1.05752847419609,0.508444781005923
"Line_2521",5277.01791200262,764.106147928111,71.3261162611284,1.34274016231478,1.65843288287018,0.5104088795738
"Line_2530",4483.01691192085,758.099718811329,67.6424116195478,1.33990562699856,1.01226156555015,0.504489476619312
"Line_2581",5039.78861660714,762.816640835797,70.0921958551225,1.3421015643148,-0.556539358563072,0.509129279154335
"Line_2585",3638.46057921319,766.659283665493,65.3036446027085,1.34444289121977,1.43521522279931,0.512651318287608
"Line_2608",5740.98042861226,892.707588068908,71.9758569699248,1.53546688750753,-0.553395039441445,0.600799896360727
"Line_2671",5061.07395262811,765.897153021082,68.1583587677375,1.34385634007495,-0.598295951861765,0.51202022077484
"Line_269",4934.31519776304,764.847437168693,70.3997954657664,1.34282152246769,1.81387027836032,0.511219222993959
"Line_2690",3902.22893731723,767.042799499114,69.0596154229688,1.3446794440159,2.49003559502815,0.513003170419373
"Line_2707",4502.48106502617,762.771554892292,68.2228279318529,1.34217816919077,0.127485337956076,0.509037435912687
"Line_272",4660.20454875715,548.249074146178,73.0473901867654,1.29616774383778,-0.678746421246442,0.395959244710428
"Line_2723",5812.18913812832,765.985435775504,72.2817253329874,1.34382675665224,-0.550597946935023,0.512164082874918
"Line_2728",4793.06155263142,764.109617902967,69.25301180176,1.34235767943655,0.192166722775664,0.510567673328825
"Line_2750",4202.69202915423,766.364483844577,70.7005898145977,1.34407624988268,0.311820798656351,0.512493360494252
"Line_2751",4885.07234778401,897.190865805425,71.2040086388408,1.53871896929392,-0.195922026683125,0.604683832335375
"Line_2762",3846.06104749494,893.124441887767,69.8795312387247,1.53585046246288,1.08982711258934,0.601174264356014
"Line_2765",4464.75882942172,892.938122836198,71.616861519623,1.53554597521201,1.32427961272558,0.601034096248956
"Line_2774",4527.45375569271,762.244156165732,71.0120542574112,1.34143711273796,0.950242666579606,0.508790065111778
"Line_2811",4519.18985804072,893.66192579432,71.2812222353092,1.53630587451102,1.29039040301001,0.601606878112256
"Line_2818",5142.96068925668,763.822245205428,74.1200977556229,1.34249893290246,0.140710200320187,0.510183670699446
"Line_282",5524.55127468296,893.847793819641,73.3630693506639,1.5361354326757,-0.545406582769893,0.601895776886711
"Line_2860",5501.6799834786,330.657414061206,68.6724969632078,0.933259951982301,-0.670907360826804,0.265774539410907
"Line_2871",5202.80828213409,762.659585865953,70.1503918307174,1.34116726753124,0.783076875153997,0.509413887313554
"Line_2889",4746.09990776039,893.569987333376,73.3360649163348,1.53610087562344,1.15575530963226,0.601574310202168
"Line_289",5301.36416841659,764.844816342337,74.5523285514361,1.34310611659231,-0.604277799607847,0.511106540214854
"Line_2891",4233.69403346701,765.661732627737,63.9273314817467,1.34345423938357,0.878980128470221,0.511907110200398
"Line_2925",4531.41316844833,764.135873593191,71.0395613071933,1.34270863114969,0.206705125294926,0.510429951765721
"Line_2933",4158.11383181767,764.874082324227,68.3324401112532,1.34297508494961,1.71989358553678,0.511187573697877
"Line_2946",5055.94822424014,767.08586553599,68.8968871914176,1.34415379450073,-0.547952251751234,0.513303091456514
"Line_2958",4296.55794858818,494.953228378771,69.642877938769,1.10322107812897,0.272582128071118,0.335864381684478
"Line_3031",4701.38196771539,763.258210189154,72.5460711794463,1.34239620940285,-0.669230905079367,0.509506199140285
"Line_3049",4544.21168416001,768.218042901812,75.7629764229855,1.34451303399833,0.264066443914494,0.514439363532094
"Line_3057",5070.8606086991,891.371828453135,71.8845636167669,1.53505272512678,1.18155394187263,0.59943590931966
"Line_3081",4569.31002257846,766.062020338937,69.7453503785253,1.34419730098377,0.759576343761113,0.512064369197107
"Line_3089",5752.96307286341,475.186087991737,71.0608856576126,1.14823614899313,0.367236628284128,0.336307087304831
"Line_311",4438.204198492,766.950522685153,66.814950701315,1.34383715022583,-0.487777006538826,0.51328245851912
"Line_313",3887.16064754208,766.440175893105,67.2657187355364,1.34414946527744,1.66799577017012,0.512515791703699
"Line_3131",5647.85785642475,767.246263043891,70.3518310058754,1.3446295672596,-0.750960652901342,0.513298468371264
"Line_3156",5648.57045520897,893.410536639288,70.1965690997439,1.53606882924177,-0.529572817645776,0.601402457216064
"Line_3180",5112.5570811721,765.150013198368,73.6161116701091,1.34360571805248,0.542713056567599,0.511266120802434
"Line_3215",5222.71981130127,512.270381166951,73.2777078902492,1.15520863042455,-0.154941072643357,0.359438534563705
"Line_3278",5645.70446289987,319.125641149796,72.5761992379285,0.908368513622,-0.602031623978783,0.260645637327691
"Line_3282",4891.00955800757,762.312559307273,70.6844523242797,1.34179872469496,-0.526143146813127,0.508716339718002
"Line_3323",5682.54524814147,765.215986451989,74.4513919245387,1.34394863692737,0.402126614736447,0.511186227031711
"Line_3375",4614.6889323292,759.963446940381,73.9190950159739,1.34093200377426,1.26940156674056,0.506268690704643
"Line_3386",5015.62282816293,763.942969552472,70.9447605158551,1.34245200820799,1.05370358709608,0.51035376124687
"Line_3431",4356.63924588971,887.758658496841,69.1383829707151,1.53247590525293,0.911595669393143,0.596284225982533
"Line_3444",5777.84842698341,757.792609510185,73.2244050668026,1.33931341236576,-0.503229222712417,0.504402649098827
"Line_3514",4911.03777793282,765.386297434632,70.4635575859702,1.34362033721532,-0.615583258917901,0.511529062719085
"Line_3536",5889.86775561805,762.2813911742,70.942816513074,1.34203510094037,-0.67405754817567,0.508551346404609
"Line_3546",4606.10290315257,515.726907979307,70.591497295484,1.16961440339912,0.120782259244881,0.363240711403742
"Line_3550",5522.68193021879,894.540060567475,71.9953561188366,1.53692588426708,-0.202535431287112,0.602334253660191
"Line_3576",4162.79292114259,759.269343024057,72.8002349027679,1.33977601147743,1.44600257384987,0.505963476702091
"Line_3596",5155.94106372154,333.641189836866,70.6779895581988,0.933749783449313,-0.607502901258133,0.266224331108981
"Line_3614",4918.80726476627,763.010394698609,73.4245668139731,1.34210971591582,-0.655862734903864,0.509363259176371
"Line_3615",3962.7390385999,757.847644241953,69.9094310424203,1.33924390567307,1.76956098833664,0.504487659117235
"Line_3642",5212.98777251675,475.873313497024,72.8407139555856,1.15255182785437,0.115321060778488,0.336589445342713
"Line_3646",5117.51699918313,763.906510373854,71.6511132838496,1.34272633090656,0.556815144831138,0.510169314650706
"Line_3700",4711.74813036945,763.918486126967,72.4583473362636,1.34253302134535,0.549472141622854,0.510264462528468
"Line_3721",4064.71638532208,764.505672003033,72.6340064873425,1.34243661956554,1.93525317098339,0.510991629402303
"Line_3783",4541.45095883434,889.670270867967,72.9757376401601,1.53385519809757,0.164863321971063,0.597906313740267
"Line_3804",4888.06967540142,759.135220368036,74.3890658788486,1.3398602120363,0.945470144065518,0.50575452123017
"Line_3808",4492.07356739215,762.417611393523,64.6379630855609,1.34184261421516,1.03703466157878,0.508814065762705
"Line_3851",5028.4285224173,760.612420063909,70.4390684266821,1.34051506773506,0.829104216659065,0.507232882316275
"Line_3888",5537.18491533994,764.055814693256,72.8158609819242,1.34280676390546,-0.510798106655082,0.510290753408533
"Line_3912",4956.44549127297,891.064095081755,71.1222127194708,1.53502649237961,0.223348068454286,0.599054253100954
"Line_3920",5243.80527560958,763.847760482475,68.2568366270159,1.3424096351083,-0.516778299379,0.510223971569561
"Line_3930",5104.39653511785,892.243051760328,72.9191955392875,1.53536575494815,0.90933856674113,0.600319301573916
"Line_3958",4139.42295058301,762.05540715193,71.6900681059724,1.34164991779753,0.608151164521253,0.508457337930207
"Line_3986",4656.76211359078,891.633683013727,73.4379220905409,1.53523536338241,1.54444673033226,0.599643803970673
"Line_4014",4789.66703907517,475.574056929213,74.6245355815743,1.14907399646862,0.0463239413169849,0.33603613452861
"Line_4017",4793.70495843685,764.829844741617,74.7551527008355,1.34334861039773,-0.50302168994247,0.511003578744603
"Line_4032",4747.69187267796,759.793705068672,74.4374289950631,1.34021257111324,1.23927314617812,0.506387289012438
"Line_407",3448.07741667036,893.499204541852,68.5507881689141,1.53602726182,-0.618538048889914,0.601490000642035
"Line_4103",4512.28248700496,893.957463165333,71.3601652845154,1.53650315171564,-0.56948380258949,0.601829047462362
"Line_4132",4381.22202673968,763.300549710051,76.4844609040774,1.34200224040736,1.23460581056543,0.509727566697548
"Line_4185",5007.79478292081,765.734824479611,68.0279541895789,1.34345156834883,-0.651684710979907,0.512017007234157
"Line_4205",4949.70750989459,890.715941403826,76.1684407654043,1.5342751155878,0.69452426333118,0.599014170978759
"Line_4208",4705.92148642749,893.600524546204,73.0364949379337,1.5361654847527,0.738417882451485,0.601560076880466
"Line_4293",4782.54918081302,765.569645771257,73.6328340681511,1.34408882201305,0.565525385263611,0.511545265937486
"Line_4308",4583.02896260884,761.203673252528,65.3911985032461,1.34065569498995,0.634622733891657,0.507885258894311
"Line_4315",5131.06585508313,762.25848477292,69.8659977092365,1.3420823273708,-0.487955438337156,0.508488152838664
"Line_4341",4456.67329530373,766.083050246713,69.8157675815734,1.34389294721418,0.935966056144683,0.512232744326669
"Line_4365",4939.20869653037,761.233148304936,71.3431065470726,1.34128658145931,0.893721841735382,0.50764874777663
"Line_4429",4576.08699955817,762.59731303672,70.6947697695921,1.34165628097595,0.0610705060178534,0.509085452974122
"Line_4431",5057.16611368049,762.405018294984,75.7283726825891,1.34166349359253,0.294286247089786,0.508862388696232
"Line_4442",5425.76547984171,763.07915691762,71.963880018083,1.34211575995036,-0.825353916525016,0.509470541319642
"Line_4461",4264.42230669517,895.5874638206,70.9007982240799,1.5376813150172,0.928718753440857,0.603249511521074
"Line_4494",5128.19273852184,763.990930866435,70.1482223081602,1.34242034860569,-0.694717689186201,0.510416150567801
"Line_4503",5574.82649020947,515.006035139269,72.1984043389271,1.17074406299458,-0.701130081572701,0.362473127308993
"Line_4569",4108.9416006403,756.985883777435,71.9202776820216,1.33869107026076,1.32145910677808,0.503763314079977
"Line_4612",4804.30768462013,763.190320073475,73.5186490866029,1.34229491731263,1.2140848647646,0.509500086171306
"Line_4614",5024.15002662379,891.562570616468,73.6477190821789,1.53479484549808,-0.566306464949393,0.599749676498974
"Line_4632",3528.72356529439,763.474973214288,72.7314091498785,1.34247274281083,0.882501165106296,0.509790994202014
"Line_4653",3894.86109390701,895.349461127431,73.2160249214805,1.5369914935183,0.885132773201925,0.603280026561192
"Line_4690",4544.48590330662,764.380320237626,72.5891722712344,1.34286862765935,0.841378718759778,0.510687369055703
"Line_47",4721.31486304668,763.898126311895,70.5602480031815,1.34210514800722,0.517714543237101,0.510413882561358
"Line_4710",4366.75717245976,764.673842303708,72.1663074947443,1.34316887429979,-0.424460472223917,0.510881176524257
"Line_4713",4892.89675420156,765.421375970999,76.6247968076574,1.34363709990788,0.86347528486247,0.511560455171969
"Line_4714",4824.79315036382,766.647500461762,71.3885086625974,1.34447296747883,0.358448472508745,0.512653205223818
"Line_4718",5069.01622459002,764.829471485989,72.8256894971742,1.34287555600779,0.129251959804952,0.511197310674958
"Line_4749",3979.81648829054,759.777607953746,74.7823660320302,1.34012056620115,2.30827020979511,0.506404462826407
"Line_4750",5933.74894781646,757.675021305628,73.7952901526902,1.33929182498429,0.149360796396622,0.504278723086586
"Line_4759",4954.9943547049,473.700674254157,72.6898217087985,1.12871518607364,-0.589842744435464,0.333902154336916
"Line_4777",4309.10966784851,766.277881912764,71.3666410870196,1.34392168985709,0.306481988713469,0.512473997466031
"Line_4799",5649.64311608256,469.89725391251,70.5311689124293,1.11860739599104,-0.326551853026659,0.330029342099746
"Line_4822",5081.28487393139,762.03305060707,70.1352358167969,1.34162563453435,1.03117668133917,0.508434988351951
"Line_4850",4621.61448716292,761.253801297938,71.6470702632751,1.34096751927675,1.30057870459864,0.507825613012742
"Line_4859",4566.35908268655,473.153508881236,72.9712193597853,1.13496051877381,0.481252247321121,0.33387518093344
"Line_4891",5820.14343040504,762.800250295408,74.2863770878267,1.34206057247335,-0.500393577531429,0.509161877266958
"Line_493",5053.10844470179,473.015182422402,69.1578132660638,1.14023480575719,-0.516562482543044,0.333188859812157
"Line_4951",5394.58880872111,764.272660198241,71.6997599170304,1.34238413852625,0.301106730098556,0.510770963820051
"Line_4968",4370.68466318018,761.901546409056,68.300744207875,1.34169260641945,-0.408564150537994,0.508239197225384
"Line_4986",4487.70157525707,762.697199042028,71.9421314797424,1.34166278652405,0.541550794051067,0.509189124049063
"Line_4994",5416.66094733175,764.758440970486,71.1493610270598,1.34342237744871,-0.577867555604058,0.51087585308991
"Line_5008",5668.02274568643,763.82590435824,69.591238581973,1.34210653055837,-0.581660137337366,0.510328209852803
"Line_5018",4615.48835620145,763.667371014018,71.9538772905545,1.34306053671574,-0.660006554864809,0.509725072590759
"Line_5020",5608.57286029048,763.24035693942,74.1922969528451,1.34215274847103,0.647560739757556,0.509662846894093
"Line_5037",4504.18913730988,762.964288816697,70.7058058400433,1.3417725301259,0.967260124766702,0.509484990054446
"Line_5050",4924.45172140504,761.482832870019,71.0438177199081,1.34072150187657,0.823698062525303,0.508181470119701
"Line_5067",4535.80043839897,762.426061778277,72.9955847777197,1.34122154884918,0.554279570118263,0.509043485097449
"Line_5072",4746.71205452394,763.942603228606,72.3321092766747,1.34232541898112,-0.72329854679563,0.510423326417796
"Line_5104",4771.48027203359,759.194039968469,75.4057397005799,1.3396171072525,0.285576311881682,0.505957896425218
"Line_5122",4495.34917124856,764.438740047459,76.1315319970154,1.3427983043102,1.58904008500505,0.510765961936605
"Line_5179",4293.90464951264,472.036137897847,68.8772710067779,1.13381729113002,-0.0303746055681515,0.332699553213143
"Line_5189",4822.3987133033,894.388169882635,72.2138396464521,1.53681597357901,-0.530496682786353,0.602236444692786
"Line_5201",3907.15835710964,763.516814039085,70.300157059088,1.34245238697757,1.57797436283864,0.509825580165254
"Line_5207",5861.26660142781,889.47318809803,74.4169663756026,1.53367299480259,-0.53003891254633,0.597778093271445
"Line_5230",5205.23236118893,764.790365061667,68.5042093297251,1.34241635944989,-0.636046898197137,0.51135899887499
"Line_5241",4377.58727878468,496.669133381761,71.851464624338,1.10851288420759,1.30275988026815,0.336426894692851
"Line_5242",4430.54864767244,764.638886174176,69.1539243700196,1.3425726674055,0.572739028550041,0.511103515317851
"Line_5322",5575.91354831416,759.281788018647,69.6091167543812,1.34004859938314,-0.588018065478719,0.505875808332532
"Line_5336",3793.47550617227,763.002140677884,72.399620510948,1.34226505612918,1.72571765260655,0.509281313611381
"Line_539",4917.19134647267,763.384677525251,70.7395954968988,1.34254625216045,-0.616896525867286,0.509616979696551
"Line_5442",4814.90537719333,766.090885396833,67.3441315003857,1.34404310543983,0.582925477028318,0.512178660757216
"Line_5449",6098.82012329396,759.991528655927,74.1432301843331,1.34032760515304,-0.669824376572054,0.506596178515718
"Line_561",5129.81472193849,476.785930063392,72.3080122446481,1.15287805986705,-0.712966082367333,0.337557751780438
"Line_572",4613.98146602061,520.886741121975,74.4362450686321,1.18258799914334,-0.440824969290451,0.357464121044022
"Line_575",4466.02078717547,494.82929440684,71.908576192244,1.10306384244233,-0.564642858393249,0.335495138073691
"Line_582",4709.84038867629,766.020186461159,68.8462411345327,1.34338132661821,0.859691906863396,0.512338830357735
"Line_583",4929.94325402102,763.641327459958,71.357624892046,1.34242457222915,0.209533328504866,0.509997533030101
"Line_584",4876.12446484688,758.642510218965,74.7862165459585,1.34007826729878,0.473539784805205,0.505079767436195
"Line_591",5200.23793023663,766.943260419011,72.4133191307377,1.34451560047946,0.214261582182325,0.512977017486189
"Line_6",4472.14037635898,766.232661539564,71.5343982249102,1.34380876387978,-0.615833446991791,0.512449678625765
"Line_654",3815.66228586847,760.470416568528,70.2940597531964,1.34073980101109,2.4129119513671,0.506991885987257
"Line_715",4155.79014015796,765.883185364584,61.5174958357299,1.34381760150035,-0.542071404706776,0.512031529162621
"Line_73",5078.22734012287,763.997362457692,69.9926361227279,1.34201052042953,0.50496106175598,0.5105533545135
"Line_730",5293.72573902989,497.641636774032,71.5753246957043,1.24466259717516,-0.766886890896181,0.359861307555873
"Line_772",4641.4228803389,758.705745666803,72.1772808487333,1.33942666797065,-0.57347808447782,0.505460224582156
"Line_82",4670.36697775857,766.477253807774,69.345710659888,1.34418215270274,-0.531321280967538,0.512567312195653
"Line_832",4660.59954047267,473.853210454673,71.610790483243,1.14198691438908,-0.537470480180975,0.334632095085823
"Line_896",5095.60418172584,472.868288147843,72.228938361103,1.13671839326531,-0.68226424572346,0.333756307940213
"Line_899",4639.06921568586,766.867020908231,70.8589419186062,1.34437315340314,0.840170727497025,0.512952407340494
"Line_901",4900.54204791829,764.977747841898,73.6062981637716,1.34302639310478,1.27769705325652,0.511305870705878
"Line_914",5358.43292328274,763.311123040859,72.3604882602744,1.34202916408486,0.612985773558037,0.509755080852955
"Line_1018",4727.4315049094,543.591869096397,NA,NA,1.05613078517296,0.4774974037632
"Line_1113",4388.92811484737,431.386293811389,70.0552917114235,1.57132119620501,-0.386066785497073,0.327114889972131
"Line_1172",4018.51947440495,628.200984842692,NA,NA,1.01745218354912,0.563695102159917
"Line_1200",4928.02599492518,543.636611058276,NA,NA,-0.952563184752146,0.478049178066842
"Line_1274",3495.50536576841,543.595866186817,NA,NA,-0.247358929199597,0.477730596242591
"Line_1277",4409.27268079202,309.721160352909,71.0374434160126,0.88792709773333,-0.711264706878823,0.18682924451161
"Line_1299",4454.60951693078,392.74472772647,67.2908601053141,1.2973243984824,0.528360373539328,0.291480175421605
"Line_1325",4744.17206970033,543.66766104159,NA,NA,-1.01543227435194,0.478329372770547
"Line_1338",4789.42622496539,392.901532483694,73.4495010609365,1.28993597345094,0.289950327916989,0.252653709686214
"Line_1387",4807.31426967955,543.667981694662,NA,NA,-0.160387482309237,0.478343842473322
"Line_1391",3932.42245457186,628.216355225447,NA,NA,-1.02441841236343,0.563835765920881
"Line_1424",4605.49091299581,402.310018057126,68.0197200428169,1.59047106734976,-0.370023990938416,0.296225387468346
"Line_1490",4381.00535354746,543.614027774507,NA,NA,1.02535043131601,0.477767609160216
"Line_1657",4284.39055299714,351.709750468521,67.1981478034627,0.98812554317102,-0.286020157932723,0.23474996109625
"Line_1741",3723.70355746635,543.562674690557,NA,NA,0.998344549675566,0.477451067387085
"Line_1784",4197.26314589368,543.571861065777,NA,NA,2.03777886345073,0.477366384134467
"Line_1824",4204.89829844643,543.575520314738,NA,NA,-0.117789956235148,0.477579979601676
"Line_1869",4508.84059992123,460.688549418985,70.9085211785177,1.55309687106032,1.50004819162348,0.350506910165075
"Line_1886",4242.60920027192,543.685639768738,NA,NA,1.03570826544392,0.478406491578498
"Line_1959",4389.53325647506,397.949444361408,68.3330957462881,1.20701692155451,-0.187443830452466,0.254700122063164
"Line_2015",3853.36445835874,628.245222929749,NA,NA,-0.552122881044476,0.564001879481973
"Line_2121",3029.58352614029,628.250392845049,NA,NA,1.05305026773399,0.564199107438365
"Line_228",4609.42090562994,543.53156703057,NA,NA,-0.997131118069547,0.477208928010384
"Line_2281",4904.70974331354,628.241692636554,NA,NA,0.127832766395852,0.564113691738521
"Line_2288",3844.52155919269,628.176186105084,NA,NA,1.34148708493498,0.563566093633861
"Line_2331",5510.43442175815,543.516657677082,NA,NA,1.05313832131984,0.477035131546073
"Line_2386",3507.69020417357,543.506433565851,NA,NA,0.389330166623907,0.476833170759488
"Line_2478",4582.27990017261,543.57504549253,NA,NA,-0.938495098639407,0.47757470048369
"Line_2633",3358.02760453754,543.686099539684,NA,NA,1.70612877072376,0.478445563988346
"Line_2657",4226.17661969098,430.847853569959,70.2356390384863,1.5621504644633,-0.785652578833329,0.327028918044596
"Line_2693",3589.56009994828,628.247457159547,NA,NA,1.35745963031262,0.564056253432106
"Line_2739",4659.33416701472,628.25785796159,NA,NA,-0.586965641921904,0.563986890772163
"Line_2970",4254.10312655928,393.823729653086,72.173542126337,1.30496901162155,-0.764957216429917,0.291683536268737
"Line_3013",3825.04782445384,628.208831535853,NA,NA,-0.579599537107827,0.563732974605983
"Line_3014",3092.29860177544,628.212363026949,NA,NA,-0.993274007163541,0.563624240475422
"Line_3024",4339.62683891926,543.686454833613,NA,NA,0.363504696666966,0.478464931701848
"Line_3061",3861.6368627127,543.657820782428,NA,NA,-0.975979664672408,0.478291691262042
"Line_3123",4273.90712999982,628.290988273038,NA,NA,0.424117373768663,0.564434730246663
"Line_3198",3974.95467865982,543.606919728955,NA,NA,1.02937322586674,0.477822508198662
"Line_3203",5510.83420911574,462.336118327366,70.4463822425672,1.57839176492081,-0.305969870716179,0.350208265442743
"Line_3225",3896.53488671873,543.593854748127,NA,NA,1.63346838973071,0.47770648752644
"Line_3288",3550.78102890011,628.241012637572,NA,NA,-0.565722850135207,0.563963662336776
"Line_3320",4213.18111552082,628.263299181923,NA,NA,-0.576290321005573,0.564314479506894
"Line_3465",4858.34876788742,543.605822207302,NA,NA,1.04977587755093,0.47784055722425
"Line_3483",4813.19964289805,543.614629360333,NA,NA,-0.999836832961481,0.477881333918648
"Line_3524",3743.13825475674,350.554639182257,65.8468609982897,0.942543062587345,-0.745557578523328,0.234460292017657
"Line_3529",3437.49766115408,628.279478852403,NA,NA,0.724512914970342,0.564340496432472
"Line_356",4376.23265983718,543.604652060231,NA,NA,0.993685168183184,0.477887128244596
"Line_3628",4012.28605202124,628.171694580178,NA,NA,1.03857504020202,0.56352526782191
"Line_3793",3903.99515545021,628.234880116074,NA,NA,2.04418331221735,0.563900360335379
"Line_3852",5490.4496864162,431.778272628901,66.0762559683741,1.58239278665224,0.420964527835159,0.327141033534143
"Line_3854",3186.85415728548,628.106422023322,NA,NA,1.04722751289048,0.56288587518249
"Line_3891",5225.556184436,543.56072601938,NA,NA,1.02531084956931,0.477402511938561
"Line_3929",3913.38296328245,628.206686587264,NA,NA,1.53359883513972,0.56375644091571
"Line_394",4470.21445029666,628.134323103491,NA,NA,-0.174280828694264,0.563049353602883
"Line_3990",5677.300879014,543.655930169498,NA,NA,1.0655238224771,0.478189698520786
"Line_4050",4393.9255026897,628.208830741023,NA,NA,0.12147625519806,0.563638836859371
"Line_4074",4161.13829678102,462.04598657805,71.6864538269718,1.57549943101549,-0.57270849106029,0.350273804669675
"Line_4142",5177.47831829852,431.779259517769,70.6526928921122,1.58266943806509,-0.388462811133316,0.327258347809772
"Line_4237",5444.18605944423,543.509616767764,NA,NA,1.02302366664236,0.477022255119542
"Line_4268",3846.99711162831,543.532138191371,NA,NA,-0.986294438733569,0.477240525813611
"Line_430",4377.0647602979,628.325700173534,NA,NA,-0.162166720836545,0.56482134384952
"Line_4420",3235.03828609149,543.571825382512,NA,NA,1.66160992940274,0.477365658055397
"Line_4428",3856.66386792761,543.615733857674,NA,NA,-0.196601103901425,0.477875231668017
"Line_4465",4887.01672455795,543.668144507625,NA,NA,-0.982021575973837,0.478350416821624
"Line_4504",3528.81492636543,628.248218598672,NA,NA,-0.559075172147616,0.564090168732434
"Line_4525",3714.64238170789,543.60447034547,NA,NA,0.371857726682027,0.477820402930302
"Line_458",4014.71222089479,543.605099160377,NA,NA,0.435408492791121,0.477804417350558
"Line_4595",3809.58049954749,628.226531192883,NA,NA,0.133641202077608,0.56386829198566
"Line_4650",3422.84730561054,543.593509845595,NA,NA,0.440754934885361,0.477753780812381
"Line_4711",4430.77890179195,543.510373494004,NA,NA,1.06909314365971,0.477062677904136
"Line_4729",6715.34583749706,543.538392180602,NA,NA,-0.135763739059796,0.477095348385419
"Line_4813",4501.31705167513,543.637825907731,NA,NA,0.462399148991897,0.478136499080178
"Line_4907",3004.2059134106,543.532257936048,NA,NA,-1.03968091843059,0.477247557452298
"Line_4985",3981.27177977762,380.965896592743,72.6945815293507,1.57881164024979,-0.0246518332891357,0.280315707577123
"Line_5053",4001.9176977736,543.593919434294,NA,NA,1.06432666487515,0.477705213982586
"Line_5157",3807.9514492841,543.560926886732,NA,NA,0.467561415403308,0.477415094586403
"Line_5213",3537.51967436117,628.235131570823,NA,NA,1.34041084577781,0.563905278285242
"Line_5303",5044.23064152094,628.202776916872,NA,NA,1.01883212496592,0.563703962805482
"Line_5358",4185.82144726495,628.233071692616,NA,NA,0.737379027581405,0.563896695646046
"Line_5384",5375.19048932182,628.261784717502,NA,NA,2.07257509425014,0.564273689271176
"Line_5385",4295.82837709247,543.608576437584,NA,NA,0.427437619200416,0.477906717568804
"Line_5460",5511.60708116469,628.170611549465,NA,NA,0.753137171723225,0.563430054046264
"Line_697",3966.5633445153,628.280570015655,NA,NA,0.129248779787249,0.564372094146193
"Line_731",5258.24070720669,543.592787614057,NA,NA,-0.167257292535473,0.563820067877291
"Line_762",3758.90757843653,628.229127964615,NA,NA,2.4222341560945,0.563998735499517
"Line_831",3644.28826032145,628.22708681211,NA,NA,1.0301059002395,0.563892250357578
"Line_882",4450.53621762022,429.869945811578,68.3812770144085,1.53738661498802,0.410104119806427,0.326915451474404
"Line_887",3486.50200611714,628.217883550344,NA,NA,0.409246124389102,0.563834253002811
"Line_923",5405.92022762268,543.564171071334,NA,NA,-0.194355247034925,0.47752971807481
"Line_939",3796.46618538387,543.615679022468,NA,NA,-0.167584585639775,0.477871555376853
"Line_981",5181.00117901129,462.464078403648,69.1403585323471,1.57765575494509,-0.300720979576955,0.350397320042649
"Line_1",4574.88416863455,682.118637397791,66.3785819690604,1.60708434695957,-0.839776626065998,0.446590975175297
"Line_1002",2507.6617215941,685.246773984305,69.8140159732775,1.62141890825939,1.13363810083918,0.447501379326195
"Line_1011",5221.37018048781,683.260165455346,72.1767848663256,1.61216556090827,-0.595468144672239,0.446898238081916
"Line_1016",3490.81285949766,677.161723876212,69.8200731578157,1.58271700856902,0.465253228533767,0.44505650431934
"Line_102",4830.31006341942,684.343054140854,69.9356999856969,1.61688761261211,-0.483003935700447,0.447216027745399
"Line_103",5334.2580884072,680.887181315791,70.2522240387641,1.60000784209538,0.476689243200595,0.446200585890525
"Line_1036",4717.28914297962,684.397615924769,69.3590467902998,1.61659673435044,0.346712496386889,0.447382321692692
"Line_1037",5041.50193111282,683.024730693088,68.0849463621121,1.61233513685085,-0.69991279203741,0.446803136444382
"Line_104",5258.5602719179,674.600354585911,72.5722007117116,1.56625009204746,-0.588785068214893,0.444495010745102
"Line_1047",4888.85306835066,684.510362607652,71.7130046333212,1.61775641482034,0.391356537635086,0.447361718708466
"Line_1056",4131.89918215777,680.018016603013,71.2320747326948,1.59828793222034,-0.800480886404361,0.445939534522016
"Line_1058",4636.61833635402,678.822172989633,69.4125818207861,1.58696454597403,-0.570161805059679,0.445763432168407
"Line_1071",5220.94599676859,682.198066412338,70.6616545810065,1.60442762760009,-0.735744757623897,0.446769896078035
"Line_1087",4696.74812406932,677.358584914187,70.6297142745109,1.58005635295001,0.499252807274119,0.445266638217871
"Line_1090",4497.67501611206,681.453083560981,70.8400651747708,1.60183829278135,0.513440899184678,0.446350572679253
"Line_1105",5193.67504533837,682.547025021666,71.3631628307127,1.60626737525524,0.453564060747058,0.446807571870615
"Line_112",3763.60785745851,677.661336175625,66.8054126902185,1.58238723137603,-0.762809295173578,0.445371703675292
"Line_1125",5199.10588621495,679.0777554843,74.2649057092968,1.58807754851985,-0.738329890628074,0.445850810172324
"Line_1128",3671.78700501858,677.726707500477,70.1383825831591,1.58567854791775,-0.700228266176036,0.445201557201552
"Line_1132",3037.07937400775,682.421999784901,64.6448221714557,1.60792187793333,2.75688555576071,0.446614628442146
"Line_1135",4829.68048083856,681.742060937512,67.9613339349026,1.60503806402909,-0.806401734325186,0.446506549090162
"Line_114",5470.33595209037,676.601341121191,70.4994934485983,1.57705209786709,-0.639462669183222,0.444989994253753
"Line_1147",5178.15698503952,683.152597789755,72.2065428983151,1.61135230983472,-0.735925053053797,0.446903015403719
"Line_1149",5541.74837875376,681.131076416152,71.1814474736693,1.60360211480815,-0.602334626879436,0.446149609424091
"Line_1154",4481.93656594895,679.88198614465,71.6672148695563,1.59453253288627,-0.639272050391034,0.4458429026023
"Line_1163",4568.61494751246,681.659183947521,67.9294576430576,1.60096195360648,-0.688635845350815,0.446693482553051
"Line_1171",5368.65174539192,683.99683282159,70.4372263525281,1.61714138803127,-0.712866953176509,0.447015068022114
"Line_119",4801.96015305711,683.390441530852,71.9075030782959,1.61629715626562,0.349977420164689,0.446639451465911
"Line_1195",4363.84676049868,680.160225279958,71.2828280132575,1.59457514823946,0.437527524595036,0.446134296204562
"Line_1221",4370.63392018894,682.638605551071,67.7703074033009,1.60676258604986,0.507466688462315,0.446827275477645
"Line_1235",3845.3017544976,687.435476782884,70.3868628798542,1.63058698266587,1.34843108860102,0.448269703940886
"Line_1241",4968.7826052753,686.39484520976,68.5550851592689,1.62749860164131,-0.612612992424309,0.447825198513136
"Line_1266",4648.8551761103,682.178418127781,70.4134838095039,1.6070337462567,-0.828445663584292,0.446553729542716
"Line_1271",3820.33726250269,683.043332244161,69.1458417568304,1.61228566974566,0.452961211349243,0.446833991841894
"Line_1279",4305.88733354778,684.026567514254,71.2751616802481,1.61489783225943,-0.772391625859242,0.447151975946882
"Line_1280",4236.1430440383,683.54178980244,68.0087410387863,1.61362300322746,-0.782879342404807,0.446933518615158
"Line_1284",4758.66476682568,679.67763980388,68.6432034379546,1.59478026240978,0.473247397080785,0.445909431584834
"Line_1291",5287.23313945856,682.817470890466,71.7306756048429,1.61192486158048,-0.775344580632624,0.44667575294656
"Line_1300",5368.05838850158,678.570268111651,71.9986919397065,1.59001966941309,-0.81691720670098,0.445460783106236
"Line_1303",5178.66827036707,678.227959167786,71.7412311766427,1.58479966497305,-0.663761618281214,0.445472245635338
"Line_1314",3659.16638667509,682.559791547386,67.8853808249428,1.60683974042825,-0.545776111268656,0.44683441645641
"Line_1330",4543.72891486202,683.673917082881,67.3504954576681,1.61476492827272,0.460630528640331,0.44690278825072
"Line_1342",3270.53226178753,681.673017345432,68.6986789942311,1.60512513095772,1.17865491513957,0.446412867695186
"Line_1349",4458.52560813398,682.904680612075,73.7778885871597,1.60880604452152,1.83908086018914,0.446913366818563
"Line_135",4845.61919171448,681.201758173181,68.0213437514389,1.60006408836201,-0.769400404087555,0.44643194315522
"Line_1359",4903.87482183384,678.923602144165,74.0986932633063,1.59164065752942,-0.804949269193538,0.445520940352489
"Line_1367",4692.1028416807,685.875613514437,71.4944379238025,1.62481190493939,0.593574124688599,0.447642437669367
"Line_1373",5258.33468005265,682.087531195037,70.5477883569245,1.60678864941278,-0.665916395822316,0.446636634003154
"Line_1402",4964.63525915434,686.018689331579,69.0708086508297,1.62533931203305,1.81486282644859,0.447745281392174
"Line_1425",5309.57632777305,682.117833508862,71.507750264985,1.60976647780247,-0.828895451521866,0.446292094197586
"Line_1432",4781.48153834838,684.154554650772,70.7762411984959,1.61536528756514,-0.789195453683509,0.447258442563541
"Line_144",4424.62185148441,679.774996561248,68.7005129318124,1.59725863897958,0.449819076367821,0.445783173927792
"Line_1475",5646.2949020056,679.03645232429,71.3867763076597,1.58834875839245,1.28085758904219,0.445836793405359
"Line_1476",4445.52546867636,678.935593929712,71.002869115848,1.58717654595539,1.73367555191941,0.445877624217422
"Line_1482",4925.81519954858,684.649671743025,68.8998562159686,1.61950710895263,0.349245451615967,0.44729410810461
"Line_1488",4737.55614945136,680.383306193937,73.6102475131398,1.60086178488187,1.73925631165334,0.445897669472392
"Line_1498",4710.13898401888,678.849029130885,71.9261520648339,1.59362474788174,-0.697330007474004,0.445503368980068
"Line_1500",5330.67831478424,682.097013114098,70.1072699710267,1.60545768844983,0.482040130474723,0.44648143108284
"Line_1518",4176.58259133931,683.646067067063,65.4987221276938,1.6110479157246,-0.704660915670333,0.447121327500501
"Line_1527",4335.96675394936,682.70262840151,68.7855315607988,1.60830381041756,0.583576097217941,0.446780874309435
"Line_1528",4705.11451069221,683.526061493256,74.0045011423948,1.61016026236873,-0.693950753709823,0.447199391475097
"Line_1542",4790.67982251979,684.049656822216,69.7821589500788,1.61505250521998,-0.807430973448449,0.447294396220618
"Line_1550",4192.4841464431,677.181820183969,71.0378196618444,1.57985292000091,0.423751009258589,0.445194895855694
"Line_1551",5361.97190930272,685.436927187351,71.8289238910277,1.62101715096074,0.598782638809486,0.447633367955436
"Line_1553",4673.52151164244,687.024249524954,71.7210743294694,1.62861185114023,-0.635804298731401,0.448083364530349
"Line_1582",4907.92573364889,681.913127443663,74.5055161893234,1.60579304555865,1.2412673509727,0.44647732350198
"Line_1583",4517.36195652169,685.601554656041,69.6323294635477,1.62253129173341,-0.788109271937988,0.447621136226603
"Line_1589",3641.62260053594,684.512310789805,66.7195816331271,1.61716204092237,0.565753494121357,0.447294915770557
"Line_16",4933.57736684789,685.968772159358,69.7933837844576,1.62572897461372,-0.820659927344406,0.447671577419765
"Line_1606",4623.44261776834,681.421622910678,68.6930896230856,1.60302828294744,-0.834569606260705,0.446286866542186
"Line_1615",4281.82994327977,680.918944340081,69.3050202510749,1.59735760132128,0.497344027632369,0.446392503691741
"Line_163",5846.80690773272,681.684071053211,72.686109045999,1.60510586108483,-0.539591442202204,0.44635956117349
"Line_1630",5180.34748901722,677.678633648051,70.7744827843798,1.58123136308629,1.1675401074825,0.44543235666989
"Line_1632",5106.55276287685,684.405120065338,73.1294229781025,1.61745340360365,1.13537259115269,0.447224004650985
"Line_1643",5773.81821439723,681.337217003692,71.5280255885939,1.60147300980943,-0.828730636777447,0.446450184866873
"Line_1672",4395.58173232327,683.855615694901,67.5546138828795,1.61402718673149,-0.824168381831337,0.4471956536504
"Line_1677",4917.42366084444,677.384447727888,74.1483240215718,1.58102372605324,-0.759509092341424,0.445300185044984
"Line_168",4580.84267412977,684.373737373637,72.297026010135,1.61650874762425,0.452635952879401,0.447299961650974
"Line_1686",4491.52758151456,682.146083440389,71.9139397475344,1.60787917820712,1.29273894570319,0.446481526176753
"Line_1689",5037.64192930789,686.084744329205,69.9307635168209,1.6245179915238,0.500910911825346,0.447820131054202
"Line_1694",4017.28568054176,680.810564050679,69.719865910469,1.60113754994274,0.418872118593495,0.446083044469913
"Line_1696",5370.2747825661,683.451355302654,72.0589663347704,1.61347683017631,0.408297158289196,0.44692163393392
"Line_1717",4178.95056658281,683.484220843551,73.3674302460576,1.61181311875719,0.475681096494105,0.447097801839421
"Line_1725",4678.91277408511,679.121103529206,66.2599979071116,1.59067942030613,-0.770113061205695,0.445687542099241
"Line_1728",4414.05184247331,677.539852043946,72.7469422592351,1.58177436537635,0.57263767876714,0.445379363719015
"Line_1733",4045.42975806877,682.760437906345,70.4846929098005,1.61072606077264,1.77042609572115,0.446740354599106
"Line_1738",5169.60837343989,684.323684071402,69.6789531871102,1.61524061422966,-0.610881197122483,0.44734356653804
"Line_1743",4610.86489900243,684.065349015698,67.7767383372359,1.61717433571973,0.498034483092631,0.447071838382089
"Line_1756",5176.38587640139,679.907937959368,71.1222970477667,1.59740779305857,-0.760092565192761,0.445912460928002
"Line_1758",4602.67400045587,678.95645133861,70.1550786180164,1.59201634782236,-0.697815348018468,0.445562201203424
"Line_1770",5038.53847203189,684.596599214793,70.109302288237,1.61722678662719,-0.793251974516813,0.447446183369722
"Line_1785",4325.61928539894,682.957268454726,69.2626590391882,1.61090277130639,-0.812367399179594,0.446793892109335
"Line_1804",5153.09644340394,683.42227143466,72.8982257970606,1.61221702683545,-0.813982330668634,0.446991699447671
"Line_1813",4822.61586066876,680.594785407364,70.7267641919815,1.597163700501,1.19255586299627,0.446234264039882
"Line_1820",5613.42752723909,681.725056545085,71.2879464077904,1.60525753244726,-0.696720810511485,0.446491041087451
"Line_1826",4186.89102509829,680.024620416839,69.4453540477857,1.5939731555841,1.77852609451249,0.446086653797877
"Line_1828",4469.24384846781,684.311275196197,70.4129474411744,1.61689292642202,1.15338807210628,0.447315925255027
"Line_1832",4910.20715534817,681.970375132879,69.775549567749,1.6055671577378,-0.683242537560959,0.44650903751407
"Line_1833",4719.99554558268,683.206504917924,72.5619580656598,1.60936642395405,1.22001906337404,0.44703151489041
"Line_1857",4536.52326936642,683.474737690081,69.5974565578831,1.61507881548566,1.15386569858618,0.446876636031444
"Line_1861",5142.52898568185,682.94796276587,69.9473336663659,1.60963678949753,-0.813688136997297,0.446910522320032
"Line_1881",4871.34429370332,681.79839886571,67.8961151496736,1.60383937239941,-0.721361592918442,0.446609068997197
"Line_1884",4654.34334268966,687.169243561675,71.2363523980962,1.62966502361234,-0.693169676714359,0.448171368616913
"Line_1891",4313.491521778,682.601060234508,72.6872467304694,1.60965686049178,-0.69978596025771,0.446585074073829
"Line_1908",4799.28329651528,682.800943173926,71.9074444243169,1.61078730189459,-0.61922134058752,0.446571254603833
"Line_1909",3952.63825846476,681.950785386923,68.3351362166718,1.60557750369782,-0.784029143375628,0.446474598531532
"Line_1949",4433.41309241178,682.560459063762,70.3014019305502,1.60756928359438,-0.588056593631252,0.446749872838456
"Line_1960",4144.04492749874,683.978616272,73.7386952502522,1.61652429445136,-0.656770914773434,0.447161031582005
"Line_1968",4073.74804250412,681.098776485181,72.7215188007582,1.6013910418891,1.74454440890158,0.446266279659471
"Line_1971",4943.55882717774,685.404332777942,73.6210042015687,1.62253641378077,0.318605848489142,0.447548314369952
"Line_1974",5244.03775305951,343.264919689945,71.7292670905163,1.02509440549349,-0.344176374514899,0.286695897369829
"Line_1984",5201.68328112296,678.626906620975,70.4568205299698,1.59060078772377,1.88564343382214,0.4454772986736
"Line_1995",3707.5062755635,683.945678510624,65.8324924083227,1.61237228856229,-0.810013101966283,0.447326004716387
"Line_2017",4642.0068237539,679.319458631719,72.5404266872529,1.59368078338232,-0.737683992281999,0.445721958077941
"Line_2019",5520.95846239442,680.866764435826,69.7466500716148,1.59879083752522,-0.805766896717696,0.446366751606309
"Line_2043",4612.19867970663,679.898526693943,70.5984939447852,1.59810912494102,0.447486025242202,0.44578581276043
"Line_2053",4732.6992469066,683.655250709681,69.0858535520915,1.61413136201246,-0.608486141146526,0.447042570022256
"Line_206",4733.51964436063,681.688332428787,67.3512171945626,1.60217275174418,-0.818363245724401,0.446536264020901
"Line_2069",4680.18670293368,678.325822235449,71.0045186970401,1.58737990611336,-0.718590493233996,0.445445818382792
"Line_2074",4711.36065191499,680.806035573556,72.8848418974944,1.60280628087676,1.24689452960103,0.445993043088472
"Line_2081",5000.41028437028,684.422238148282,69.7129396276564,1.61412909269406,-0.612195255737474,0.44743367914996
"Line_2086",4808.42327724629,683.247568443961,70.0243780744862,1.61146056453467,-0.674044635060008,0.446847233617828
"Line_2151",4588.56241894981,683.547492033805,71.9852658950544,1.61357518490562,-0.751851036414368,0.446990201082391
"Line_2157",5011.02988338569,682.207788042093,71.7046210517605,1.60812896382968,-0.576496454317564,0.446512372335125
"Line_2159",4537.78267324523,683.067483857266,68.739771633732,1.61292437315292,-0.580610574042466,0.446787036801299
"Line_2161",4675.4047393072,685.209826980563,70.8758701189303,1.620441272513,1.30892610950791,0.447467165766045
"Line_2165",4499.17921580276,685.797005270179,68.7851816482767,1.62314268005365,-0.854465964915162,0.447766891213233
"Line_2177",4594.08052558626,683.27679340705,69.9948857344804,1.61472035508796,-0.638581340021665,0.446624829987339
"Line_2195",4320.73611422243,679.94859787583,67.4877628064543,1.59319934882796,-0.716410686483547,0.446136324979186
"Line_2218",5529.06281620271,682.594476999961,71.6289040567044,1.60951091296095,-0.665918159370042,0.446608956128039
"Line_2227",5438.59379156315,684.743196981683,70.7088064145586,1.6196456097998,-0.627496393647255,0.44727079251713
"Line_223",4209.69212519827,685.122301552648,67.6995912575583,1.62243170332631,0.568139563472413,0.447247560954188
"Line_2230",4714.07952472679,685.421662625326,73.3237799925811,1.6230009259023,-0.791977527185171,0.447456350590613
"Line_2237",4269.91809096791,681.846160531985,69.249129710301,1.60438478663711,0.397967484341443,0.446515487163743
"Line_2255",4655.62205900555,680.054852349713,71.8307030009116,1.59595222805985,-0.719105189558167,0.446021525476288
"Line_2256",4941.84686479183,684.910154015929,71.6705993574174,1.62105584465045,-0.819522007101957,0.44738108129672
"Line_2268",4800.55164608975,680.446597411958,72.2823538491531,1.59768952222151,0.420824264849435,0.446139802490269
"Line_2276",4982.15988276871,686.148364936271,70.3856338712198,1.62478295860904,-0.532558201700525,0.44776623917714
"Line_2279",5635.97606397016,681.259858384993,72.5009294884329,1.60275122652488,-0.834986182841588,0.446275752135158
"Line_2283",5002.3611166711,686.532063799789,71.2877199051581,1.62755339590711,0.502329727590446,0.447922778031335
"Line_2284",5316.0369230561,683.49899559157,69.3511018567201,1.61320900290489,-0.673350288282536,0.447092344753818
"Line_2328",5083.68408423973,682.795682311586,71.949586963295,1.60983085251201,-0.719615891704273,0.446756518004445
"Line_2332",5016.90623412613,683.514087033073,71.8623158405887,1.61272995638981,-0.721211168558809,0.447116546731181
"Line_2335",4636.93013571544,683.930480191132,68.8085695548469,1.61446118062029,-0.690542438901251,0.447142444369594
"Line_2342",4477.43398578078,679.786798298282,70.472434545234,1.59088473589547,-0.769507204604654,0.446228171595672
"Line_2343",4408.52418945024,682.881085901477,72.4049249760327,1.60956993729808,0.402005682973626,0.446849534744932
"Line_2359",5042.94605695291,678.244258957898,71.6802927768979,1.58089965613173,-0.775253015665405,0.445820488198349
"Line_2367",4100.451854457,676.713826602492,75.2880580483266,1.57896564703394,0.421338491745358,0.445003541253683
"Line_2405",4654.34110770306,681.036573472995,69.870115678707,1.60274911133838,-0.666617268310057,0.446073048561632
"Line_2406",5161.2836684056,345.843425896662,72.8663957508312,1.01439988624859,-0.710007656753252,0.296207895014671
"Line_2412",4306.42240119524,683.122469203232,71.135578772658,1.60938099685902,-0.740289430080329,0.446988545316669
"Line_2440",5285.63271859754,683.642525643482,70.2426964258329,1.61198105287923,0.422605489708708,0.44717906745387
"Line_2443",5151.89204398099,683.168574738052,72.3205207644884,1.61183621351933,0.425931067970395,0.446746602698025
"Line_2450",4841.60721237955,679.704594378405,71.475861727681,1.58923337330468,1.74801042181051,0.446220942347815
"Line_2454",4795.68394584361,685.380367637723,71.0963613557008,1.62313402825594,-0.786782233930642,0.447447620717498
"Line_2470",5136.26374977377,681.672926463821,70.1029439851255,1.60635373827962,0.355108377276906,0.446295007184948
"Line_2474",5151.64850439366,682.997865133352,71.8916674934471,1.60936714007014,1.16416419397365,0.446949959607262
"Line_2483",4710.74554515313,680.562911259841,69.5010097982373,1.5973250456412,-0.742446495366708,0.446146373830615
"Line_2498",5350.56216573446,684.132413979908,72.0006311820158,1.61728518692937,-0.660535046899699,0.447146948031734
"Line_250",4906.50944423905,676.853871650571,74.5258699216327,1.58122817909689,-0.73509788388101,0.444990599496737
"Line_2503",3859.04915598061,677.505783812106,71.075453838595,1.58112847019735,-0.723665326773119,0.445404126665958
"Line_2511",4665.53292762387,682.554631329469,69.3758389878252,1.60887966319278,-0.784708337130913,0.446673401713152
"Line_2524",4735.1546676855,676.818413160051,70.3862585012924,1.57786520638431,-0.733842826909847,0.445167396411288
"Line_2525",4358.86534952515,679.468849942364,68.1210396454397,1.59426078186144,0.43061278043207,0.445776481518687
"Line_2528",4570.40456024091,682.782140230417,68.4454501007282,1.60923366642263,1.84234316619433,0.446850907265022
"Line_2531",4584.00258471465,683.853637462008,71.7864850076328,1.61316958286798,0.469876262063532,0.447170829078314
"Line_2548",4636.17438580399,684.723869855438,68.161031297229,1.61687125962624,-0.739280801109057,0.447425860168182
"Line_2551",4539.41058810336,681.526679116151,69.5349715756618,1.60343284219039,-0.769293501202491,0.446370981159532
"Line_2555",4891.13888518029,681.170928691907,72.434055444082,1.60141640242991,1.17186887552476,0.446336610944944
"Line_2566",5713.09823296264,683.661799750384,73.9615785487979,1.61149925252265,-0.638909105735169,0.447208248716784
"Line_2587",4914.31985398652,684.159860035277,70.6946538246467,1.61733330853843,-0.622684174365368,0.44707925406107
"Line_2589",4781.81875488267,682.604742408526,71.5259441640986,1.60693361772172,-0.728921348076711,0.446859621057637
"Line_259",4373.56564657866,678.50514215357,70.6264591217642,1.58774137332632,0.396561144684942,0.445606161382107
"Line_2591",5018.71444773862,681.55237391349,71.80952702863,1.60509548195911,-0.815755262605033,0.446283909694603
"Line_2618",4270.33791009439,681.8158574074,73.6669628703301,1.60520106877596,0.524464069573435,0.446490090873755
"Line_2643",4942.00868540482,681.732135091175,71.7956494449146,1.60248547452367,-0.75169934419527,0.446593529773325
"Line_2644",4771.6486119564,683.0934266941,67.8171590504315,1.61228399406301,-0.636646458594895,0.44676257814264
"Line_2648",4813.48181296757,677.081902184295,73.4977026625462,1.58166133705524,1.16646384207765,0.445050093828855
"Line_2655",4554.4668824281,683.273216187306,69.4729279370387,1.61178256848176,1.17172821323614,0.44697468194126
"Line_2660",4828.06820796936,681.322502494196,70.0315373220907,1.6020741410007,-0.704547678042079,0.446377575303833
"Line_2664",4317.18824305398,687.253227543147,71.5006200069175,1.63085675089346,-0.746804852541662,0.448107924959093
"Line_2669",5083.61185947944,683.832790461364,73.3275572401413,1.61478084431489,-0.791920623976629,0.447153583342146
"Line_2689",4531.61635021032,678.437316875855,71.5074262379901,1.58662504275228,-0.745789643056608,0.445525427839743
"Line_2691",3944.53914841192,679.46357274748,71.6155551643007,1.59227685073828,1.1661988248368,0.445877927715596
"Line_2710",5431.90845022861,681.43914898008,70.4842430082421,1.60396422873888,-0.847972888929676,0.44621273470231
"Line_2713",4850.54405856597,679.9540632283,72.2628943697758,1.59120858754851,-0.711615049385628,0.446179224619514
"Line_2720",4825.80452113928,686.123824911264,71.9102462832934,1.62430725770259,-0.718790064490064,0.447830038895517
"Line_2726",5849.2800202554,683.676504115255,72.6054972408246,1.61501155051511,0.649878049189556,0.44690421204075
"Line_2730",4306.44864202627,686.366548065927,70.6704412571055,1.6263814706166,-0.475120301441104,0.447851314859706
"Line_2742",4481.39350170787,680.775134575574,66.722393706465,1.59761172758762,-0.73732043601576,0.446272177623529
"Line_2746",5660.01188884353,686.86478058863,69.9646597524991,1.62940484407228,-0.59386584283806,0.447913934441711
"Line_275",4047.44866998748,676.607384908569,64.2664055966546,1.57707519175043,0.409478393745954,0.44505427915381
"Line_277",4945.89256113755,681.96149982777,69.5758715789956,1.60728350202017,1.16127616574658,0.446363024177787
"Line_2780",4378.01250649616,683.431330862355,69.7797624833726,1.61348236586904,1.71806628216175,0.44697777381221
"Line_2791",4889.76365472834,684.545717449149,70.5570544934814,1.6177544895377,0.526285832467135,0.447372617473577
"Line_2795",4009.56562184318,684.510002490173,67.6897492164725,1.61817537259245,-0.749656886783685,0.447259886431388
"Line_2797",4507.06285436341,680.204148689858,73.8446179957842,1.59247632546445,0.451982294040999,0.446344365658951
"Line_281",4372.77790707241,683.508438401232,70.3705870947427,1.61441463909227,-0.758395666985833,0.446992354643041
"Line_2826",5393.35822111529,683.814451741992,70.7302492369245,1.61361805125838,-0.761456775115671,0.447220318429336
"Line_2836",4615.53332063392,683.585749153023,69.834810750927,1.61430172575044,0.506511648001992,0.446894762825652
"Line_2861",4457.00105523956,684.051249246991,72.4956912257464,1.61636497187297,2.58817086022509,0.447097260359722
"Line_2868",5060.71181093896,682.736947741261,72.3004817512973,1.60880306706928,-0.701457954379049,0.446818549727196
"Line_2877",4921.06539332995,339.983147140574,68.6389225574523,1.02427542506577,0.142753282950114,0.287264941833641
"Line_2879",3920.43028687263,685.772804289172,67.052755418493,1.62340921507093,-0.602333247415272,0.447729236160875
"Line_2882",4513.2167985081,680.176474876192,72.2559808833156,1.59299927359383,0.544782360725039,0.446260041207069
"Line_2897",3692.79958359139,681.362994054686,66.8136571150083,1.60368944461934,-0.642863960989356,0.44635644175187
"Line_2909",5241.45116709042,681.400589313747,69.4681791578237,1.60448168188413,0.390530545410348,0.44623567893403
"Line_291",4682.32055185881,682.701663213926,69.8979298904444,1.60942383719245,-0.549870924600669,0.44669320258069
"Line_2918",4957.48169231314,682.359436407771,71.1646954569574,1.6099683013737,-0.767552907497572,0.446448168870669
"Line_2919",5685.57534452359,682.971715893281,72.5467522142508,1.60986299545875,-0.708624268398768,0.446988541414553
"Line_292",5034.7711052054,681.367443042685,71.3299315720687,1.60281118852369,-0.632183912650386,0.44621889005566
"Line_2924",4916.29487962412,685.09712160365,70.5347318205305,1.62220087204333,1.78598661661414,0.447376633968415
"Line_2928",4627.37902774413,682.48861423269,73.2809109714971,1.61062116866431,1.36455952364803,0.446474983343784
"Line_2929",4734.46754347132,677.696483839381,72.2601256933076,1.57923850197007,-0.705706681946755,0.445547745817238
"Line_2936",4736.18479672079,682.766538499284,70.4242203755076,1.61014487296834,-0.708821490525385,0.446775538053028
"Line_2939",5055.94239928523,339.851227375685,71.5475459417652,0.995675499863682,-0.516869427053648,0.303367861822829
"Line_2975",4181.00137200335,676.068011964832,71.7500050975704,1.57444222793365,-0.771092770849369,0.444871130997327
"Line_298",4904.6785311086,683.652920875152,71.4650971791455,1.6130673665605,-0.568149111500195,0.447025446569068
"Line_2991",3736.48220722849,681.209993460664,71.7912879505014,1.60077096432857,-0.695835637485843,0.44633501016059
"Line_3010",5376.15440983309,682.350233039124,73.0617143172349,1.60890772262865,0.336461601482429,0.446483125592678
"Line_3037",4441.80257686021,678.31474502658,71.5178387764344,1.58499411244462,0.42946283321393,0.445614224938904
"Line_3043",5008.43931715023,681.548817336858,70.8794437829312,1.60590990732795,0.343449218541485,0.446252425499262
"Line_3046",5355.82387112972,682.035398057598,71.9984784738082,1.60586298248587,-0.731031176655301,0.446548567521104
"Line_3047",5386.78639830334,681.317218492649,72.5519468873681,1.60368581158403,-0.697037501108472,0.446214145647056
"Line_305",4919.24910266135,683.145619109863,72.5791711234106,1.61360477355083,-0.745079683669392,0.446669338566622
"Line_306",5123.0217044763,682.980856112405,71.6975351076497,1.60959356767801,-0.651321070740771,0.446810253201395
"Line_3071",5265.44649248457,687.131257362729,70.8654708264259,1.62989391744743,-0.645161800376227,0.448071330432647
"Line_308",5235.97587556489,341.567604476782,73.0861259570098,1.00242897457445,-0.0979745305533933,0.295375376905305
"Line_3084",5414.29395579065,680.179221566121,67.9870734890153,1.59403880849683,-0.706677198577931,0.446183001011775
"Line_3085",4904.92633496003,683.270703357356,71.8153601022407,1.61251022959293,-0.839422487169601,0.446819495156737
"Line_3097",4936.35883949908,681.885370394204,71.4557621886932,1.60439984719534,-0.79407465282053,0.446588030258348
"Line_3105",3362.65700973859,678.184098598654,72.3371208423331,1.58529180639251,-0.73253798556045,0.445416990136739
"Line_3118",3822.70823127721,679.963787216133,65.2961063246697,1.59334952038541,1.78573696128222,0.446122652599839
"Line_3122",5271.00654728417,682.15768368699,72.338785986232,1.60593202610837,-0.662843775481372,0.446702426362078
"Line_3126",4843.66971031776,681.907911492652,70.4672600639487,1.6045547973569,-0.682606954980574,0.446624703892846
"Line_3129",4108.1048010071,680.39544002723,70.3580550758604,1.5979530991192,-0.802464411544331,0.446066770494651
"Line_3130",5324.26484708295,682.284515884082,71.2426003604518,1.60718517890363,-0.812748060690778,0.446638452894475
"Line_3142",5421.35499521748,681.421760586932,72.0350350411987,1.60377142321358,-0.752287232577865,0.446191989108423
"Line_3166",4773.20023813077,678.137084888101,67.491841371236,1.58446125683697,-0.614283387081651,0.445507254774436
"Line_3169",5000.03271231969,683.123152368354,72.0934953933561,1.61053087681762,-0.63926601242847,0.446865957417911
"Line_3175",5318.5157529623,684.264803558894,70.6115136188409,1.6181028074502,-0.695479237366395,0.447223281444192
"Line_3176",5338.46944294367,684.358238607347,71.2644575260965,1.61559788482775,-0.703645676262856,0.447382048254179
"Line_3190",5362.60926272544,682.479779792134,70.4737750748852,1.60762363426087,-0.690624244196721,0.446630823028086
"Line_32",5442.49950573687,680.239091539544,67.7373124569304,1.59864644817225,-0.780812262442368,0.445852906935606
"Line_3218",4862.16488398427,683.095133134503,71.2721803479917,1.61188424604953,-0.708108051318695,0.446748538414779
"Line_3231",5597.81742948966,681.094884884617,74.749329721815,1.60294288174737,-0.690487074684018,0.446233918597858
"Line_3272",4431.43740195191,680.476860309107,70.9781991007729,1.59747474437694,-0.804846947202308,0.446195606202674
"Line_328",4724.65609427487,682.127522499191,71.4538603908937,1.60534238208397,-0.537457465757109,0.446602919355147
"Line_3284",5607.78578841894,682.480958615339,71.6502879781468,1.60706779329525,-0.541510256356085,0.446840659911882
"Line_3286",4883.09475637881,681.065557912319,70.0664614225544,1.60265909867102,-0.729499196038838,0.446185437620188
"Line_330",4920.77073960061,679.11667443086,72.1290870253257,1.59515149425727,-0.659645383277555,0.445459696766109
"Line_3301",4774.38219534473,341.992578524355,71.7759148080588,1.01915798789363,-0.600635255438168,0.286582960473988
"Line_3310",4450.4361035281,675.868472475399,70.7558327629092,1.57638106280368,1.30296422583441,0.444734639437016
"Line_3322",4561.44480640613,681.986069018675,72.0032783096879,1.6043498156631,-0.762581987712572,0.446652916015598
"Line_3326",4745.7396355132,682.010524234269,70.4531938910758,1.60585309310892,0.368607626941572,0.44658777862646
"Line_3327",4654.44469455057,682.248440441182,71.5470036994086,1.60697452686485,-0.798706526180756,0.446628336375388
"Line_3335",4937.55357634154,681.983511293109,68.833964667466,1.60455680206845,-0.534655763569744,0.44663215508155
"Line_3342",4287.70115326215,680.94717119659,72.3430878956161,1.60046675000983,1.28230692147005,0.446190018888828
"Line_335",5000.9862337038,680.387827748409,72.0499096442946,1.60203418867871,-0.636710173623339,0.44590024413778
"Line_3356",5145.78155874376,684.0884060983,69.1459930142212,1.61746788953788,-0.776319577183205,0.447111671941336
"Line_3363",5620.89665555659,677.808316828327,72.4770741017691,1.58428396009573,-0.712392218330963,0.44533326796856
"Line_3373",4865.97893334972,684.569001694519,69.2722348472239,1.620251764693,1.25895042919099,0.447087929854534
"Line_3390",4889.555267683,680.846736685285,73.0836748208935,1.59840942182474,-0.770959515159775,0.446252311379066
"Line_342",4558.78069463833,682.819844426905,70.8290836001571,1.60941470110041,0.400536358818752,0.446828365909911
"Line_3450",4537.34470248636,683.549578894978,73.3230225550614,1.61404205945559,1.7919368761612,0.446941669527094
"Line_3460",5144.15326345839,684.51530257344,68.0400719594592,1.61795719523901,-0.61036706955036,0.447196229380619
"Line_3479",4916.85108362381,683.142499346293,71.7885794542297,1.61190900896291,-0.782418028550235,0.446759700960223
"Line_3486",4744.48653084019,684.963334826958,68.7827133245915,1.62140990512763,0.485144800275845,0.447317405518853
"Line_3510",4401.51859165765,682.773950323592,71.0618296504392,1.60725460493001,0.501615446709779,0.446924456712382
"Line_3519",4396.93626049724,679.185958979276,69.3352613541628,1.58964006936047,-0.691006889489192,0.445847922056907
"Line_3548",4803.11353621818,683.031253259785,72.6302686152414,1.61061184461148,1.78680511064526,0.446872877736529
"Line_3556",4451.53863937365,684.321427663565,71.5836123751843,1.61525627144119,-0.721959809166829,0.447283210489327
"Line_3566",4547.35343721068,680.069919653191,69.3190290091129,1.59845751156959,-0.796415141208173,0.445797410746676
"Line_3571",5295.32391308607,683.39663330357,70.8935546314282,1.61328006048049,-0.697739968375918,0.446943127987076
"Line_3580",5023.86623297086,678.388166291252,71.7685192093564,1.58487757866072,-0.716727156852882,0.445626218075283
"Line_3591",4534.96490407398,682.376880851096,68.813663311892,1.60734246113046,-0.67358048614836,0.446625301931485
"Line_3604",5377.15845824703,683.056723025377,69.8936799923669,1.60871675052129,-0.725605355834015,0.446985999194164
"Line_3607",5172.81638644988,673.9261205045,72.4505320681877,1.55900922672066,-0.762334261038165,0.444530930097116
"Line_3611",4143.70992864143,681.86099734531,67.6052982751478,1.60304088669157,-0.6519118631722,0.446548446569981
"Line_3622",4451.54314398502,681.670892673777,68.9378276733059,1.60147148749583,1.82984132596201,0.446574828957115
"Line_3641",4672.87932108384,684.385642305236,70.4648134536587,1.61748274027951,1.32530583707823,0.447306364250867
"Line_3656",5226.52165064302,683.519374569425,71.1774210679896,1.61419406889698,1.24374487588881,0.446951730087641
"Line_3658",4897.45239721031,682.414499690546,72.4896557264022,1.60731745312764,-0.690788345251101,0.446704424547058
"Line_366",4405.15331488185,681.064495713291,70.992836312288,1.6009877587817,1.74779337177194,0.446178528864598
"Line_3663",4132.0905775895,686.02396060002,70.6605064681586,1.6253604445361,0.549252890348052,0.44773963283585
"Line_3670",4174.25871844125,683.536519864762,72.013852987105,1.61233691968472,-0.555678024261481,0.447065954254738
"Line_369",4895.09349186301,679.933708475136,70.875230563782,1.59397190086057,-0.644796935897861,0.446047365424388
"Line_3704",5672.14163664903,685.013560467856,72.728994722753,1.61917390134847,-0.764015327556817,0.447574395798738
"Line_3707",4197.85887662966,682.219436984453,72.3932941815187,1.60913244693488,0.537005138563389,0.446491123509265
"Line_3714",4135.0926971086,680.719646507853,67.7836735338593,1.59907930434643,-0.749288946340188,0.446130720562316
"Line_3722",5235.62864315211,680.633321561531,70.7867821404173,1.59889826356467,-0.709662181722556,0.446189451580481
"Line_3725",4983.84976295152,680.670563572077,72.713908542481,1.59831292023989,1.20543635488129,0.446143601974551
"Line_373",4142.06841004206,681.611850876182,72.8986371787082,1.60707090102719,1.74473257980631,0.446215979595982
"Line_3734",4032.48310427168,678.121017458882,69.6303533027695,1.59107325919506,-0.763137285920534,0.445220147001452
"Line_3739",5218.13763023353,683.750797575741,73.7191120373061,1.61672476367739,-0.656739396701192,0.446909184786136
"Line_3747",4402.94307674455,683.185903029897,68.9287005765527,1.61173593865678,0.370555385382333,0.446889916746065
"Line_3767",4724.03537408876,674.16499193529,69.5645069564652,1.56318905880148,-0.765152218243817,0.444372057302458
"Line_3768",5079.82418337884,685.953378217034,70.1226030373046,1.62473803275628,-0.555204803311805,0.447708910093509
"Line_3772",5154.98677870199,681.194499226444,69.0433946393794,1.60099643473559,-0.644187381728714,0.446475715356237
"Line_3773",4681.94038064622,683.639898751407,71.9699841146778,1.61127583311552,0.387751573908364,0.447224543847059
"Line_3777",5198.6228305515,680.01555277455,70.0930280341514,1.59523046783011,-0.78330106953719,0.445943350313228
"Line_3778",4167.93045943879,677.762002889045,69.9759399394184,1.5823965800367,-0.745920481571687,0.445458379021613
"Line_3782",4495.59378738591,680.550761312741,70.4214234467543,1.60063880222322,-0.646596595592029,0.446041531573267
"Line_3801",4456.84589942395,684.663406790997,70.9322826751692,1.61894832755163,1.77320413257885,0.447350364685287
"Line_3814",5256.15791391852,682.398175620488,72.7243763675247,1.60690207489025,-0.649617986088817,0.446623608001918
"Line_3817",4371.38202115079,686.106963011178,72.2164385014041,1.62516092649914,-0.647845178563012,0.44777203148679
"Line_3821",5173.42107773783,683.905093876551,72.6074766501649,1.61597480032518,-0.61600459610459,0.447027332798292
"Line_3833",5248.78919071187,682.093124826739,74.731685695032,1.60567009022969,-0.767142320438437,0.446545515859282
"Line_3836",4918.31567216135,680.412308251582,69.9007567160834,1.59824549867144,-0.684793261248693,0.446098256528133
"Line_3840",5296.99410360618,684.247442083021,72.7965471705308,1.61620775430167,-0.503159968358216,0.447174771412794
"Line_3841",5368.58550233616,677.103086187066,72.2178657344762,1.58314055943199,-0.71223950026311,0.44500555776457
"Line_385",5723.77761173804,681.103311037586,72.7752867371383,1.60002277037207,-0.66356650256082,0.446348440173451
"Line_3872",4418.34014135161,684.552118235061,68.8777020067875,1.61853988810258,-0.707889061766115,0.447239129333714
"Line_3873",4163.34418528548,687.255054394966,71.7834016890775,1.62912084946542,-0.700823927224687,0.448205796824813
"Line_389",5111.76663680178,684.45489550808,69.1461093451134,1.61864061730806,0.601070607797654,0.447111171540153
"Line_3900",4689.37155267841,682.663118789443,68.5544073284304,1.60971167279045,0.508373011981736,0.446773389836025
"Line_3913",4638.16289476779,683.11990798663,71.6058305034666,1.61101277564206,-0.705410542704987,0.446774913166252
"Line_3919",4693.48532099236,682.723730188711,69.8501269076116,1.60939115695667,0.612942677585519,0.446785719552273
"Line_3921",5440.91872706422,679.184115761987,71.8688842063477,1.59262317148389,-0.67330644210643,0.445691517909744
"Line_3922",4991.16859014704,677.308483675749,68.7808936078476,1.58401611029477,1.24299620848069,0.445084799862594
"Line_3931",4364.97082518583,683.275851187003,67.3272708094041,1.61160089194017,0.301969120580491,0.446968320500704
"Line_3944",4881.75079004799,678.73635512916,70.9741775477132,1.58707730276311,0.371279802815248,0.445770141619629
"Line_3949",5689.39535128882,682.408777102758,71.9717116457051,1.60787620826657,0.358656956998202,0.446655614830803
"Line_3953",4928.78589547299,679.139927040548,71.2734373010187,1.58987485771467,-0.738556253297576,0.445843520001466
"Line_3957",3976.97367324789,684.291569527495,70.8404523269449,1.61651026336318,-0.691716859770164,0.447340240507591
"Line_396",4305.19620427372,678.222912986933,72.9835169114843,1.58593687286949,0.43531309310652,0.44559220143859
"Line_3965",3972.92350699913,684.054406975741,66.0271324898149,1.61411875960507,-0.699693061017161,0.447282861983393
"Line_3966",4424.33120564854,681.409273122164,67.1745450321429,1.60360768673835,1.1240636436691,0.446386060251864
"Line_3969",4343.65749813765,684.547044863717,71.6498604958071,1.61875468775946,1.23326545972128,0.44726146454279
"Line_3978",5323.51847212832,683.69414964933,72.4546882225277,1.615265484803,-0.750174888676224,0.447039723636172
"Line_398",5543.24764816363,682.338455297903,73.0502960377322,1.61035626172155,-0.684745476812682,0.446387466901536
"Line_3987",4491.4591442494,681.886954439523,69.2425157105371,1.60119759922837,0.415028357289906,0.446802687092668
"Line_4011",4838.67013354887,681.863448715735,68.8721332673351,1.60228071765991,-0.632016705288864,0.44660197984953
"Line_4023",5190.95900888651,682.944985623891,72.7892301048793,1.6119070541131,1.08395527369449,0.446734573607289
"Line_4031",3557.26610781142,686.082165808506,70.9020349371371,1.62745250025628,-0.718893457914195,0.447554353577262
"Line_4034",4815.308318926,681.223463643723,70.2705770899701,1.60186681173178,0.364376129518823,0.446270474263564
"Line_4042",4363.0341846487,679.12135849254,71.8622636419138,1.59133893365197,1.75096524200097,0.445795540385998
"Line_4055",5046.53364303546,685.592526992257,70.6546553000356,1.62238395430331,-0.62211250822886,0.447676855710773
"Line_4057",4741.29290443383,682.295568498923,69.4867156130797,1.60606287813471,-0.755773647904761,0.446694621340763
"Line_406",4162.43026540929,677.205162927834,69.6534452214455,1.58070650745259,-0.705402469352996,0.445146287233055
"Line_4084",5106.8772769717,685.06060281895,72.5390432947469,1.62119689887056,-0.668475325566671,0.447447857636965
"Line_4085",5081.6255720927,674.931545541487,70.0451493131309,1.56342552829444,-0.763912916666295,0.444855798938365
"Line_4089",4547.01556892853,684.989999713476,69.3756224976224,1.62172068371981,2.51566758870447,0.447372734535192
"Line_4104",4939.89390361895,680.612709885831,69.7670412571932,1.59581097826456,0.50233702369083,0.446253182319331
"Line_4112",4582.85288057218,679.170573018183,73.2967962806748,1.58809530513672,-0.760417492647503,0.44592297995828
"Line_4115",4746.65037870284,681.978547553728,69.8823535972927,1.60695487288932,1.1118014787348,0.446513047313878
"Line_4151",4859.92303132422,681.407195311224,70.9912563881032,1.60370416342031,0.413124440907101,0.446381058631954
"Line_4152",4520.59991169083,682.853918523298,70.26079196356,1.61158564754385,0.335599656124317,0.446736725945151
"Line_4166",4794.76595829198,682.221166943559,71.8038668109968,1.60849479081864,-0.481940867685249,0.446484815513238
"Line_4177",4277.65295940582,684.308775012664,69.0004626806442,1.6168757050462,-0.84201800001279,0.447176013822612
"Line_4180",4979.38132921837,682.306358340485,70.7896376178369,1.6080327250429,-0.825857594003217,0.446592937844524
"Line_4188",5583.47503767461,682.705913297127,71.1013840161518,1.60923264516512,-0.751720210873739,0.446751823959897
"Line_419",5431.60289341818,679.823678373078,72.8551205427433,1.59545329864808,-0.774536082128438,0.445792109426329
"Line_4201",5260.93040543019,676.184815744617,69.7808259823162,1.57486974318387,-0.756022372682717,0.444881425540059
"Line_4203",4375.50506955629,683.437133570774,67.5140982529946,1.6115884228344,-0.64910417587371,0.447039843905393
"Line_4212",5644.6985471837,684.406655226471,71.5228094350699,1.61708277690403,-0.677755710553985,0.447272110058874
"Line_4214",4817.14387955848,680.830387053615,72.1821784093743,1.59785233113629,-0.664302612457541,0.446277408203106
"Line_4229",5232.45909758531,680.371515207138,70.5767006714415,1.59934784475271,-0.819709375836302,0.445923849163548
"Line_4231",4795.42081306184,682.184727928342,71.1698427919759,1.60698686541641,-0.694451984306353,0.446517099313761
"Line_4235",5100.26619629523,683.675878688735,70.6624319100531,1.61419054084921,-0.65085265676975,0.44700093181367
"Line_4262",4796.94060411965,685.463695461651,70.7346093713056,1.6220052811578,-0.571765688585532,0.447612357470146
"Line_4265",4209.66547125787,682.596634553718,69.5927305425502,1.6057037580141,0.531923259187452,0.446811380781056
"Line_4269",4588.94380965804,684.387088127946,72.3612462306274,1.61536015157665,-0.817825948342369,0.447404429745279
"Line_4270",4444.03655834647,682.14442876978,72.0830743268812,1.60426032774427,-0.827372392022233,0.446737499070558
"Line_4285",5177.2916017569,681.998284237637,71.5411311185984,1.60529014714852,-0.642784854981877,0.446564609789234
"Line_4292",4585.96728587146,681.544376439424,73.4535925225382,1.60793479599655,-0.809887783437067,0.44613865170601
"Line_4296",4904.90792851447,684.009029651572,70.8900137558448,1.61482923898061,-0.659175030420785,0.447196275659079
"Line_4300",3829.80823058185,680.236146042266,68.198278045747,1.598251034227,-0.750842567988838,0.446049611544216
"Line_4306",5134.12597806101,683.150754131355,73.8645040679631,1.60874517373248,1.28521958378558,0.446972302306956
"Line_4312",4818.37106142357,343.155707283143,70.9165068022895,1.00612196047633,-0.768232464788765,0.296074078026104
"Line_434",4337.50600039758,687.394604085067,70.4852656274766,1.6310547299585,-0.586973643968554,0.44819073616877
"Line_4352",4613.09383667847,687.474067713192,69.9681265388398,1.63063870903091,1.41612044371607,0.448242410872154
"Line_4360",4421.59602730072,679.738612963067,72.8484875690351,1.59716398056237,1.16044724962197,0.445823097359694
"Line_4364",4342.00415509236,677.783785871803,71.5357945907162,1.58481302522678,0.397233287730838,0.445352712433432
"Line_437",4994.93135744396,681.537288106767,72.969849894988,1.60268070019974,0.567409770628927,0.446426860438604
"Line_4373",4905.45593620044,685.105580922281,74.4195116879605,1.61972469867437,0.401968137197609,0.447532689468946
"Line_4392",4770.24063910461,684.631505130621,71.12250899074,1.61670659830739,0.442883088155122,0.447463454604396
"Line_4400",4928.52605256037,677.592879411602,72.8443439060588,1.58076403469463,0.436139205561212,0.445391357996986
"Line_443",5081.27811808757,679.00969231748,70.0578339248051,1.5904500256933,-0.713903405543663,0.44568161334047
"Line_4433",4393.51061599977,685.625256207753,70.2415456246557,1.62317919688438,0.41801352930502,0.447690268680228
"Line_4438",4659.79025599647,680.45798982559,69.2880204696716,1.60043066706666,-0.804207652817113,0.445973743025878
"Line_4441",4628.21540256654,686.821005358777,66.9221518207211,1.62705596467308,-0.522708506744335,0.448128836013759
"Line_4446",4116.32088585806,682.756420097153,72.8425745526563,1.60785117931144,1.80137044538214,0.446919186452038
"Line_4453",5060.21135810346,682.169299341518,70.7980453712783,1.60503159573573,1.80872030150303,0.446651571863347
"Line_4472",4278.09840212706,680.216539989336,69.136107384952,1.59555622020002,-0.800499740855893,0.446217066058177
"Line_4483",4822.9519686961,678.345895172883,69.4466783104449,1.58582976570941,-0.715691438377294,0.445565286780454
"Line_4486",5309.18810178112,680.554371852916,67.8494277357347,1.60035448037601,-0.841794248697016,0.446015484370652
"Line_449",4885.75798305815,681.979529526787,67.8881077684054,1.60319649545498,-0.712892735136936,0.446739312488636
"Line_4495",5257.43986720074,680.179836973675,74.0218192670955,1.59761878755178,-0.805935287500612,0.445998558651749
"Line_4511",4971.94905282783,679.975811749395,70.991061383098,1.59268864709309,-0.66443803538242,0.44607347699062
"Line_4517",5229.62534110135,683.160999250588,73.4276633632742,1.61281221432707,0.542656418111382,0.44679625335939
"Line_4521",4645.37882388001,677.237674606236,70.5541964060346,1.58143667168246,0.394461328767076,0.44518221330602
"Line_4534",3105.33381642701,682.331807121655,70.6513324271954,1.60796847321389,-0.716048460829088,0.446520843482174
"Line_4542",4654.98748710963,677.892026694099,69.1926324167589,1.58515325495808,-0.63966602233329,0.44544375849001
"Line_4546",3443.62014548661,685.407076769491,70.0337506040653,1.62244724408925,0.457531621745212,0.447588715044585
"Line_4555",4791.70633713834,681.284954765859,70.8213088831124,1.60579843342445,0.424249786584923,0.446119001164881
"Line_4562",5089.90860049392,340.43842369179,72.0967111699002,0.99653655325307,-0.861719953705009,0.295065653120656
"Line_457",4500.23195037957,680.885499608331,68.5092743773516,1.60014775458026,0.43579496013817,0.446236273699565
"Line_4573",4845.12763462094,681.798717479114,69.2013701075165,1.60482969872701,-0.733909330606346,0.446462108343678
"Line_4583",4692.23781538262,680.928383364226,71.6778825912479,1.5993798901058,-0.810298064526174,0.4462421574712
"Line_4584",4000.70299095325,679.155385131535,68.4183123939348,1.59231079972486,-0.717364069934796,0.445701892308447
"Line_4590",5574.34571849481,680.853830074662,73.039415546181,1.60280008536114,1.87584767370956,0.445988005595253
"Line_4594",4783.4147230583,1068.63519445508,70.3484612498305,2.29968178103542,-0.00695594708021785,1.30708288380988
"Line_4597",5157.89060907027,683.699655405127,71.045018431688,1.61362860802559,-0.719050943399107,0.447043356173361
"Line_4640",4717.41318552228,677.39509404579,71.1582263695912,1.58027010408738,0.428107534656901,0.445285024351003
"Line_4641",4818.83989037796,684.048659977352,72.3250808539292,1.61809843352946,-0.638314870603457,0.446969303931574
"Line_4644",4772.2947559127,682.786703594104,70.581007551049,1.60878952609274,-0.728766914472697,0.446913363667524
"Line_4651",5189.09870876096,684.45542598974,70.5988679790499,1.61896306156418,0.447694262274266,0.447151186159099
"Line_466",4498.2216082314,686.82290397927,72.2212690434756,1.62755813897084,1.73446827447942,0.448068127312815
"Line_4662",5026.58709799823,677.226269448478,72.2634748987731,1.57886450868454,-0.598414813644176,0.445386988646391
"Line_4667",4867.30984038447,682.213729172394,68.8120382343106,1.60765007989669,-0.557211944016963,0.446643037870343
"Line_4673",4987.2202422865,681.509975634502,72.2127398459518,1.60061417484095,0.566834633041857,0.44663963813752
"Line_4674",5419.28769633881,680.538328669373,72.3664650563606,1.59403858637809,-0.704673318531231,0.446324056041321
"Line_4676",4147.15413263763,681.780936452552,71.4373729395366,1.6060148326587,0.519764921542018,0.446442378754889
"Line_4685",4630.14171891655,684.054096688466,70.8913023497166,1.61764327463332,-0.715154922634471,0.44703343888218
"Line_4686",4558.24070939921,679.596762473059,68.3579151475004,1.59097616026296,-0.716966720526225,0.446020071806845
"Line_4695",5267.0610212643,678.042374530331,69.1319828648603,1.58501263690007,-0.769226555992231,0.445382629567208
"Line_4721",4108.25741388115,682.385575901357,68.0008499130137,1.60630163945818,-0.674378562270202,0.446788641312915
"Line_4723",4544.93888036977,683.085986813063,67.7507456142292,1.61003568656245,0.410520346721714,0.44687043132435
"Line_4727",5176.21468607764,674.444360374657,71.1581072845703,1.56657270149108,-0.651994447305247,0.44441081639613
"Line_4730",4293.60081586247,684.984903242244,69.1068167823736,1.62112480993956,-0.695359310442195,0.447332201450687
"Line_4733",5005.1848400714,680.020700047491,72.1192234789447,1.60001694034958,-0.606935636337113,0.445767703003987
"Line_4736",4944.79806199152,683.379067773064,71.3804596378109,1.6133887493751,-0.807860971684951,0.446847413413308
"Line_4751",3605.64796039035,681.340288188615,68.9261630742768,1.60461953431587,-0.727667957248058,0.446266276293846
"Line_4763",4605.85149172435,682.7670178265,71.1278483603419,1.60844723450296,-0.785720237667838,0.446870279729806
"Line_4772",4655.17091810713,680.267125314062,74.7069515688781,1.59460916016258,-0.672933866499213,0.446189494339713
"Line_4773",4763.83896287954,344.363443577212,72.3578316120121,1.00399608342477,0.733985298037281,0.296375880664333
"Line_4776",5156.24905755309,677.55180996708,70.6402964004789,1.5856679380069,0.40715539137482,0.445143909857325
"Line_4788",4165.81547199599,681.03637522608,71.5992167250455,1.60310818618314,2.65904416567067,0.446109348875413
"Line_4791",4835.46304359335,678.133436248072,71.8601940112453,1.58518040754023,0.467670132771232,0.445560819054036
"Line_48",5120.68362666376,675.019168684043,70.9029324814638,1.56748084933105,-0.718396174138039,0.444673362946956
"Line_480",4677.00638983604,687.490200459056,71.5828869157829,1.63118623797077,0.698623820911855,0.448261812602199
"Line_4805",5121.82026377665,335.329274650894,68.6788446656715,0.985382112232787,-0.619044997957013,0.302797179678468
"Line_4817",4592.39004137791,683.141354322086,69.5495867894396,1.61235050980211,-0.731193093648241,0.446768731392718
"Line_4821",4374.18526651368,682.172179602373,70.1842489925254,1.6080461234195,-0.7673564139178,0.446558734148257
"Line_4827",4664.53494917229,681.751210863128,67.8095941270272,1.60322108955501,1.28933764005783,0.446484435218359
"Line_4830",5737.20656403278,684.482375831966,70.6923989287272,1.61584663015103,0.486944108547966,0.447421975700557
"Line_4840",5310.56890519904,682.58546158089,70.2883008421916,1.61182404874043,-0.607237862868675,0.446434887302845
"Line_4852",5405.05142959513,681.034985764445,70.4390204594524,1.60393670475534,0.335246474643536,0.446061352378146
"Line_4855",3844.83960925688,685.856127474786,68.7953052322027,1.62441838775665,-0.736902011943599,0.447669687156643
"Line_4857",5166.81142524178,684.866753741319,71.5090237967237,1.62164381291755,0.4054815617204,0.447256058911681
"Line_4860",5179.81174309129,683.17143891805,72.8376577142897,1.60880601386284,0.333898907286817,0.447049015532946
"Line_487",5508.47489527572,677.63632607302,69.9743171874337,1.58422394042379,-0.787312159358487,0.44535324225466
"Line_489",5224.76323594762,685.286699934055,72.0416012892099,1.6191648807435,-0.62718709655814,0.447672004854845
"Line_4895",5169.52524711764,673.404792570274,70.5516846409612,1.55965420535921,-0.76416866458571,0.444194562330228
"Line_4912",5615.94205370178,681.899772033535,70.2359009286324,1.60520203415945,-0.565025353300761,0.446476311788471
"Line_4913",5544.3144786958,685.241996653422,67.9862899731366,1.62040141037516,0.633099673990291,0.447625541843695
"Line_4932",5600.62795051822,682.553927661327,69.8987514940954,1.60744525487341,-0.759143808754933,0.446833317781962
"Line_4942",4884.68582296266,680.30242642715,75.4024051785176,1.59293886849505,-0.690256430048166,0.44630781810847
"Line_4943",5358.62264933183,685.897150623612,71.8598868171373,1.62374924508063,0.477195934248307,0.447795018563505
"Line_4953",4549.79257491296,684.072795935819,72.9920657873783,1.61468294296352,-0.764935158563335,0.447297706987965
"Line_497",5272.75388779436,680.122734833671,69.802265091179,1.59350228806795,-0.71349623194312,0.446234682493829
"Line_4975",5019.85305512584,680.818027460474,70.5003206766037,1.59703696394766,-0.557630785314873,0.446419160070022
"Line_4984",5530.94974709525,681.882849857442,71.4485159202026,1.60616411153961,-0.782396428167251,0.446376611836435
"Line_4988",3887.43739271247,681.789391699924,64.5385443529327,1.6060101707976,0.679852076063267,0.446309820618112
"Line_5001",5751.99597859087,344.850298639258,70.8753655025951,1.01786853526858,-0.897522281169491,0.286832313035597
"Line_5005",5449.00951672589,683.509137109437,71.8308551284127,1.61313500566886,0.379468838173847,0.447000801354315
"Line_5014",4285.51453649763,684.550679653623,70.5641710017178,1.61979889816907,-0.56295073137297,0.447097040387483
"Line_5038",4313.73771286771,684.52939899745,70.5764893578117,1.61941706677823,-0.75434090513358,0.447161399469021
"Line_5043",4766.83514831641,679.549397800215,73.4924038991154,1.59258991161061,1.26061806911656,0.44580237004707
"Line_5047",5168.54973971179,682.983743886974,69.0695521982443,1.61158539820384,1.83987161302402,0.446742609435136
"Line_5049",5297.29930796422,682.269583297483,72.6024525637853,1.60781192575798,0.381831455917458,0.446596196015327
"Line_5074",4405.88034514747,682.984666849651,72.0845981284368,1.60963778621714,1.21211556723424,0.446841570716364
"Line_5100",4352.50658740052,683.386301587157,68.458336077069,1.61416361590159,-0.769069140457057,0.446868898939561
"Line_5114",4487.72046898977,684.438789532605,54.3965770582334,1.61883602434752,1.22595606623011,0.447128706165486
"Line_5123",5447.49371144516,679.489020052401,71.0141076759413,1.59151007204272,1.15780481052491,0.445864999777105
"Line_5124",4202.79847145092,682.320312572226,72.7080420945715,1.60575811056603,1.79265448280782,0.446687651053865
"Line_5153",4254.08786271741,683.815928434262,68.9639255338016,1.6171319292311,0.422016001452285,0.446860146845269
"Line_5171",4488.64162442983,681.181229788001,71.8616179498073,1.60195079645206,1.21311052854266,0.446314495203406
"Line_5181",5380.90508983499,682.577739626668,70.6219063787531,1.60738339871024,-0.737089513790495,0.44675419529042
"Line_5186",4160.307459722,682.201472889798,69.6268458715771,1.60356318309849,0.444777897366399,0.446876220536664
"Line_5187",5724.4764558217,685.307529770114,71.7144450438713,1.62206330482787,-0.636809233277791,0.447544295460793
"Line_5188",4876.80507439038,684.224374597952,72.06315609954,1.61738483167192,0.512887645079064,0.447109101996287
"Line_5190",4968.43675597718,335.154694278351,69.0003922039871,0.990952489569379,-0.24057704399996,0.287247277633592
"Line_5194",5187.38157040663,682.700142558268,74.3270993890298,1.60949752561563,-0.746693763867777,0.44673094237887
"Line_52",4460.61788124955,680.156129538803,72.6149913937384,1.59761747660875,1.17607968020286,0.44605664438873
"Line_5202",5008.60963785261,683.366044197771,71.4272260909395,1.61384668066112,0.360222274109576,0.446930081818877
"Line_5227",4788.87843919531,683.30150609395,71.6382067632767,1.61350530159504,-0.840327327663961,0.446844200179215
"Line_523",4790.41858711284,677.265703463264,71.409128790576,1.58426311032877,-0.726173320988483,0.445062240224394
"Line_5231",5012.13107135002,680.122617782339,70.3109049702865,1.59558092617967,0.373259035408206,0.446033229338211
"Line_5245",4024.78577672804,681.007023688609,69.1422659498461,1.60311905248469,-0.634516006227049,0.446128497315255
"Line_5262",4948.21742526179,682.64882692541,69.8580676751532,1.60917576844336,-0.701606518947617,0.446649476757555
"Line_5310",4637.10692835028,685.841384725833,72.1649865461229,1.62486584554138,0.579283617827215,0.447593916909464
"Line_5335",4935.09765766433,340.400751767064,71.2398024069139,0.991801224949083,-0.0711772802810676,0.302625526414147
"Line_5355",5601.28627614574,685.143319317652,69.0290879379461,1.62163892868324,-0.509001309084311,0.447295637117383
"Line_536",5443.30983830233,684.44183995604,71.5419469175109,1.61967360473091,-0.678974759688732,0.447100292474708
"Line_5360",5251.77804846322,683.721069025306,72.178128157196,1.61438152357276,-0.682004303838367,0.447038614330107
"Line_5362",4100.70571692033,679.393397424526,72.1608151749951,1.59165146116915,1.12960833936969,0.445883231991364
"Line_5412",4162.00345779154,679.360327888823,71.1368103054261,1.5918207545685,1.28250072911354,0.445744357664816
"Line_5419",4696.30324648784,685.239015119136,70.6806813888971,1.62237555887393,-0.606826373054168,0.447461652370471
"Line_543",4971.53118388575,682.137247304507,69.7727748901285,1.6076020648699,-0.734854745707012,0.446594968640858
"Line_5431",5024.84214552371,680.950368025854,69.989119844673,1.60269608927452,-0.686470488283638,0.446133359875726
"Line_5432",5082.11349797439,683.812887285784,69.3328441148794,1.61644122204538,-0.465483538237451,0.446855606600285
"Line_5437",5084.72726503035,685.56351293013,70.4394095179577,1.62247549553379,-0.499989714675314,0.447607438903508
"Line_5438",4860.29483606356,678.885078627122,70.7347288890848,1.58994838600828,-0.779473079730018,0.445563379215301
"Line_545",4887.93474903823,680.474175567047,70.5303945257723,1.60122176496777,1.37844311160221,0.445897671799169
"Line_5451",5154.17556271064,682.274604340807,68.818868478231,1.60570490633003,-0.758003080267119,0.446720784963421
"Line_5465",4635.5159865342,680.564129335302,66.2149835119763,1.59489295867683,-0.726129851156049,0.446398753712588
"Line_547",5006.38333305239,678.49762358827,70.9943956650769,1.59170127150545,1.16994528542825,0.44537089610845
"Line_5472",5860.25897957801,683.698605130374,73.1091378614377,1.61471566747208,0.334172379338477,0.44692563143731
"Line_556",4673.05197921001,684.446213593334,72.9935597657926,1.61733739586073,-0.778011162247562,0.447251961881259
"Line_585",3157.52338265784,683.492569862881,64.3508046653708,1.6099837517698,0.397533377035305,0.447211746105338
"Line_587",5199.63584836467,683.83716667162,73.0169221336024,1.61507541785381,-0.762092141076017,0.447050632876827
"Line_61",5050.74519447257,681.366943445415,67.1832103805282,1.60486140742209,-0.757819305157243,0.446243557252057
"Line_614",5290.43430801484,685.926073718545,66.0919106906864,1.62551893186086,-0.69788062602075,0.447679799395914
"Line_621",3876.3752534431,684.498211855258,67.4979214398883,1.61682898376605,0.525018281249414,0.447409043593901
"Line_625",4729.39285752009,680.782938197328,69.5625993012599,1.60072370514778,-0.560841062550412,0.44617032996847
"Line_630",4923.15902657215,676.994805372518,71.1769145192161,1.57623804194778,0.383363416644024,0.445349547260854
"Line_631",4916.33607047648,681.72327898018,70.3357027829092,1.60379811380724,-0.626597024757151,0.44644320600969
"Line_632",5208.109655297,678.496426499147,71.9545785191412,1.58732925601237,-0.644479120074201,0.445607632222744
"Line_641",4413.11299269873,685.847398966652,71.7404424384466,1.62215125313857,-0.617106747385128,0.447808080253421
"Line_645",5777.55120300403,684.719285091963,71.4864664126713,1.61956939165332,-0.649313795237642,0.447329453297789
"Line_653",4127.73340415149,682.700207823588,70.3079373320065,1.60996942046694,-0.710511010631071,0.446645726374193
"Line_664",4922.62119389111,683.559547956433,73.5715128261802,1.61223003270028,-0.691859408054526,0.447009208625514
"Line_667",4340.15515514587,680.143585327011,69.8607969242816,1.59285082166912,-0.66990241640933,0.446201203555291
"Line_67",4810.9496141844,680.077742816131,72.3309640387292,1.5958516075261,0.388692539870973,0.446129497672384
"Line_676",5512.74415801492,677.304856530898,70.992727294214,1.58350422632899,0.422731029289668,0.445145331582971
"Line_680",4770.78563534727,681.08943709829,68.5380490075506,1.601474537281,0.461573906711096,0.446264718835846
"Line_687",4385.46755890884,683.575342428126,65.9535063764691,1.61497047902484,-0.786599748000333,0.446879071395121
"Line_705",4338.75869468109,682.573444998654,67.8295530518189,1.60792996848915,1.12328066593273,0.446864419190779
"Line_713",5618.43658146776,341.809689822866,71.0020821947462,1.02361387605198,-0.806733632054904,0.286848291787523
"Line_719",5412.88096326838,685.818186582551,71.5974648669101,1.62458849664634,-0.83574442295605,0.447632849164799
"Line_721",4944.5606365607,682.509589379876,70.8995994952188,1.60881472363821,0.473415662674426,0.446661443241697
"Line_734",4083.34440735174,683.596447417071,71.2178513525654,1.61283088487515,-0.692897729019476,0.447021400118586
"Line_736",5210.10240010918,674.868187708153,71.7029186426392,1.5653555362515,0.441492635205252,0.444666681870148
"Line_738",5009.90170445443,683.217678107004,70.1221785953794,1.61327208410674,0.342307855629071,0.446824665451852
"Line_739",4485.14831688118,683.6532867829,70.5311821115979,1.61643155941919,1.20452741697886,0.446897439135171
"Line_74",4023.95703023637,680.981416854781,68.2261212241695,1.59829066667602,-0.639338182793415,0.446367897424625
"Line_749",3687.33259463651,680.58589796561,71.6049448243381,1.59677428827018,-0.616560176687187,0.446246322882044
"Line_751",5365.63148953265,682.732652153708,73.6895499608324,1.6122518376612,-0.744211013363548,0.446500243617427
"Line_759",4363.46750843745,685.193884684704,71.7779823498982,1.62157125890562,-0.543109715782124,0.447448129221891
"Line_763",4343.6332925455,681.894161080872,68.0285028295925,1.6048484880489,0.370038934539662,0.446549174318839
"Line_774",4846.86564840799,675.721368601217,70.1797843683088,1.57122000126449,1.13629576611837,0.444884211376871
"Line_778",5072.14944113651,685.589096122621,69.631971264931,1.6214103779883,-0.547045504500789,0.447717664961094
"Line_793",4479.51862739921,684.686814698725,71.9697126194816,1.6170623302894,1.22023569885149,0.447424788828053
"Line_81",4167.72827140885,684.138437402895,66.8721917867407,1.61786365306117,1.3599194462083,0.446983856876169
"Line_810",5494.60073099483,682.543332296074,72.6384529556684,1.60910208419572,-0.772088944626931,0.446643941019454
"Line_813",3800.31937003542,677.327232631733,67.9333819207264,1.58133503113017,-0.769807177148632,0.445342269917049
"Line_818",5001.17871169803,683.601717333793,69.9726217110014,1.61287765927796,1.68648222387504,0.44701279925427
"Line_824",3894.07205288625,684.976682716651,66.5196593122013,1.61879028777223,0.408251750769509,0.447544215506268
"Line_834",5023.72630627825,685.149665299132,70.8381159001765,1.62051610532884,-0.789484308714177,0.447573159749708
"Line_839",4744.56945850141,678.999530777892,70.4740852727882,1.58966609552967,-0.785829535203991,0.445764170631032
"Line_851",3875.55299380514,682.137581406979,68.2493272161124,1.60891586017033,0.424693383219528,0.44644842496682
"Line_861",4237.28476310326,680.364690570152,67.8429668767395,1.6003674514132,-0.635803103200016,0.445894964219846
"Line_866",4425.79791425736,684.248111323441,73.2091396086692,1.61730979778391,-0.842373007198771,0.447177846258356
"Line_867",5061.15605650371,682.651195027286,71.0599585518499,1.61074089324463,-0.745237902922194,0.446647264097719
"Line_878",3895.0229353885,685.596241033032,69.0369744958339,1.62298293386062,1.20944154551311,0.447594209588825
"Line_88",5537.77342277356,681.548572984349,70.1561809563803,1.60435402383236,0.429938265874513,0.446328733446609
"Line_888",4570.72842296713,683.139861630074,70.343863978966,1.61281224745031,-0.752520126692387,0.44680298793143
"Line_897",4331.64486669488,678.24032625568,67.7683855739358,1.58860198475669,0.467389051084912,0.445417575378853
"Line_90",3788.51259266845,682.039041907,72.9421795729953,1.60534454126523,0.513823007015301,0.446579516895929
"Line_900",5616.53058110818,683.857697284419,70.3310251615823,1.613842775612,0.528984715462677,0.447132226314484
"Line_906",4233.82800130297,683.273616496475,68.5805593074561,1.61275115691359,-0.685539229506188,0.446795727454331
"Line_907",4832.9559741456,681.31428713864,70.5387733750411,1.6014500993495,-0.798660167375342,0.446376150842973
"Line_910",5087.06415573249,681.50872740812,71.2761417877464,1.60160398855409,-0.73130633623166,0.446641302810232
"Line_912",4928.77158504498,678.281099461931,71.6669193051902,1.58395293950876,-0.731629241101428,0.44565902053404
"Line_927",4947.48548963888,681.784133273479,71.0923447598995,1.60500398255993,0.413955190005039,0.446527733004764
"Line_933",4639.03524856779,685.703951189059,67.6832236809283,1.62601556839945,-0.69671426202563,0.44733626026833
"Line_951",4435.85607382116,681.830551493106,68.0621697271922,1.60628667788596,0.474911133040494,0.446385598264149
"Line_968",4902.5683643025,681.499670548056,74.0551676218761,1.60035212372328,-0.72761802778601,0.44655266276668
"Line_969",5148.89109257497,681.549603332592,71.9634341209739,1.60540523738174,-0.624505537242227,0.446335232124649
"Line_986",4694.18323707899,680.521495589764,69.1609923584001,1.599927085342,-0.797892778620492,0.446098498826322
"Line_991",4729.82720773159,679.98734703159,71.8444183523519,1.5964994711799,-0.741716879934322,0.445979355563029
"Line_1879",NA,NA,NA,NA,1.31702126572977,0.447182209914467
"Line_1014",4048.03585322083,558.451056433469,69.0225005700219,1.58434549337065,0.505697689082475,0.613494890655114
"Line_1026",4481.01319332251,436.639435768255,69.712315985288,1.19838440907746,0.875672710809744,0.361915153988737
"Line_1028",3458.90672098548,549.254999957255,71.6392088956432,1.54642588947304,-0.406187134837448,0.609645186521281
"Line_1035",4647.34000974808,549.732773509775,71.9210370577255,1.54659599011193,-0.478635381429918,0.610613069153456
"Line_1060",2403.56961116355,555.993410908603,68.8041220633282,1.57456001170085,0.455022575773127,0.61249546732086
"Line_1062",5154.45018439607,464.224068956199,70.298184277776,1.27847941762942,0.815374903941917,0.401759859589748
"Line_1065",4132.36425791762,386.645041580995,69.108028100807,1.06458594627342,-0.68054965474271,0.302287668994721
"Line_1066",4476.38087029715,434.568128448499,70.2130864559198,1.19148431101732,0.417192423939367,0.361599774960999
"Line_1078",4387.558800876,458.578168954753,71.2758524263166,1.25815889840277,-0.270237061154586,0.40063794845846
"Line_1082",3458.28441591436,552.401145273411,68.1382272097643,1.55990602934109,1.16980764328057,0.61080680983729
"Line_1084",4652.53699646956,461.098375157319,72.0772231396371,1.2680379491605,1.5231823733565,0.401165126733416
"Line_1091",4961.57697062346,557.44242346606,71.1827060511269,1.58059370698966,1.05748529985159,0.613012420706615
"Line_1100",3352.42744109311,463.109710772048,70.4652347962506,1.27289258929391,-0.0593201034712809,0.401645753177157
"Line_1104",4679.3965946221,557.870478048122,68.0918127673315,1.58182276633649,-0.425696426514946,0.613197831950648
"Line_1106",4760.04702378902,459.868528824751,74.1317615568723,1.25756925172034,-0.213451209779263,0.401195532960113
"Line_1121",4586.54305566946,549.342507010255,72.7651271325552,1.54742673012527,1.12265329676838,0.609592401944329
"Line_1152",4044.29885221108,545.568361164874,67.4064759370746,1.53080853174921,1.81596873432746,0.608469066143388
"Line_116",2768.71756151782,550.449364067087,69.7121602687772,1.55040004960904,0.370719237743285,0.610602940964742
"Line_1169",4415.54162332962,551.835272873491,67.5762899732405,1.55702743485241,0.517125484388486,0.610588343329187
"Line_1191",4059.5693216966,461.13459694742,68.4775852557255,1.26662460136281,0.623688082663782,0.401001245553348
"Line_1220",3746.67411035325,551.424657284663,71.4908040430166,1.55697932503209,1.86233062087126,0.610143185383241
"Line_1278",4021.09087827722,541.773637879406,73.957652782267,1.5114399071942,0.516992372745766,0.607827547841076
"Line_1295",3001.19545657519,460.234208731483,69.2474455495656,1.266045840207,1.31188281360943,0.400998111619331
"Line_1307",3306.33624270564,553.51891161104,72.9275633136856,1.56437921362844,0.480048894102566,0.611437335595229
"Line_1318",3280.57008426118,552.726207158594,68.9960420842477,1.55930139098283,-0.502115467301012,0.611745643252285
"Line_1347",4254.17933829,460.346742825437,71.2490665252039,1.26406079424419,0.869543918603822,0.401186088318833
"Line_1365",6065.83398042128,553.25495606454,71.9617528146893,1.56414125506436,1.21416168116361,0.611040624037935
"Line_1377",4129.97262370984,554.804615866718,69.3745371831895,1.56966471773303,0.52362929662664,0.611970009814264
"Line_1384",4722.00742416932,558.997145114362,72.7416726291704,1.58583494075599,-0.491509986722295,0.613853758227863
"Line_1421",3405.49525069659,549.731033268656,66.8335085477081,1.54922778409459,-0.460589681035377,0.609775836536914
"Line_143",3293.79910651503,553.569006749796,69.2800562417561,1.56508374220994,0.555520099363131,0.611411835538632
"Line_1431",4385.4053586058,554.627734332996,70.5067612977698,1.56849013825547,-0.430726934687835,0.611870652494202
"Line_1449",3473.99773997868,542.495739488779,68.317633674557,1.51748527616813,-0.45636240185587,0.607317259857496
"Line_1459",4684.17020581933,557.030629873259,71.9329278881953,1.57827782960535,-0.435429978537135,0.61301225517714
"Line_1497",5484.49655796722,556.225969005603,66.9969171694455,1.57588990602532,-0.54659133370247,0.612280005503908
"Line_1530",2466.92004059341,551.005579115332,68.3351782635776,1.55403631655616,0.489025632750446,0.61062104523697
"Line_1571",5399.67347182792,460.258281314291,71.1295989155021,1.26315123632229,-0.52318833756732,0.401099782131502
"Line_1573",4405.37458416322,554.5107008064,70.7130966390451,1.56833444309229,-0.406145399980478,0.61178614414913
"Line_1577",3278.38256839823,554.531898088597,65.5780434871618,1.56735435517666,0.463569084531683,0.611977648175362
"Line_1645",5299.98703980059,543.20785217933,72.2439426569985,1.52091138661239,1.09024522505099,0.607418030755496
"Line_1673",4630.69628622204,548.27708359709,70.3470572131723,1.54043745103918,0.373645421361131,0.610095431430181
"Line_1679",4571.44437388678,553.210995937814,70.6063441635061,1.56371384955521,-0.585518657420974,0.610840153910508
"Line_1680",4747.10552078084,459.099715807814,72.3522478862496,1.26060167887615,-0.0568616080216868,0.400883799676829
"Line_1724",4768.14540033488,541.704962433656,69.1173104636788,1.51230390360538,-0.449869124135731,0.60751585973116
"Line_1749",2128.27012184489,547.446000650927,68.7439591059701,1.53900540551464,-0.461339231700415,0.608914460776346
"Line_1795",5096.14308095465,544.482070006269,73.950875703931,1.52356200984786,1.09130726381278,0.608774245124733
"Line_1797",4275.73824739658,550.827849357124,68.2322649633957,1.55251791406116,1.87332232519334,0.610437921153035
"Line_1831",3241.62722878717,553.459565833041,72.5956833686557,1.56435952532034,0.592507463973324,0.61137475406605
"Line_1839",5542.53251084474,537.247914978289,73.9237941009332,1.4931981198756,0.473355750940882,0.605813829953464
"Line_184",2870.59150240039,552.647373108813,71.8476447888698,1.56017773330645,-0.449884121291567,0.611154160613631
"Line_1877",5725.45103809677,547.838158618471,64.6179077363804,1.54006462468404,1.08562002903653,0.609329146230103
"Line_1890",5701.7583422026,554.92573422292,73.7257002958029,1.56914938978779,0.518854142576056,0.612366866207731
"Line_1897",4631.15753437331,559.534600600254,69.8481850338065,1.58900292463897,1.81689419462532,0.613937490508551
"Line_1904",5492.95913687191,559.214694691133,71.8903781353743,1.5873571356437,1.07223583775358,0.613862988074768
"Line_1907",6426.70961300696,460.467636146815,75.0746474661673,1.26483364510288,-0.218653791555457,0.400975528512055
"Line_1931",5021.08724168088,462.086463092351,70.7510703537461,1.27206732673407,1.38934333653568,0.401382434526296
"Line_1939",4352.30255601025,550.455793605683,72.0693779759484,1.55010914047879,1.86904985799339,0.610939702257241
"Line_1946",3776.64974175824,544.807626205186,70.1037874978352,1.52553327729243,0.533144083121925,0.608567053941721
"Line_195",4835.75921982181,435.37241303254,72.6445012452506,1.19582135556323,1.06632003802589,0.361524657481993
"Line_1997",3760.24363781545,556.962611254021,70.3425101859982,1.57950941918445,0.397590761772301,0.612236185982549
"Line_204",4525.05682584351,547.366148280493,69.1639949673957,1.53737700646732,-0.463955689564901,0.609430551156761
"Line_2063",6021.76650942762,546.269956986408,65.7153815065658,1.53162062564049,1.88348851352807,0.609105561227965
"Line_2071",5179.03896791636,555.305078557077,70.2353168004809,1.57103059470154,0.382315684592763,0.612442932434374
"Line_2079",4626.83338114257,459.211102121029,68.2772720693874,1.2602327431509,0.87103848389622,0.400887077015068
"Line_2093",5754.65737753645,401.780287712973,73.3907816992157,1.09554384520436,0.124606894416368,0.325439148612101
"Line_2099",3542.67562756307,550.661340973608,67.9965263272931,1.55271553411379,0.489379408778338,0.610137700288006
"Line_2132",5277.45447309681,401.19387538771,72.5222226162443,1.09860610983165,-0.181090153241876,0.324170763508349
"Line_2154",3778.10409691117,543.348039069911,70.6549921355672,1.51987170447448,0.514056373947074,0.607960848450343
"Line_2158",2712.81411150999,554.389849537955,62.4626235518708,1.56853528030897,2.7696598024988,0.611677254258594
"Line_219",4195.96859994918,554.979881251819,71.3947006070024,1.57014539252128,1.10644461020086,0.612173515741987
"Line_2192",4401.48506333844,1351.08490869575,70.4030534748186,3.70953781079203,-0.428192131569122,1.63842386820633
"Line_2205",3762.07790736211,552.318559302535,69.4714268902548,1.55827204199953,0.438887374079866,0.61103260457664
"Line_2233",3956.2907843262,551.547371112237,70.2264406594496,1.55504537245047,1.09275130928469,0.610749492101003
"Line_2253",3862.85147909464,556.334093413732,71.8440577809639,1.57589521611548,1.0592012058964,0.612692656847933
"Line_2258",4429.41174788451,553.368222466881,67.8376798820623,1.56145814906207,-0.392935057827225,0.61192551131618
"Line_226",3620.31835049687,556.885971737089,70.9481234053596,1.57748201983838,1.14076902811561,0.612788064604128
"Line_2264",4058.41585097556,459.634489884319,71.5233015368436,1.26575764728624,-0.509919029095402,0.400746138172997
"Line_2304",3498.4138806119,547.660168652235,67.2254790640743,1.53697839858711,-0.552562649429545,0.610103628295913
"Line_2312",3769.58480701895,552.827092398397,72.0662572501662,1.56194967076449,-0.413296329714939,0.611162235129375
"Line_2347",3756.16140393762,459.117208154792,72.6428964043956,1.25911499228431,-0.247623263542115,0.400813523109024
"Line_2370",3021.39416878972,551.179164698227,67.8615464863362,1.55501948520942,-0.426171325301798,0.610272726570605
"Line_2407",4293.75632260509,553.870333081377,69.244789031155,1.56534739012186,1.08402063926317,0.611492679822554
"Line_241",2919.19083991873,557.307918675269,66.8273071297041,1.57926364832454,1.12476643593025,0.613290162901144
"Line_2421",4163.77015877861,558.657845064472,72.6111202014629,1.58484094017178,-0.419317561999767,0.613689920900244
"Line_2435",3432.70993714255,557.266879702235,71.4617638863948,1.57854451023179,1.14580474792834,0.61327002260523
"Line_2444",5325.32010960798,463.018934905866,73.9634372126746,1.2710945494622,-0.248487705103813,0.401739853639252
"Line_2468",4590.29656895167,540.734157726703,71.2675211580515,1.50829418997307,1.10196811346903,0.606983226323669
"Line_2491",4476.3732553693,435.722390142548,69.7462403190609,1.19711342858466,0.620514899344437,0.361652403831207
"Line_2506",4743.28578787752,552.03616819021,66.8440990319222,1.55800837143031,-0.427096183756908,0.610595803772425
"Line_2507",4143.31346056366,464.039469580387,65.4639914908237,1.27689584065751,-0.540688207404666,0.401792246428612
"Line_2592",3725.69044244565,551.169189781698,71.3627829932995,1.55552168164917,1.04682119936104,0.610288543755023
"Line_2594",4573.53908917669,553.283152301852,71.8259138818505,1.5639053986063,-0.43763338756663,0.610987444627096
"Line_2614",3101.58965292633,545.007119267726,70.6587380976886,1.52547823583825,1.83923986799188,0.608888015542802
"Line_2625",3395.22327601741,548.149872065385,71.2299460331205,1.54024399866927,0.518654851028895,0.609777608485651
"Line_2627",4093.32169379678,548.637665333309,68.434386198698,1.54287447761363,0.482959076948082,0.60979899082714
"Line_2628",4596.84788596976,436.949028745718,69.4403059236739,1.20318481280149,1.53258494509256,0.361730605509403
"Line_2637",5753.47009716501,545.498595942608,71.4324254127149,1.52891747132639,0.981203157538033,0.608772204608089
"Line_2649",5527.31016080789,463.054938409569,75.074555733867,1.27489322258113,0.0158402998927863,0.401518969614547
"Line_2675",4991.93191275765,555.357549540055,70.1574473789254,1.57145753937608,0.516506796138346,0.612086338514899
"Line_2679",3795.76704206511,551.004640793313,67.3578976258256,1.55358224743162,1.09196442529244,0.610535043738191
"Line_2712",4907.69044416894,552.301033014296,73.778338591959,1.55852766923496,1.09230063454993,0.611320715928746
"Line_2715",2374.58272258955,552.357163373662,70.9574264060672,1.56057007630787,1.14864888063542,0.610533072166906
"Line_2724",4347.52489814945,555.514289056656,69.8827870314596,1.57346896710137,-0.421116705000803,0.611735765241702
"Line_2725",3965.69144951636,544.419206550689,67.6677678415231,1.52413044549769,1.09529881800823,0.608535323705652
"Line_2732",4454.33057357798,542.18931120446,69.1557050374601,1.51514431908552,0.538007540916243,0.607381846928494
"Line_2745",5094.3279756187,560.63427348259,74.1655871560021,1.59210757080365,-0.446185127578894,0.614643167686962
"Line_2764",3327.71432142307,546.307001640257,70.0420166530265,1.53212254501244,-0.533746972384458,0.609208488834228
"Line_2768",4235.68197092042,537.067025719888,67.7892330982975,1.49263503140818,0.497729580172068,0.605680603820074
"Line_2776",3924.0993709656,550.972697363491,73.9486753848571,1.55348557344453,0.489558669391012,0.610400304800092
"Line_2778",4711.52261075379,439.190665730429,72.9036096624755,1.20842289446059,1.35101239027992,0.362323206393469
"Line_2790",4658.13997145661,437.725201994552,71.6488258642117,1.20404116266255,0.912578330617062,0.361945170252048
"Line_2801",4356.72157000201,548.736123391234,71.6374362226945,1.54344207098109,0.513971039938274,0.609633477665912
"Line_2828",3567.94808519944,556.759317743589,67.9546587867991,1.57749282496014,1.1237058829924,0.612995635185428
"Line_2863",3595.15009269768,554.424278323693,72.3020031108816,1.56849798156993,-0.470089389076943,0.611888009908224
"Line_2864",4280.6721468218,415.081116845421,68.0749987746697,1.13881825705773,-0.0784038671031795,0.34146310495817
"Line_2878",4461.734050607,557.487375769288,69.0610303101306,1.58099825103954,-0.576274727209586,0.612858713245885
"Line_2968",5161.50220794074,548.007578155386,71.3450266487567,1.54121250667909,1.8683469417676,0.609393517361847
"Line_2983",3852.34939685875,540.739969258987,70.4576275867336,1.50708097589248,1.06972549717553,0.607390252832743
"Line_299",4651.15277670444,544.668252706213,70.2962431169464,1.52478875742037,0.47098839991519,0.608446121794588
"Line_3017",4353.1183357243,460.394882414648,67.6977246295798,1.26471296917618,0.443603705561915,0.401083618710621
"Line_3044",3301.67190007707,551.091250889407,70.863392400353,1.5541470576582,1.0799077223948,0.610622815611674
"Line_3048",4345.87760212973,544.553416164299,70.1835359520963,1.52422116960332,1.02302100618298,0.608642798580659
"Line_3121",3436.33194732252,555.175855123322,70.6469249401692,1.5715297746859,0.466198733053413,0.612236257037983
"Line_3168",2042.47966635631,552.251936906526,68.5226325555386,1.56040609661732,-0.426146849124613,0.610380225161872
"Line_3179",4852.11994231586,458.737707851324,68.6401155091604,1.26150057163768,0.820360587286385,0.400537034205301
"Line_3193",2469.77513352842,538.347394380539,69.6964110437404,1.49614499304513,1.8598035359494,0.606739524348458
"Line_323",4596.44528484899,461.101340228618,73.2607007725878,1.26637168178109,0.0153346927351881,0.401135765841612
"Line_3233",5924.46756760339,557.509645721176,72.7988696441766,1.58106575166386,1.0734251509228,0.612754697854687
"Line_3264",5111.30265206457,356.74256071419,69.8894775108338,0.954255133906265,0.640058658526657,0.255147089335949
"Line_3280",4019.16648516658,542.44574329676,71.9061976449389,1.51762668025234,1.09477824896142,0.607153704902266
"Line_329",4519.67935569348,457.305564602744,72.1557709773083,1.25172748674923,1.27543891004413,0.400376639503674
"Line_3332",3465.87998490707,554.457830134354,68.3603231636705,1.56724828595951,1.82857071603474,0.611938499145758
"Line_3344",4678.3261499124,552.088005788874,69.0819350579976,1.55799000334092,1.83986738637345,0.610730925580044
"Line_3350",4181.16262960064,551.450344363354,72.4710664947966,1.55464809688774,1.09377876678842,0.610839167888241
"Line_3400",4991.42187081791,438.523443622641,71.1621173663335,1.20929849831051,-0.565410803513753,0.361987363644382
"Line_3401",3921.82418166327,555.479858672413,72.2653014196488,1.57287954667009,-0.494719734158894,0.611961023178116
"Line_3413",6684.89646942303,541.214336549353,73.2083778723763,1.51132322234305,1.10624083923447,0.607025276903509
"Line_346",4007.037822691,558.896648363005,70.2123991554501,1.58495725158167,-0.458403341752382,0.613894514873241
"Line_3493",4747.67321307656,460.171950708032,72.1422769194832,1.26242138024324,-0.511177416990452,0.401134127211282
"Line_3494",3754.9965621221,555.69355066199,69.698827216415,1.57350636571222,0.432964880493481,0.612128247013863
"Line_3594",3432.37324258415,545.209500824888,65.2747141321569,1.52922524090968,2.7606299183702,0.608171466589186
"Line_3619",4655.01703071336,554.726605621946,71.9266119652546,1.56824348021787,-0.513560684722033,0.61239044035145
"Line_3636",4595.36304861696,405.632394649906,70.0008005969171,1.062590444752,-0.40082093927699,0.294740274403235
"Line_3637",4807.14290675324,544.304556799935,74.6012515035528,1.52307448374544,-0.463083525153178,0.608605287425707
"Line_3651",2782.75186539167,547.339939411183,72.6887175296058,1.53705241008173,0.455979582197666,0.609369017011061
"Line_3660",4625.54965446258,557.788425151208,72.673640995053,1.58143131575948,1.0995787052539,0.613414485261314
"Line_3681",4928.39208420956,554.447826882825,71.6634837841891,1.56758508225365,1.18893358867301,0.611982466206951
"Line_3712",6011.6366311584,545.079620951574,70.659071793847,1.52792461737242,1.0990857372753,0.608301239819061
"Line_3751",4514.58742101305,458.537037275305,68.7336812496661,1.25550722133675,-0.271765553036838,0.400783672127019
"Line_384",3953.74297220418,437.236951292148,69.1400425499521,1.19947804645771,-0.525194854707769,0.361977006143559
"Line_3855",3978.45193868058,549.448983531795,68.6490115684241,1.54841821475624,1.02518226792963,0.609927762294952
"Line_388",3502.33748315764,553.612312952792,66.3306311335608,1.56502277170094,-0.465197832224829,0.611317631542399
"Line_3905",5056.16571536228,552.233528682664,69.6180945569812,1.55836928379561,2.73077218573964,0.610969607432486
"Line_3927",5272.64069796095,435.953922952711,68.5523251290225,1.19818624027947,-0.534900995311147,0.36166819276432
"Line_3938",5346.96331452341,459.985504158183,70.7326494276435,1.26160667449186,-0.579208289874342,0.401057398674264
"Line_3992",4740.21076477341,549.989318972896,69.7500075797802,1.55094667291861,1.08973510240595,0.609559120652756
"Line_4015",5235.44583500894,551.727101568797,70.9456950805572,1.55645720825416,1.12770689330354,0.610836741769388
"Line_4039",4833.87529918086,385.410136724857,70.3644764508485,1.20773229186669,-0.0655259865857126,0.300989941488139
"Line_404",3982.99421008515,555.852660232871,69.9904511651334,1.57364978124626,1.86498143821204,0.612344945936681
"Line_4077",4907.06607534025,432.236325009628,71.1064177844511,1.18347008787411,0.861763808749903,0.361076569077842
"Line_4090",3705.65775570334,555.147554739481,68.3821076213052,1.5715691805166,1.04090175210888,0.61201828704502
"Line_4111",3247.89254110681,556.212302314914,64.5795547006392,1.57664334089867,1.10158998139049,0.611994245397945
"Line_418",4237.11088162414,461.434957472854,68.2451646312574,1.26689972940833,1.38858372982501,0.401339963308494
"Line_4210",5489.04191967545,547.750871235348,73.5771529434502,1.53923947453689,0.429650365338597,0.609304840931034
"Line_4238",4087.53573119961,549.388479184528,67.4508279437164,1.54546933454861,1.09908543443214,0.610432771777215
"Line_4247",4964.18702848426,559.871614917996,73.7206448287773,1.5899394581833,1.10344711450773,0.614151610665492
"Line_4253",4908.28880427455,549.571748287521,66.4214455062668,1.54879198004599,1.05556801750243,0.6096186694128
"Line_428",4771.42914377667,439.311554092956,69.497091755124,1.21266766515914,0.883135992859227,0.361994520909998
"Line_4332",4040.23659054942,561.092749372655,69.5913559412931,1.59403547952494,1.87201077601128,0.614855296615269
"Line_4380",3395.26030204787,560.539049052326,74.0099765050456,1.59263360595035,0.418051565509803,0.614440718480509
"Line_4387",4793.48733372756,549.476043461105,69.2680270334269,1.54493611863987,1.05799615550433,0.610708246456457
"Line_439",4906.03857366864,388.171177975619,70.7654494808097,1.0675112528907,0.481900455010374,0.302492162222976
"Line_4390",4375.34075705501,433.601539980139,69.0461801411868,1.18710529502694,1.88776366662239,0.361227914484286
"Line_4478",3132.48859240817,553.430286274965,68.3812296684728,1.56533397909864,0.487422108637335,0.611154720007602
"Line_4561",3402.14398225581,557.454399124555,68.0173789117323,1.57967564701543,0.458657956201617,0.61315207825484
"Line_4582",5478.13074475286,554.124443391607,70.4451371486418,1.56808483880887,-0.512741158243598,0.611071236112525
"Line_4587",4760.2192892321,459.490590132328,71.954002394927,1.26314239716517,-0.243675851514047,0.400638272655223
"Line_4605",5356.1719967477,550.241030650933,68.082709065845,1.55030642369544,1.00523420385464,0.610229839915364
"Line_4646",4582.88876514184,436.074351865014,70.3506376736345,1.19183435099748,1.34828525305287,0.36208622271956
"Line_465",2724.04557271704,546.970089156123,73.1214014015139,1.53554362489706,0.473593277376192,0.609296059705245
"Line_4684",5215.70289946146,553.434891860306,70.9432289127982,1.56364733756362,1.1006797669232,0.611608482080006
"Line_4694",3046.13346449283,555.171552807525,70.5181629479408,1.57072837242122,0.574522710248626,0.612311612262657
"Line_4703",4612.76858732368,553.494596218855,65.8266193787556,1.56419929970076,-0.459278404486693,0.611344856849441
"Line_4704",2369.84329259597,544.972715847956,68.3743587689383,1.52738865855726,0.507071919693841,0.60818961315521
"Line_4712",4758.47142616293,552.72787062126,68.8768833851959,1.56116196630882,0.462595429734338,0.611128032828012
"Line_4719",4532.10432814402,547.972412548812,70.2229053644736,1.53903906399481,0.500156827604219,0.60982244482047
"Line_4753",3287.81457491538,549.571206338606,63.675380214534,1.54745039107154,-0.471662734125206,0.609994304191956
"Line_4764",3063.84060114721,551.894688669045,69.4279296467859,1.5578972419473,-0.395767072847509,0.61068757199911
"Line_4765",4396.43265222643,558.010608421303,68.709223861255,1.5824042377469,1.10508706482676,0.613359639898834
"Line_4824",5357.59657811011,560.755916029938,66.8363375133848,1.59359708350266,1.09917229239634,0.61447555041286
"Line_4845",4465.14852951588,457.397458060682,69.977398748057,1.2539069187389,-0.529202041023235,0.400425501647169
"Line_4868",3377.79765254924,556.112264852995,69.483223302376,1.57594325299316,1.12129494685301,0.612080704622567
"Line_4919",4184.30390445453,433.484725247588,70.3284519343201,1.18337450467224,1.53173337340752,0.361342286283413
"Line_4949",4940.98606103642,458.720101251127,70.3946329533859,1.26036600615387,1.22635556320477,0.400478986570344
"Line_5032",3668.35964415065,550.136087157186,66.9525345786518,1.54739254697685,1.09280034878407,0.610786467343496
"Line_5040",4631.17046342617,556.546624760862,71.0737118038433,1.57832694037469,1.11771356357418,0.612172044384767
"Line_5054",4436.54667452676,460.044398917454,72.9610294252467,1.26462615463099,1.2112031894566,0.400895985337142
"Line_5055",4257.53922554856,551.803558423775,74.5789747491131,1.55626733251581,0.383863529796741,0.61101147479185
"Line_5095",3842.3060198074,553.451724622397,71.390360153228,1.56340915697402,1.10555724097048,0.611658013032757
"Line_5198",4746.75645107072,558.578698172429,71.4683798158664,1.58463211225826,2.78912735358977,0.613559803107488
"Line_5225",5200.44102102689,556.176870739574,68.2935758853523,1.57425009183913,0.460168787844269,0.612771170334369
"Line_5285",2572.90832948541,548.928785699073,69.5593512126164,1.54593797741316,0.494338665833114,0.609316844366592
"Line_529",3386.87334688157,546.176138773798,69.769286360838,1.53286752531165,-0.422466159782619,0.608962052251177
"Line_5305",3992.91356289775,542.41559780577,71.9999789362058,1.51322201192337,1.8513375499963,0.608395906053586
"Line_5307",3991.03056613755,547.619700721196,73.1046572196805,1.53803730207574,1.10032046008505,0.609535318286907
"Line_5319",5784.55775933139,546.044443306655,72.3027416203308,1.5313935459613,-0.380117194043642,0.608774678328582
"Line_5320",3622.56840890905,554.441382662592,67.8298999222948,1.56985458653247,1.07486841876925,0.611496319860081
"Line_5328",5634.49728169155,387.677465451853,70.1069323778507,1.05324238313802,0.362855786831845,0.26056018848154
"Line_534",4873.42844515814,558.295791350868,69.0285681610411,1.58358757823614,0.431660263596638,0.613420131676567
"Line_5356",4596.08626678494,555.357254267274,69.3417481349961,1.57173566955213,1.05831056240581,0.612333458192476
"Line_5361",3938.42002540533,548.73828092323,69.7411680769657,1.54326352436673,1.09409771446383,0.610085644808514
"Line_5389",4813.56324997275,456.8870835295,71.4764373083385,1.25063939001283,0.422094172609414,0.400359282124395
"Line_5396",4682.43461905961,555.060598530032,73.4764885103082,1.56977685841687,-0.341816296716144,0.612379677044774
"Line_5397",3013.79276658671,551.651409087947,69.4054902898993,1.55669189156017,0.364939709344016,0.610538119098727
"Line_5409",5192.75808091012,462.35905078664,72.474973240827,1.27133610839878,-0.234549039326726,0.401433324543011
"Line_541",2430.27065363843,552.937079578616,68.7174777996924,1.56198853460547,-0.451396143507753,0.611433050389802
"Line_5416",4729.4934882035,559.036295550173,65.0235208285988,1.58688691503003,1.81282086276498,0.613765913161979
"Line_5436",4325.2684493922,460.970256145932,70.4987079238337,1.26929443364454,1.39545560436751,0.401071859457993
"Line_5443",3849.16979269932,544.932046181273,64.8573706177171,1.52665648875091,1.81621805061088,0.60863172404623
"Line_551",3993.06424998082,460.737303672143,69.4587001992979,1.26758278531547,0.168471102435409,0.401123794840108
"Line_553",5643.09670051577,433.542515982672,72.1028474530004,1.1849511778246,-0.543042751173562,0.361346942760687
"Line_564",2124.43022990699,552.527054131903,71.4644276137104,1.55961062735104,-0.498147703187289,0.611131394618584
"Line_581",2741.33388606791,552.54353990348,67.7759802460084,1.55778777979596,0.444474284824491,0.611778106723841
"Line_618",4547.91883925183,556.466017684316,69.2721410952404,1.57744043587981,1.0665711490915,0.612198721563542
"Line_646",4135.45838990282,549.527814991422,70.0383553878879,1.54609244526613,-0.510096489135711,0.610361140464504
"Line_650",4941.22433707616,461.866197507995,69.9131434366368,1.26807912949569,1.09346458114511,0.401388700937334
"Line_692",4168.10601068151,548.784660891489,70.5524569783653,1.54553050266292,0.495348832333439,0.609175842664866
"Line_716",3553.21226573836,547.564587228287,68.8286120784827,1.53911711373636,1.06331903589219,0.609165735650922
"Line_717",3851.75654803987,549.851884930117,69.1948024663311,1.54809939478717,0.505087183709437,0.610289464109704
"Line_742",5408.13731249499,548.518427640708,69.7242766561493,1.54307070910832,-0.436374694389786,0.609658807262684
"Line_785",3694.36422401173,546.892743148784,71.3732382689145,1.53543318720913,1.11011141340943,0.60902677892656
"Line_805",3295.03863216171,557.370654745354,72.6301398469777,1.58117472449067,-0.437645937255651,0.61255698468347
"Line_812",4408.2051099669,558.74038261034,71.8336885032882,1.58516105592222,0.502472103126825,0.613732137181871
"Line_83",4463.25608870267,553.185270236699,71.9781700934989,1.56376109134795,-0.441432111007681,0.610980021125064
"Line_837",3919.9809471773,394.344138199283,72.0902848015619,1.09104299201565,0.0990233179131305,0.266498492943484
"Line_844",4994.88171415791,438.529115579731,68.5528388307209,1.20417233040654,1.06908926932904,0.36231434909984
"Line_856",4684.19360937656,550.850284686184,70.3048178396234,1.55264252975722,-0.467060788617177,0.610658269392546
"Line_859",3212.71241023502,552.186929751847,69.6933681354409,1.5588309561982,1.10487095289739,0.610865006282304
"Line_873",4232.19693278431,551.808361932968,68.4636980122756,1.55857930889669,1.11533738136389,0.610231857344714
"Line_911",4809.78162184303,549.588335958994,68.4871384711543,1.54726386188938,-0.605651583535462,0.609887795570086
"Line_976",3582.67900426665,556.919992519164,69.0500415167369,1.57793143258636,0.455651412119744,0.612729771855183
"Line_980",5125.89936375907,462.319428514718,69.3898080992041,1.27385449925006,0.439602583799425,0.401299816085458
"Line_990",4577.91442792407,437.628342335418,70.2716343801757,1.19834901336343,-0.528566390460457,0.362089903506013
"Line_1180",5427.14793412274,594.244858487299,72.3030775741708,1.78093973476962,-0.507629452575092,0.457911721771183
"Line_1234",3803.41357818571,796.665946396213,67.1621841400187,2.39268226362496,-0.671492102361303,0.654169025235258
"Line_1326",4266.5893693604,804.562100211107,68.9517010482326,2.41020064224819,-0.143317990316841,0.65485998840231
"Line_1821",4457.61080827209,807.805149549177,68.1972506904501,2.41487059788116,0.0319529097771799,0.6540096722114
"Line_1945",4545.55267453596,805.737028679016,72.4031217738066,2.41238867522855,-0.684758377924837,0.65450574549476
"Line_1985",4241.8807456995,794.225882027651,68.6284704818879,2.3879190540151,-0.342167359663179,0.654140623907158
"Line_2008",5215.7632847231,792.526453717322,69.4302985029482,2.38432047955915,-0.340296467339669,0.654004433557335
"Line_2120",4640.914090399,809.146175126305,72.0525702779719,2.42006140956705,-0.194590748058666,0.65524894266772
"Line_2144",5027.90586447473,805.880691655723,70.9642431981173,2.411627327431,-0.648855421455409,0.654081199304333
"Line_2241",5170.46699041406,802.089021113514,69.8163283124773,2.40499253351442,-0.662558680834808,0.654679105902201
"Line_2306",3624.49159083594,797.302886991209,68.8641258397452,2.39540727919581,-0.0345059328966356,0.654388782300513
"Line_2308",4823.51445078532,803.746782170426,71.3560814954281,2.40809709421065,-0.343663159288808,0.654755107442264
"Line_2436",4433.43534247763,810.375070120524,71.3423623697237,2.42162684193864,0.507697385882097,0.654428378323032
"Line_2634",3097.58220024475,803.366802244766,71.3579801123369,2.40778298824746,2.0993247049166,0.654871541303206
"Line_2974",5570.42011004047,803.654666226704,71.560592420166,2.4073404883511,0.935957804037087,0.654607661314575
"Line_3098",3319.75875839764,808.140274210249,66.4041695062871,2.41858773139925,-0.688432117017602,0.654979504027693
"Line_3145",3984.961183346,805.006592241907,67.8258258879315,2.41063908591764,1.75355702280684,0.654618094201824
"Line_3208",5004.14036391675,798.599818491545,72.035339557682,2.39727238070354,-0.661615860916069,0.653980349847093
"Line_3270",4214.87151704021,800.399855821764,70.8614572378834,2.40117054466088,0.00655587929705104,0.654290495498614
"Line_3395",5039.55198651465,808.737564314262,73.1356797280887,2.41889870265552,-0.341382428761957,0.654982247157643
"Line_3649",4017.03125933694,800.844170753823,68.8478785717492,2.40067046799475,-0.671787031131937,0.654205186988227
"Line_3684",3797.03414427392,798.171593738375,66.371019504012,2.39682561429383,0.178750074910489,0.654379871156695
"Line_3759",5112.58447591455,814.359219289696,69.0875641247308,2.43126497194756,-0.661981563630236,0.655472329279998
"Line_3954",4930.73379819105,801.329939108423,71.3986959297723,2.40300142116668,0.834648011761241,0.654441166224299
"Line_4389",5438.88895313035,807.445105448744,70.8312594383287,2.41555291242312,-0.346378029783418,0.654975225587568
"Line_4654",4382.65817906101,419.121958040032,68.9593801217314,1.26623212144756,-0.0573184309464658,0.358043415558431
"Line_4660",4740.39433344759,803.241587834375,67.8484757582225,2.40655117168023,-0.690877676926925,0.654527259366843
"Line_473",4655.86765077992,392.722560130737,68.7820036770065,1.19799396789045,-0.242367407383131,0.313891556256662
"Line_4876",4169.05189401184,734.835501335242,68.2587620216729,2.20479486185926,-0.00213317590573392,0.654809988787271
"Line_4879",4556.89713515187,811.711834819595,65.2204722550213,2.42675981110699,-0.664118050415697,0.655409648869192
"Line_4896",4216.48137540853,808.512635483041,71.7861099657598,2.41888278309072,-0.352761109642746,0.655164845078342
"Line_4957",4034.31768785715,803.900250323307,69.7167846217269,2.40932714239141,0.144009292482823,0.654766151753428
"Line_4991",3789.94451690594,801.227924987292,67.9261926187404,2.40216743428776,-0.333887294139535,0.654457921895973
"Line_5024",4549.40845298442,794.918951708752,67.7156470130477,2.38800332534351,-0.384576768989464,0.653650011060057
"Line_5111",3919.20235364321,788.780825425457,69.4503390099776,2.37682119971029,1.16568611014276,0.653734482657664
"Line_5223",5210.34223794418,803.085997992993,71.0230049543943,2.40590848830805,0.307861018913822,0.65430688560127
"Line_525",4033.65580881848,810.222948368475,67.6921056424058,2.42059811166127,1.07764713941415,0.654514353999893
"Line_5253",4632.91140097719,738.473985490418,70.8390493282847,2.21171459238269,1.24901355604536,0.65469897331265
"Line_5387",3380.77784180172,800.313808754814,64.4876015753769,2.40058588157476,1.75677638357272,0.654434573612221
"Line_651",5500.60410152291,799.046144201962,70.8051478856273,2.3985747111176,0.326222220703856,0.654628800244712
"Line_922",4844.43420689444,392.418187329628,69.8612609856662,1.18456877859325,-0.254677784273802,0.31352576271866
"Line_956",4862.74564750557,801.619719887417,69.513863766904,2.40339193888398,0.826428128305973,0.654568362125582
"Line_125",NA,NA,NA,NA,0.460353885827425,0.611127275221602
"Line_1585",4170.64440676479,929.635506123005,70.3146098843958,1.8571825524882,-0.213199657896018,0.449470442460939
"Line_1702",3871.08752828889,904.023286442709,70.3623279669613,1.68576403737615,1.33370968573971,0.445308067628745
"Line_1759",4007.22727924101,925.49931688337,68.5357131153559,1.85169632931515,0.122480590917549,0.485623486859448
"Line_2006",3698.21107846064,713.076148850343,58.0882094882377,1.59918448186015,0.659455237887766,0.364936756775875
"Line_2068",3813.17224452273,925.948535560744,70.2021436657405,1.8540898909146,-0.717586876210514,0.449086068066415
"Line_2380",NA,NA,NA,NA,-0.837267250507243,0.611409146483643
"Line_2387",3737.02679459715,911.780307707975,69.3160696689508,1.83645942871109,-0.576798955809725,0.44815699189865
"Line_2437",4157.89471827351,921.336263500501,70.5961429481651,1.84580823479317,1.6120980892615,0.448904050532175
"Line_255",4346.93103679347,864.075690832348,70.4764612946455,1.73264602134888,-0.0373271161695244,0.429328618852878
"Line_2579",4185.39110124351,915.282656929686,70.276043242574,1.84262637793876,0.26774228883543,0.448520782860908
"Line_2677",4232.56916906011,934.894999565318,67.6524078054063,1.8542220962569,0.63423640523251,0.449647757805704
"Line_2789",4544.15954051031,913.446910869262,71.6452726607231,1.83826128220113,-0.636991049919494,0.448260313455538
"Line_2894",NA,NA,NA,NA,0.466186349075082,0.610632913676054
"Line_2951",4296.31834525243,942.248846466032,71.7547515739675,1.87441784147861,0.393718073590437,0.450685325754831
"Line_2987",4778.91256175085,712.136870929234,73.3283595184063,1.59700720190729,-0.676581823797239,0.364920545246112
"Line_312",4526.1399155969,939.151546298295,67.3465919976566,1.87076531108603,-0.715224076153847,0.450476910807789
"Line_3135",4290.86774246038,910.794222987836,70.4988490279371,1.83366769701605,1.13193003933021,0.44793263394724
"Line_3292",4534.31344861259,914.170434154822,69.4783345884793,1.84017528602094,1.07611100136312,0.448311618387471
"Line_3309",4462.78429372234,880.576022307338,69.6416682444761,1.78843762455471,-0.712100166627485,0.443579906326289
"Line_3405",3727.8229340137,922.940253695501,67.5185501371266,1.85141677721454,0.161968171968679,0.449005325175574
"Line_3452",4296.3588792361,914.423525658804,68.7844826799217,1.8406791223331,-0.665559431977985,0.4851668718611
"Line_3509",3736.84706276589,916.502756493694,70.2443932680263,1.84259101889721,-0.629113922747778,0.448467428274146
"Line_3561",3860.88766113314,937.432132430571,69.0863053198061,1.86255591909476,-0.782407569342632,0.449937509858557
"Line_3695",3948.3461147411,926.536487613394,69.0663220909817,1.85476022847442,0.172293676145714,0.449305246615773
"Line_376",4735.92515824482,927.13972642876,70.8818333548212,1.85599574328828,0.675936468929321,0.449341260639594
"Line_3834",4254.66175090564,930.453365418587,72.1126328163385,1.85820389804744,1.20040481007042,0.449303083304121
"Line_3999",4272.46585593537,921.119096847406,68.9249370894478,1.84810521060375,1.21764426743337,0.448732805383632
"Line_4009",4248.9973165025,928.264062286662,72.2148168905792,1.85713272119791,-0.760680863361645,0.486480335629142
"Line_4044",4261.80758891537,907.924026810218,66.4559935044882,1.83171352318916,0.144287625545931,0.447815875627759
"Line_411",4528.02331138459,710.022389138502,69.0602666957086,1.59646879724268,-0.773188799677947,0.364603001444202
"Line_4126",4420.83136868671,923.823164763416,70.652305965422,1.84442679909072,1.339927511024,0.44899977704775
"Line_4153",3953.15392038756,914.750305045684,69.3877706666287,1.84138465191732,1.17535910686297,0.448374899522647
"Line_4288",4513.57405096353,923.970956374897,71.4732757793177,1.85201269594576,-0.608990474532083,0.448971241580878
"Line_4349",4164.56413453547,916.402078928443,72.0694194017308,1.8395311765777,-0.839359670862632,0.448444629174484
"Line_4419",3881.88055668164,937.089902133458,69.6320314892558,1.86771983013392,-0.814277030021176,0.449874817319051
"Line_4679",4254.87467805869,704.320432277065,71.0449047355737,1.57962411614818,1.04541336985298,0.359149224422324
"Line_4771",3960.80014620548,916.558067389942,66.0069318977293,1.83910402476045,0.263106276807384,0.484339972972036
"Line_4811",4143.15513869724,928.352385763636,71.8451590552397,1.85727917451467,0.971217641002634,0.449406271868148
"Line_4983",4455.77251843727,935.603421259343,69.5378742566366,1.8627670623616,0.699431259542894,0.487097523098704
"Line_5176",4370.12139108944,919.457441887543,70.917633003776,1.84462935091788,0.52123751502018,0.448443741776601
"Line_5220",4256.7909824043,926.532953839118,71.7548971717261,1.85531553620374,-0.746142376356799,0.449105313294518
"Line_5294",4353.39129705797,917.202272135538,69.9547229897553,1.84488256187146,-0.726541572583969,0.485612877393674
"Line_5313",3861.44266003908,926.535485421499,69.0511810973368,1.85420307320686,0.383409321814031,0.449164792280009
"Line_633",3975.7615973393,924.3787377366,70.9005319390008,1.8494967283668,-0.723000347298991,0.448567355158913
"Line_786",4034.72316142826,917.985577965692,68.6418506432939,1.84330069259085,-0.734424115652623,0.44858347702377
"Line_79",4591.08369782409,908.013060394854,69.1029144825845,1.70680218049539,-0.813274702527606,0.447947901363421
"Line_977",4258.15557704498,927.934671978912,69.8339096742941,1.85228136859431,0.632540169722259,0.448254800537829
"Line_1116",4897.57521129445,757.963224945733,71.9630581392262,1.54250889987924,1.0166206174573,0.58565276296444
"Line_1312",4360.15316118155,757.276865039415,68.3972733524788,1.54488281463191,-0.525085412524602,0.585652762964443
"Line_150",4981.42308284163,600.372586844527,73.1045285435473,1.35010202186629,-0.531143614497498,0.342431026903135
"Line_1596",5125.98279911888,600.443911899635,73.6393142945637,1.3490175004494,1.492898045129,0.468123293772715
"Line_2564",5045.08264706702,757.947529237416,73.2296570351245,1.55742230289694,-0.525085412524395,0.585652762964442
"Line_3025",5190.23719518236,600.596242936594,72.0748841224149,1.35964396775083,0.639117816846244,0.468195490965174
"Line_3885",2973.24579058443,759.126036648931,68.0519881586029,1.55531635550803,-0.525085412524462,0.585652762964441
"Line_4129",4794.87135885731,365.785435333704,69.9504133720591,0.983258822302958,-0.514526007653148,0.253556069884926
"Line_4900",4226.36718810284,759.361526044263,70.7881254743244,1.56635314907149,1.01662061745691,0.585652762964442
"Line_5092",5009.20831853226,758.359956893822,71.8370752989727,1.55367584816459,1.0166206174571,0.585652762964442
"Line_5239",2720.42973162771,757.006367793794,66.6659372501664,1.35035292292655,0.0533413870249844,0.585652762964442
"Line_1000",3927.5466847759,468.183089729806,70.4771177780045,1.23419665827619,0.91757030273859,0.363473180271907
"Line_1003",5288.12758868071,611.946628282164,72.649443700332,1.55519177713027,-0.577227838059529,0.485676088769826
"Line_1007",5401.12251344805,613.25175513098,72.8443779663259,1.5557066539334,0.728879778085411,0.48567608876983
"Line_1010",4500.0732897802,635.761872240476,73.2020680220038,1.57237248054937,0.196098616562283,0.485676088769828
"Line_1019",4370.29250411944,608.763008811447,71.1922401521134,1.55370654060296,1.32770737604847,0.485676088769826
"Line_1023",4931.06869362238,628.264918967255,72.482241858358,1.56600868227949,-0.577227838059679,0.485676088769827
"Line_1030",4683.2721850233,620.826683462598,72.5241540262154,1.55891493582738,-0.577227838059615,0.485676088769827
"Line_1039",4471.57095735782,618.323808926959,73.7275044790781,1.55855185556948,0.728879778085751,0.48567608876983
"Line_1044",4909.95606301391,611.217248753879,66.9442312344937,1.55498945834144,-0.577227838060086,0.485676088769829
"Line_1045",3606.62611317803,619.471950206321,69.5167735326586,1.56076301639827,0.728879778085307,0.485676088769828
"Line_1057",4128.19999826027,623.499869756462,70.8616444816521,1.56568807388703,-0.57722783805997,0.485676088769826
"Line_1064",3687.10012309927,609.304120641763,70.0126582195244,1.55319921007089,1.32770737604862,0.485676088769828
"Line_1075",5077.75164387843,624.735528032676,72.0432559486257,1.56311847703097,-0.577227838059797,0.485676088769826
"Line_1088",4026.71175333636,611.286352346904,72.8398792414298,1.55355864400678,0.196098616562464,0.485676088769831
"Line_1110",4710.12268128618,502.366283180015,70.3550527567954,1.24062073653173,-0.645301921018505,0.386984214546987
"Line_1118",4807.00001043708,615.778390450262,73.0469531827637,1.55613893337886,-0.577227838059485,0.485676088769828
"Line_113",4992.72997349103,619.405242440655,67.6551943753028,1.55854556011452,-0.577227838059508,0.485676088769828
"Line_1151",5134.86033071158,622.952653764802,71.577095433268,1.56376183060142,1.32770737604841,0.485676088769828
"Line_1187",4055.46088146484,619.161694967462,70.984305362743,1.55773172976194,0.728879778085571,0.485676088769829
"Line_1199",3353.01774947939,605.026930031064,69.3237073922832,1.54997302348409,0.728879778084792,0.48567608876983
"Line_120",3721.76372903458,612.118374281642,66.2903151471568,1.55648690886946,0.728879778085028,0.485676088769825
"Line_1215",5045.65863227571,629.730072424786,71.3982141342819,1.56782221348119,0.196098616561897,0.485676088769827
"Line_1219",4954.42592003269,616.206830164021,72.362340183581,1.55647617187846,0.196098616562516,0.485676088769826
"Line_1228",3528.77368592359,620.415977132959,71.7702012575366,1.56090418889334,0.728879778085085,0.485676088769827
"Line_1230",4351.22322760688,619.954716872548,73.2228772022503,1.56021902516941,0.196098616562351,0.485676088769826
"Line_124",3740.54653193654,625.082149713091,68.7013101911929,1.56264988675131,-0.577227838059476,0.485676088769828
"Line_1245",3828.05969515453,609.313523721919,68.9362894101046,1.55395936784897,0.196098616562535,0.485676088769826
"Line_1258",4671.36900637971,611.031750172016,71.6044357843374,1.5564928475115,0.196098616562326,0.485676088769827
"Line_1261",4393.63403094052,620.584780404705,69.5558663787028,1.56001893552766,0.728879778085202,0.485676088769826
"Line_1268",4453.78715611538,605.793708051747,71.553491934459,1.55104760118741,0.728879778085081,0.485676088769828
"Line_1269",3725.71136215602,635.589912516455,71.6570854407431,1.57146671919964,0.728879778085356,0.485676088769828
"Line_1276",3903.24954776873,621.797878781411,67.5625264694196,1.56246684246854,0.19609861656197,0.485676088769826
"Line_1283",3655.91700739189,619.963397027386,70.830255153508,1.55859251300667,1.32770737604862,0.485676088769825
"Line_1286",3927.30038675076,615.560394173268,68.6609113872072,1.5591863599294,1.32770737604851,0.485676088769829
"Line_1313",4199.97322229553,481.159746347058,69.4566363326307,1.23939637583546,-0.713644331951153,0.367836255158747
"Line_1317",4578.09013369047,604.487647842277,75.2880357342507,1.55016050530339,-0.577227838059494,0.485676088769829
"Line_1333",4912.60026017769,608.204992408431,73.2722302018093,1.55100917597455,1.3277073760487,0.485676088769829
"Line_134",4950.82309451273,618.705556744983,68.1141779219843,1.56023528289709,-0.577227838059445,0.485676088769828
"Line_1353",4468.78742176857,499.615823404097,65.8216427587669,1.30342213582651,0.223871789280355,0.388145212759547
"Line_1366",3979.77889405596,628.552662751435,69.7227928805978,1.56553649040056,0.728879778084955,0.48567608876983
"Line_1376",4165.38949427103,637.081691154854,72.2473729657719,1.5732095390346,0.728879778085396,0.485676088769829
"Line_1379",4738.03823054228,614.4477495629,72.5484928229419,1.55763825094248,0.728879778085341,0.485676088769829
"Line_1383",4237.56174108745,635.688112313075,73.0601016100617,1.57155765163962,0.728879778084942,0.485676088769828
"Line_1386",4515.28527757304,612.936889576588,70.8793773249767,1.55584757293519,0.196098616561717,0.485676088769825
"Line_1446",4795.75216635878,623.289296368419,69.1522223276473,1.56501451602448,0.728879778085612,0.48567608876983
"Line_1467",4624.53638695723,479.294994920939,69.2976385112974,1.55728985756421,0.164978144461801,0.367561404606048
"Line_1478",4379.2522770176,633.295264556779,69.5797210592811,1.56935778800564,-0.57722783805963,0.485676088769829
"Line_1484",4793.06667754687,617.028285917075,74.1894982115494,1.55686117876343,1.32770737604884,0.485676088769827
"Line_1495",5206.50750845729,487.163652261407,74.1181767346363,1.24218855446744,-0.17611602918714,0.36772558419922
"Line_1517",3946.04779550717,628.054831457009,69.8387909291511,1.56494689744954,-0.577227838059711,0.485676088769828
"Line_1522",3821.90256416234,617.033899145988,71.2503715319381,1.55617131961543,0.728879778085388,0.485676088769829
"Line_1547",5722.79268928291,616.4750871513,69.8438938429566,1.558664126629,0.728879778085209,0.485676088769826
"Line_1557",4474.63808079645,613.159755205765,74.9224657420691,1.55567873314538,-0.577227838059313,0.485676088769827
"Line_1570",5416.84787486802,610.733944691932,72.4506080269774,1.552130827487,-0.577227838059727,0.485676088769831
"Line_1578",4648.71923346687,627.766618306047,71.1085372790752,1.56854526922948,-0.577227838059847,0.485676088769829
"Line_1600",4457.50952461666,629.91265645754,69.5359739064315,1.56760658447186,-0.577227838059616,0.48567608876983
"Line_161",4213.8734735894,625.467015978237,69.054745595675,1.56706723360004,0.196098616562414,0.485676088769831
"Line_1633",3998.61357511322,618.019380759986,66.5995101714808,1.56185839616784,0.196098616562297,0.48567608876983
"Line_1637",4549.61203592565,620.892187554929,67.1436889811129,1.56129310693652,0.196098616562954,0.485676088769831
"Line_1640",4708.29370550282,476.923719589357,67.0196502556701,1.23555633439311,-0.251054074362724,0.366967805833482
"Line_1641",4402.91178494975,637.132195755,72.0561366189879,1.57281852020248,-0.577227838059854,0.485676088769829
"Line_1671",4334.47564025263,610.794641972248,71.579825189008,1.55226163425533,0.728879778085213,0.48567608876983
"Line_1685",5137.11962926722,624.081519708178,70.6335152968285,1.56385032316413,0.728879778085119,0.485676088769829
"Line_1700",3822.42822065149,612.486666341797,72.4633148777933,1.55474187575778,2.53681990709257,0.485676088769829
"Line_1723",4892.88739119972,618.828193916553,71.882424588229,1.56118386236038,0.728879778085288,0.485676088769831
"Line_1729",4329.08666391558,631.542508580538,69.6547927370347,1.56750632404296,0.728879778085399,0.485676088769832
"Line_1752",4566.05248490641,624.06536207555,72.5794939380353,1.56538212883785,0.196098616562304,0.485676088769828
"Line_1775",3659.45062370763,620.414082990954,68.1058515884593,1.56120641637999,-0.577227838059879,0.485676088769827
"Line_1786",4810.946468669,633.16305810146,70.2348451844039,1.56807867686598,0.196098616562353,0.48567608876983
"Line_1787",4360.22049016416,617.422606299116,71.09304751128,1.55914645590492,1.32770737604864,0.485676088769828
"Line_1794",3573.13391591407,616.198784476733,65.9608368906694,1.55813330557144,1.32770737604849,0.485676088769829
"Line_180",2508.30756079756,628.195410789211,68.0384717079276,1.56563554762259,-0.577227838059723,0.485676088769827
"Line_1808",5709.35967341298,607.280473597981,75.0365673054868,1.54994773936568,-0.577227838059567,0.48567608876983
"Line_1836",3943.18287419623,629.815615653183,73.5649175738247,1.56733811812041,-0.577227838059591,0.485676088769828
"Line_1846",5410.44966572938,628.254238864954,70.3708558913568,1.56370137271059,-0.577227838060066,0.485676088769827
"Line_1849",4254.42119750922,628.388122978684,73.9046636137854,1.56877527008496,-0.577227838059511,0.485676088769828
"Line_1875",4727.82791739193,633.240885875441,72.0298206381611,1.57227344418119,-0.577227838059071,0.485676088769829
"Line_1878",4033.98995569063,618.720539129992,67.882963741213,1.5609823065837,-0.577227838059625,0.48567608876983
"Line_1898",4964.23470564489,621.744315333723,70.5161026410146,1.5620279071612,0.196098616562287,0.485676088769828
"Line_1906",5002.89621150176,498.104884633753,69.7694871968108,1.30116512796168,-0.470977496876627,0.388490930801286
"Line_1943",4187.3791300249,500.646724424231,71.805496495183,1.30594062951076,-0.347976287434388,0.386074182335105
"Line_1947",4870.72651580224,612.181883959478,67.2351194034468,1.55574388828787,0.728879778085352,0.485676088769825
"Line_1950",3553.65545573064,629.479874550619,72.9020174267937,1.56893255902467,2.53681990709282,0.485676088769829
"Line_1951",4056.18350957059,615.531286438868,70.9397142057423,1.55839663231139,-0.577227838060172,0.485676088769827
"Line_1952",5264.89588074437,631.144025454187,74.351647145057,1.56665653777212,-0.577227838060008,0.485676088769828
"Line_1955",4289.23730910577,603.363471245519,65.0728100964375,1.54870489149331,-0.577227838059834,0.485676088769826
"Line_1964",4053.95592017648,609.678202743537,69.0522737772703,1.55295554798853,1.32770737604844,0.485676088769827
"Line_1966",4089.33038602831,630.779018076603,73.6775387981976,1.5698621139335,1.32770737604848,0.48567608876983
"Line_197",5115.69732059138,619.204136981034,67.8804170735494,1.55894715159999,-0.577227838059392,0.485676088769829
"Line_2004",3801.51598006959,499.909578220744,68.190969267185,1.30269861181729,-0.79697794772984,0.387530639645994
"Line_2007",4543.19370799463,628.240241513465,72.6415910881211,1.56506406092509,1.88311427510978,0.485676088769828
"Line_2009",4403.85404174134,629.344005721223,69.7405912724325,1.56840846870736,-0.577227838059689,0.485676088769829
"Line_2018",5364.98885156879,611.779419669101,74.7873901891373,1.55706113751316,0.72887977808542,0.485676088769827
"Line_2033",3647.87657868051,479.348430588458,69.5573865669415,1.55631703026394,0.235022002245698,0.367378595338731
"Line_2036",4915.43615455382,632.638231893684,75.2671857293299,1.57180497768503,0.196098616562325,0.485676088769827
"Line_2045",3111.01075232738,632.224399939713,67.792534090515,1.5685270433103,0.196098616562495,0.485676088769828
"Line_2046",4133.60587756509,632.574156213846,72.2026084396683,1.56961539198687,0.728879778085448,0.485676088769827
"Line_2058",4819.37710136285,610.941663651048,73.1469898167079,1.55457731254577,0.196098616562258,0.485676088769827
"Line_2064",3977.73794950199,631.838098315713,70.7481692299804,1.57084509195094,0.196098616562184,0.485676088769829
"Line_208",3956.55745581829,606.746856442131,72.1082809020867,1.54957116042049,-0.577227838059363,0.485676088769831
"Line_2084",4488.954209806,619.216648717003,68.706365380467,1.55901699254848,0.728879778085367,0.485676088769832
"Line_2091",4596.71634704573,615.775163422859,70.3420758533745,1.55699463916225,-0.577227838059769,0.485676088769826
"Line_2092",3089.05116190417,614.850202454337,69.9018351559069,1.5557133724176,-0.577227838060003,0.485676088769828
"Line_2102",4208.73497757904,616.669088339199,71.6386973495099,1.55878818869827,-0.577227838059228,0.485676088769828
"Line_2108",4308.99618153877,635.264037013558,70.1916899049079,1.57270779604067,0.728879778085001,0.485676088769828
"Line_2112",4450.0123618414,614.119487555395,73.103186212011,1.55562657079221,2.53681990709278,0.485676088769826
"Line_2143",4848.25215187247,616.96681134941,71.2082735065039,1.55763269020342,-0.577227838059286,0.485676088769828
"Line_216",4111.58638865248,621.1064678911,71.93515699664,1.56077188283393,0.72887977808537,0.485676088769827
"Line_2175",4668.94510708083,616.875171456064,72.1376786045538,1.56056372231779,0.196098616562813,0.485676088769828
"Line_218",4945.74760136096,621.710688742784,69.8984710873263,1.55948633023113,2.53681990709298,0.485676088769829
"Line_2181",5158.82932590377,618.719731741003,71.5491609573063,1.55787511255282,-0.577227838059343,0.485676088769827
"Line_2183",4322.25139442101,479.544236593858,72.6552073284555,1.23589678082789,0.491939933571876,0.367575269830319
"Line_2187",4189.89498296338,612.296163568319,72.2334716214544,1.55521428227608,-0.57722783805946,0.485676088769827
"Line_2196",3815.9444792995,636.546407070567,72.7397583740701,1.57332479782291,3.39218747133822,0.485676088769827
"Line_2198",5585.22935397549,607.881048607066,73.8949299856759,1.55023905992092,-0.577227838059575,0.48567608876983
"Line_2201",4612.83108808026,622.192266432496,71.5243709702021,1.56274882131688,-0.577227838059442,0.48567608876983
"Line_2204",4700.86074946738,615.052742470787,70.1644745406943,1.55718618723284,-0.577227838059109,0.485676088769829
"Line_2211",4280.56533223858,619.283209229665,71.9641586325832,1.55772797297728,1.8831142751098,0.485676088769829
"Line_2223",3935.56043084405,629.601305702374,73.5848194754944,1.56479435523817,0.728879778085933,0.485676088769829
"Line_2225",4039.64967344911,612.945403467899,71.9168339601088,1.5565869592573,0.728879778085427,0.48567608876983
"Line_2234",3973.20257476426,625.439998628567,68.8276827711261,1.5646866545755,-0.577227838059814,0.485676088769828
"Line_2243",4271.24552614272,638.147210314049,72.7965491627517,1.57476483362818,1.88311427510949,0.485676088769828
"Line_2251",4811.20141893531,608.886760965671,68.1432077453814,1.55352210955898,-0.577227838059225,0.485676088769828
"Line_2263",4172.74974108585,480.267955816524,70.3516254430163,1.56481910957514,-0.266309280350949,0.365602766669284
"Line_2272",4676.32976142339,623.618778730428,73.3394532369553,1.5627707176592,1.8831142751093,0.48567608876983
"Line_2282",3954.09398802477,625.634087437213,72.6541089270544,1.56429483859381,1.88311427510948,0.485676088769828
"Line_2286",4219.25992216509,625.337020965578,69.6386580309455,1.56463768583103,-0.577227838059604,0.485676088769827
"Line_2287",4355.42395290534,485.824142518791,67.4858977378409,1.23944732349841,0.331302188626562,0.368865907271625
"Line_2318",4229.86085214106,642.660753354318,67.7653374858306,1.57788142386294,1.88311427510963,0.485676088769828
"Line_2327",4351.00759780602,617.394030712315,74.1451483616192,1.55764951525585,0.728879778085411,0.485676088769828
"Line_233",4789.33235307042,623.854636033527,73.2652544515867,1.56236905962957,-0.577227838059615,0.485676088769826
"Line_2399",4950.91467769221,476.503051091088,70.3735060194613,1.23307245496782,0.0375456437733065,0.368751648621204
"Line_2424",4609.59269024526,499.621125556746,68.0853827848802,1.23926277566126,0.884059435206248,0.385563211499774
"Line_244",3982.25058425844,623.85815237979,69.8868374333021,1.56338332212988,1.8831142751098,0.485676088769828
"Line_2445",4766.92853272889,613.704191216242,73.5891277194007,1.55639357965214,-0.577227838059529,0.485676088769827
"Line_2448",5131.57081591396,617.051198095359,72.3484379301536,1.55850665057005,-0.577227838059577,0.485676088769828
"Line_248",4346.47152153952,482.753276747714,67.2767008171495,1.24095724708251,0.580146179626936,0.365726320605038
"Line_2493",4458.58679482972,473.845809554851,66.6889278959918,1.23515115974532,-0.60554220551594,0.36586932261253
"Line_2494",4320.69235183847,619.661967381895,70.3593494788583,1.56087320376857,-0.57722783805962,0.485676088769827
"Line_2510",4029.64210197213,623.61166221433,70.4181870190956,1.56531643699527,0.196098616562659,0.485676088769829
"Line_2515",2855.61457556832,621.493027902164,65.1620896122336,1.56183331775278,-0.577227838059761,0.485676088769827
"Line_2520",4499.5890757309,620.024780222184,72.5857998537187,1.56337834484215,0.728879778085292,0.485676088769828
"Line_2523",4253.49747715724,491.435812011416,69.3213994704966,1.23232514175256,-0.778830193291755,0.387452503033775
"Line_253",4114.62211390111,626.86236204961,67.652567517405,1.56611198780033,1.32770737604892,0.485676088769828
"Line_2537",3833.0669178737,625.461599625257,68.9276396730083,1.56618046547741,1.32770737604878,0.485676088769829
"Line_2571",5260.98009061102,630.922343977274,74.4658645432942,1.56891323433668,0.19609861656228,0.485676088769828
"Line_2573",4228.47378486999,606.563236382068,74.2894830482167,1.54986687425897,0.728879778085706,0.485676088769828
"Line_2584",3962.48376271541,612.903905862656,73.0477205529595,1.55564245160477,0.72887977808542,0.485676088769829
"Line_260",3884.00002163975,610.640157907753,65.7872915077681,1.55160145674917,-0.577227838059258,0.48567608876983
"Line_261",5241.88928523645,600.062279044169,73.4431872064869,1.54535894508908,1.32770737604913,0.485676088769827
"Line_2642",4427.0971205783,607.267310793281,71.510788052403,1.5520041054014,0.728879778085483,0.485676088769827
"Line_2646",4784.68554499409,620.458902452704,68.4134998362044,1.56178581062894,0.19609861656264,0.485676088769827
"Line_2654",4649.96942568894,599.277561559466,72.8204454970054,1.54435797331592,0.196098616562397,0.485676088769827
"Line_2663",4856.59418820972,481.651950857361,68.4151748615606,1.23997974526515,0.0166231688156754,0.365964965917361
"Line_2666",3638.0310254602,612.201129106435,68.6354355549322,1.55279665771634,0.196098616562403,0.485676088769827
"Line_2674",5274.47465199986,612.79112082337,71.7380617636179,1.55402610814604,1.32770737604829,0.485676088769827
"Line_2678",4422.35612087003,613.629668887683,71.9204685816029,1.55628140667808,1.32770737604872,0.485676088769827
"Line_2681",4522.83336508372,621.798898976237,71.5992352539346,1.5637532739238,0.728879778085485,0.485676088769827
"Line_2685",3723.45808774037,602.462901074773,70.1579355638017,1.54693358332471,-0.577227838059505,0.485676088769829
"Line_2687",3631.04705072395,602.584465537904,66.7360691424801,1.54757372003748,1.32770737604899,0.485676088769828
"Line_2696",4512.485364465,630.609443126593,74.2657159790423,1.5686785855929,0.196098616562055,0.485676088769826
"Line_2697",4265.4561457118,475.593585965341,75.9084635308053,1.56593228860586,0.631332007336513,0.363134799882465
"Line_2699",3842.47563330644,620.344082486283,69.8308922311522,1.56109556035359,0.72887977808522,0.485676088769828
"Line_2701",4422.37474643631,609.458970827995,70.1247465212156,1.55193399824858,1.32770737604882,0.485676088769828
"Line_2704",4188.47744766231,616.230576318579,72.9426851785451,1.55841976252778,1.32770737604884,0.485676088769828
"Line_2709",3178.98891140455,612.273597991193,65.9554875541171,1.55270790114098,-0.577227838059512,0.48567608876983
"Line_2731",4215.64187462613,618.529177337478,72.6669982328309,1.5595542196668,1.88311427510938,0.485676088769828
"Line_2759",4493.0837467553,613.052594968543,70.5053867210611,1.55537964653645,-0.577227838059505,0.485676088769827
"Line_2773",5308.90224719811,621.321064013717,66.6102731143427,1.5614951513657,0.196098616562431,0.48567608876983
"Line_2798",4123.45765352577,631.850150554039,69.8959945380495,1.56663378154619,1.32770737604892,0.485676088769829
"Line_28",4340.83623768892,631.777086363506,72.1698391678264,1.56911338449189,0.728879778085274,0.485676088769828
"Line_2804",4401.52446756083,621.827800337216,68.4344568980959,1.56420246936476,-0.577227838059216,0.485676088769828
"Line_2814",3290.8042365416,610.673997778426,71.1943100057623,1.55530834782659,-0.577227838059356,0.485676088769828
"Line_2815",4628.2781084587,617.661302061712,72.5529543824098,1.55776234105805,1.32770737604914,0.485676088769829
"Line_2821",3838.88242565447,635.764374732464,69.8460755605861,1.57197680864877,1.32770737604908,0.485676088769829
"Line_2825",2849.50939407252,612.068775638716,67.3267197398263,1.55516578706717,-0.57722783805958,0.485676088769828
"Line_283",4265.05572826513,620.941741110823,72.7359218249203,1.56193130657352,0.728879778085204,0.485676088769828
"Line_2830",4575.25196143811,633.194351321545,73.6897356887919,1.56794732595916,1.32770737604918,0.485676088769828
"Line_2833",4631.66272078787,619.29924800233,67.6399859358526,1.5610077187005,0.72887977808575,0.48567608876983
"Line_2844",3650.10610521456,629.575061980496,70.9200974285146,1.56709027160375,2.53681990709302,0.485676088769827
"Line_2849",3831.95424035487,617.882469123537,66.1973590107237,1.55994760397942,1.32770737604894,0.485676088769829
"Line_2855",6037.93351338753,621.276165006178,72.4928896993533,1.56114450747054,1.32770737604887,0.485676088769829
"Line_2859",3826.33261633611,620.403771673616,70.8438558879653,1.56133868467981,0.728879778085364,0.48567608876983
"Line_2869",3847.45546841731,618.164754174149,73.6171721462982,1.55879785274884,-0.577227838059148,0.485676088769827
"Line_2874",4351.30200524569,611.016661044136,74.502133276384,1.55508639289443,1.8831142751096,0.485676088769828
"Line_2880",4909.95254087652,603.749199240632,73.5592568555796,1.54799853431453,-0.577227838059394,0.485676088769829
"Line_2888",5221.12229011792,480.370198564841,70.756118679763,1.23766727805991,-0.440187790650457,0.367740286650791
"Line_2895",4423.52615244697,638.015677866246,74.3930844161798,1.57263427282828,0.728879778085557,0.485676088769829
"Line_2910",4654.78322906269,614.757831520613,72.2313795417261,1.557717019718,-0.577227838059214,0.485676088769828
"Line_2935",5541.87902886684,630.335956916409,73.3075657076881,1.56961290595268,0.19609861656271,0.485676088769827
"Line_2938",3576.8087745552,616.119378248583,68.0921865089904,1.55858863235317,0.196098616562372,0.485676088769828
"Line_2959",3842.49678133798,630.486001536254,74.9517951394278,1.56612174007036,-0.5772278380595,0.485676088769829
"Line_2966",4524.41242446744,600.541710795934,71.2587183107061,1.54564879143418,0.196098616562707,0.485676088769829
"Line_2984",3912.43256533544,630.596871981974,73.7070700742784,1.56906173258389,1.88311427510979,0.485676088769828
"Line_2985",4664.4035012699,511.257973691426,70.489971344471,1.30759361661335,0.350483982321801,0.391086408143515
"Line_2997",4346.01822691113,634.62447066536,71.2210178901425,1.57251526053418,1.32770737604896,0.485676088769829
"Line_3000",4910.03825744983,624.747591112065,70.177963700269,1.56499852971636,-0.577227838059472,0.485676088769828
"Line_302",3971.42119488064,616.308631374788,70.0234949338919,1.55777357534083,1.32770737604908,0.485676088769829
"Line_3029",4891.40968215234,624.293593099718,71.8493960110943,1.56291034029252,1.32770737604906,0.485676088769828
"Line_3039",3606.75709944418,632.902903294646,71.9508253516272,1.57129280734467,0.728879778085228,0.485676088769827
"Line_3052",3894.13941608301,606.033608443888,71.7088627464823,1.54954462446818,0.728879778085544,0.485676088769827
"Line_3066",4590.08884647449,636.887967788658,73.6647343762061,1.57356620384984,1.88311427510965,0.485676088769827
"Line_3069",5745.32712395454,626.676139282686,73.5923721799276,1.56428670478524,0.196098616562429,0.485676088769829
"Line_3088",4593.83891182023,621.798849616192,70.4173043465429,1.56320904922773,0.728879778085711,0.48567608876983
"Line_3113",4090.11043731754,626.238818472882,70.7149264904635,1.56249007587608,-0.577227838059265,0.485676088769829
"Line_3115",4917.55678373903,621.914874382218,71.7154183262598,1.56357189355934,1.32770737604889,0.485676088769829
"Line_3132",4663.4186032061,490.57452421595,66.9826236671886,1.24195730134832,-0.722157882986709,0.369509763651998
"Line_3148",4564.58792828327,619.821630053987,70.4731042277544,1.56318455043683,-0.577227838059051,0.485676088769828
"Line_315",3564.37979441175,608.710121633093,70.4010392499705,1.55315609279002,-0.577227838059005,0.485676088769829
"Line_3151",3095.66667993685,614.285338780622,70.5511301310523,1.55569217785708,0.196098616562568,0.485676088769826
"Line_3189",4072.79974250861,474.049660660847,66.4852219630997,1.23826777698317,0.434825424965571,0.363696610142029
"Line_3210",5077.79758107917,611.215649756655,73.0737640259752,1.55559581158336,0.728879778085294,0.485676088769827
"Line_3220",4832.27477630693,474.366075496462,71.6286496599732,1.55702683473616,-0.741084430036539,0.365020389080127
"Line_3221",4110.21402777191,630.60720444568,68.9542744959571,1.56942886511816,-0.577227838058894,0.485676088769828
"Line_3224",4985.20011085999,632.994328824433,74.3107165204581,1.56837708763053,-0.577227838059081,0.485676088769829
"Line_3242",4382.45184395512,615.643826729366,68.1817149558445,1.55724540275354,0.728879778085475,0.485676088769826
"Line_3259",5200.11044645019,623.562963023233,73.0007031628069,1.56430216343085,0.196098616562526,0.485676088769829
"Line_3290",3536.26173751716,616.499961455979,67.9651145549544,1.55813927188672,0.728879778085611,0.485676088769827
"Line_3295",4032.85816171413,615.891888917297,69.5054652771579,1.55981716791248,1.32770737604922,0.485676088769828
"Line_33",4261.23305395393,628.85316972846,72.9604431384034,1.56680025199185,0.728879778085437,0.485676088769829
"Line_331",3946.50547217192,607.497860134883,70.3131907075443,1.55296049746596,2.53681990709283,0.48567608876983
"Line_3316",3991.74972995651,617.633654514799,69.0292519217863,1.55964066099405,1.32770737604904,0.485676088769828
"Line_3317",4372.30462727037,638.034085322084,69.1565045188172,1.5741062799197,0.728879778085993,0.485676088769831
"Line_3325",5323.46769765904,612.870870355749,72.4119156861963,1.55349138122423,-0.577227838059097,0.48567608876983
"Line_333",4453.45117846462,483.530585914974,68.3582911487795,1.23750887538974,0.658303089519149,0.369688787439445
"Line_3330",4275.10589765727,626.699736883307,72.1676562836833,1.56529627724774,0.728879778085581,0.485676088769829
"Line_3337",4470.79744451918,617.776886413743,69.974645838841,1.55907446580563,0.196098616562721,0.485676088769829
"Line_3360",5111.6153293365,630.838125975281,69.3932316352945,1.56869737684282,0.728879778085524,0.485676088769828
"Line_3361",5326.92794900291,626.158744289659,74.6969849938884,1.56486502651889,0.19609861656258,0.485676088769827
"Line_3366",3211.65765051854,605.176472164213,70.3539124040757,1.54981348866609,1.32770737604897,0.485676088769829
"Line_3368",4279.66521678943,617.358859735301,69.8261104473467,1.55710691995652,-0.57722783805941,0.485676088769829
"Line_3389",5422.29446496831,479.834980900982,71.6792810781222,1.24035204105845,0.198146022635317,0.364557434501844
"Line_3392",3673.29359699223,615.718403774616,69.8442473013557,1.55700208211426,1.88311427511011,0.485676088769829
"Line_3393",4794.31185632741,627.558418966785,71.2415882778176,1.56397359303049,1.88311427511004,0.48567608876983
"Line_3396",4390.7410081586,607.514346982574,71.4620857931713,1.55147914725371,0.196098616562688,0.48567608876983
"Line_3397",5616.8831703838,630.24015135443,72.334392084182,1.5660304539823,-0.577227838059355,0.485676088769828
"Line_3404",4652.47937798088,604.822154062748,67.9347106562139,1.54920866778517,1.88311427510947,0.485676088769828
"Line_3407",4641.30256055352,505.703050787214,67.94396397655,1.30216807093777,0.151754014500037,0.391677408969565
"Line_3414",3549.15319914757,628.595271550168,71.166719580889,1.56742540495157,0.728879778085816,0.485676088769829
"Line_3417",5039.53654489352,618.535763941705,68.0637454422012,1.56119955290751,-0.577227838059166,0.485676088769828
"Line_3420",4067.40155034362,627.218890450277,68.6182699854797,1.5653518513401,0.728879778085653,0.485676088769827
"Line_3433",5127.26839167828,615.681276737645,72.5975579195813,1.55595806548654,0.728879778085537,0.485676088769827
"Line_3441",3495.82393808101,634.304326801662,66.8875055075616,1.57296245786217,1.88311427510984,0.485676088769827
"Line_3481",4753.94891073775,471.908382445587,70.9204819490035,1.23715342060145,-0.848498333893382,0.363877625386272
"Line_3488",2914.76460273107,623.235026002093,69.2019790093763,1.56380526213764,-0.577227838058965,0.48567608876983
"Line_3492",4353.11484472276,624.483408271894,69.7624760377049,1.56244622680324,0.728879778085595,0.485676088769829
"Line_3516",5071.55409093349,632.94032363792,71.1081733101987,1.5699680018894,0.19609861656266,0.485676088769829
"Line_352",4954.76258765778,631.167873239744,64.6500319732078,1.56979614439581,-0.57722783805928,0.485676088769828
"Line_3535",3598.8533358421,626.226325245049,71.0831917005015,1.56593263521835,0.72887977808552,0.485676088769829
"Line_3540",5450.68027934003,627.982395715606,72.6895701194046,1.56839699234759,0.196098616562378,0.48567608876983
"Line_3547",4644.73493166564,636.958705183507,69.2037066376958,1.57343508674585,2.53681990709271,0.485676088769828
"Line_3554",4663.67259409133,610.927525199704,72.7620344194845,1.55446497858207,1.88311427510993,0.485676088769828
"Line_3563",4595.81290184109,620.676717720937,69.9099773590493,1.5609352108268,-0.577227838059241,0.485676088769828
"Line_3587",4944.14641548165,626.52269041247,70.0437137022421,1.5656402051415,0.72887977808552,0.485676088769829
"Line_3613",5091.09506078856,611.833588106415,71.8146459653777,1.55516487627799,0.728879778085621,0.485676088769828
"Line_3623",5005.89524044851,634.782555103201,73.5026593705869,1.57091664164118,1.32770737604891,0.485676088769827
"Line_3631",4112.1092017507,610.826583954092,71.9729515647229,1.55345446868165,1.88311427510967,0.485676088769828
"Line_3634",2858.46631642584,614.692965621008,67.1962539730818,1.55534927810007,2.53681990709285,0.485676088769827
"Line_3672",4686.63356389291,469.825719976038,69.530755956269,1.23353319922521,0.1290280206774,0.364385164890529
"Line_3710",4396.75200387543,476.336540342835,66.9042140458517,1.56014944299708,-0.317973570980994,0.36545540552452
"Line_3736",4436.18450374774,620.894029432158,69.2335792936697,1.56296178224494,0.728879778085231,0.485676088769829
"Line_3741",4938.29890592573,633.496516488003,70.4189507586672,1.57050541604809,0.728879778085768,0.485676088769829
"Line_3746",3337.79995958798,614.057067971175,69.1948895470572,1.55738826957214,-0.577227838059105,0.48567608876983
"Line_3753",4485.29474129458,614.874989004685,70.4325129609922,1.55671719305788,0.196098616562426,0.485676088769829
"Line_3755",4800.40658435497,621.610123578483,68.0363767887861,1.56225623198811,1.88311427510974,0.485676088769829
"Line_377",4302.56639813427,628.949558857017,70.4413482286691,1.56528764986284,0.728879778085751,0.485676088769827
"Line_379",5238.44837711027,606.57149403107,74.2832153752783,1.55146488614662,-0.577227838059192,0.485676088769828
"Line_3805",4689.45357558674,619.753478098249,67.5115038124132,1.55964264780824,0.728879778085642,0.485676088769827
"Line_3812",3991.90199681009,628.100678813055,68.3011427783583,1.5630280923295,-0.577227838059293,0.48567608876983
"Line_3820",4286.41584979694,616.985878520957,71.1199310664503,1.56077691249019,0.728879778085709,0.485676088769829
"Line_3848",3758.47277062801,625.360643468645,73.4571491116514,1.56508898682462,0.72887977808573,0.485676088769828
"Line_3859",4510.07849195294,624.516008372342,71.3279236636267,1.56439080582312,0.196098616562387,0.485676088769828
"Line_3863",4163.03130918125,478.385134662359,68.6314280177697,1.23889079405099,-0.914938432297566,0.366579034527953
"Line_3867",4786.61644403427,622.289401502572,68.6975456210195,1.56392645738083,-0.577227838059273,0.485676088769828
"Line_387",3356.77258755815,621.593938257401,67.7182531732597,1.56263746439454,-0.577227838059286,0.485676088769829
"Line_3871",4665.65191749297,482.31975378476,72.2603592107739,1.23884695449705,0.133159717933028,0.367444924073995
"Line_3893",4543.36993465615,614.090443391029,69.5052832754713,1.55745005024902,0.728879778085437,0.485676088769828
"Line_3894",4261.31998199397,631.629752201465,69.3861425210595,1.56753582595538,-0.577227838059397,0.485676088769828
"Line_3909",4397.37155398046,628.96720998333,70.438685491033,1.56779402011711,0.72887977808551,0.485676088769829
"Line_3914",4775.46228737271,611.264351405179,72.5837536663216,1.55246815942136,1.88311427510999,0.485676088769828
"Line_393",3997.30328262437,630.481319053687,68.7486486402046,1.56923627844002,1.32770737604921,0.485676088769829
"Line_3937",4605.87445810969,477.690954310873,64.6254394589591,1.23872460822193,-0.769487587485524,0.36434239552046
"Line_395",3937.66008796571,631.85439239915,70.7373929798363,1.57039880882889,0.72887977808539,0.48567608876983
"Line_3952",5212.51445744065,604.060629294842,70.7388692318766,1.55013016007184,0.728879778085536,0.485676088769829
"Line_3967",4716.77033443879,480.507394821949,67.9060576208851,1.24167934806984,-0.314601165117977,0.364297818851656
"Line_3971",5092.16539075928,481.31619393166,72.9753334835436,1.23865329368381,-0.228526154700441,0.367473749950466
"Line_3972",4549.54235885627,629.670040279338,66.8062362887635,1.56662033276012,0.728879778085616,0.485676088769829
"Line_3973",4010.87305855211,607.431250173187,69.2138744285585,1.54990643019566,1.32770737604904,0.485676088769829
"Line_3984",4975.86992837295,628.552617362948,69.5995356688306,1.56594381732981,-0.57722783805913,0.485676088769828
"Line_4008",4473.20771407016,619.109529665507,70.3180901099711,1.55932422960074,0.728879778085706,0.48567608876983
"Line_4038",3557.5771115672,636.195163441799,71.1333013701912,1.57150840925586,0.196098616562558,0.48567608876983
"Line_4079",4319.62564348503,620.170355984218,71.0805792949169,1.55879002955073,-0.577227838059275,0.485676088769828
"Line_4092",4179.47467205968,612.96250658549,69.7186859654779,1.55532898045333,1.32770737604918,0.485676088769828
"Line_4107",3588.38843649752,625.226894125748,70.0720305441802,1.5653588637329,1.32770737604886,0.48567608876983
"Line_4110",4074.37909411977,608.262056815811,70.1704939827774,1.55178310632733,0.728879778085553,0.485676088769828
"Line_4116",5295.0992957627,628.372006808725,69.4197474739388,1.56640251865638,-0.577227838059276,0.485676088769829
"Line_412",3903.30210437855,625.565579136838,66.4073240469626,1.5634833603936,-0.577227838059337,0.485676088769829
"Line_4135",4527.61939549382,614.680323046949,69.0278334057339,1.55565961365947,-0.577227838059545,0.485676088769828
"Line_4140",4046.76336278043,613.936881762209,74.4405721262386,1.55430716361616,-0.577227838059261,0.485676088769828
"Line_4143",4122.62823943719,475.647277199221,65.8526563540768,1.56520486766305,-0.742287808156515,0.363241378161288
"Line_4147",4019.3720260139,627.88958947124,73.1454768316403,1.56661421028106,1.32770737604889,0.485676088769829
"Line_4176",4394.71105462358,629.350833677458,69.4993868871897,1.56535581659786,-0.577227838059367,0.485676088769827
"Line_4182",4675.29760247449,621.002151592415,68.474649551223,1.56193735017793,0.728879778085492,0.485676088769829
"Line_4194",3844.4284194777,634.39432080194,73.4546014975327,1.56976523251599,1.88311427510941,0.485676088769828
"Line_4195",5465.08815253462,490.638750047665,70.1285146606194,1.24284914427239,-0.21735142501011,0.369333880447676
"Line_4219",4210.2435236762,624.286078765799,69.673776236238,1.56406211662696,-0.577227838059337,0.485676088769829
"Line_423",4212.37127434166,610.257875453973,73.551211435104,1.55118192592872,1.32770737604905,0.485676088769829
"Line_4233",4069.62395458022,624.780473487862,73.0585804762869,1.56466698684512,0.728879778085327,0.485676088769829
"Line_4251",4844.48846964534,617.818719487813,70.1746053342904,1.5576798740201,-0.577227838059478,0.485676088769829
"Line_426",3316.17707452107,610.660803106695,69.6888122633117,1.55339623187978,0.196098616562576,0.485676088769828
"Line_4260",3253.28849272153,622.027601386155,66.2635431559059,1.56214260057836,-0.57722783805941,0.485676088769828
"Line_4273",4139.73053094202,614.061807057075,67.2640740046775,1.55674313600958,-0.577227838059625,0.48567608876983
"Line_4283",4462.60501307406,619.55148676991,71.0078962093005,1.55984483412739,0.728879778085558,0.485676088769829
"Line_4291",4673.25825811303,625.084699725128,71.4123797966054,1.56321879477829,-0.57722783805959,0.485676088769829
"Line_4301",4935.66691477302,617.680713450914,72.555944420604,1.55754045781725,0.728879778085506,0.48567608876983
"Line_4319",4748.95763527431,479.056347180366,69.7728575697886,1.23739296351562,-0.762602967256153,0.368165418732247
"Line_4320",4736.3830360373,618.403864514969,69.9848314241359,1.56120130522551,1.32770737604887,0.485676088769828
"Line_4325",3649.11059334567,606.699974668601,72.3472172879162,1.54938848316989,0.728879778085405,0.485676088769828
"Line_4331",3144.67044573529,605.888364826936,67.9384046878912,1.54835129977905,0.196098616562455,0.485676088769828
"Line_4333",5482.05930850738,607.375657730323,70.6392758170161,1.55142286886645,-0.577227838059214,0.485676088769829
"Line_435",4860.82094184233,625.411165983166,71.3446934737084,1.56287137744941,-0.577227838059308,0.485676088769828
"Line_4351",5236.64818873785,623.992152978131,71.2461488621975,1.56251223452759,0.728879778085437,0.485676088769828
"Line_438",5059.41309964312,621.448958947595,72.6937723414696,1.56386592671005,0.728879778085598,0.485676088769829
"Line_4388",4642.39902707174,609.450045374883,74.5894281770587,1.55507189079085,1.32770737604894,0.485676088769829
"Line_4423",3975.57628917988,611.867444598002,71.5209929077298,1.5541638740767,1.32770737604878,0.485676088769827
"Line_4432",3196.47703250187,615.409601325936,64.698121419404,1.55694140436563,-0.577227838059366,0.485676088769829
"Line_4437",5002.21531424295,614.650751625176,74.5922946295995,1.55848227668187,1.32770737604894,0.485676088769829
"Line_4445",4545.13775648606,627.098509910614,70.2295661801729,1.56640512803249,2.53681990709306,0.485676088769829
"Line_4454",4325.89248475469,627.280205471133,72.3036818548718,1.56541341511763,0.196098616562499,0.485676088769828
"Line_4471",5093.60059687895,629.104608939805,71.1344644299215,1.56755663463782,-0.577227838059545,0.485676088769828
"Line_4475",4373.18473021458,617.95718070037,71.3361079737011,1.55850117815025,0.728879778085348,0.485676088769829
"Line_4491",4270.11210964863,630.552558389175,67.258373117238,1.56783700676362,1.32770737604888,0.485676088769829
"Line_4522",3600.24758557197,615.200090312516,71.3665480911074,1.55700259292964,0.728879778085204,0.485676088769828
"Line_4529",5043.99613947461,495.949775278258,69.2701851598926,1.30283065500791,-0.477429050255095,0.385720027880929
"Line_4539",4114.37529363235,623.062030188125,75.9813941212739,1.56501685731185,1.88311427510942,0.485676088769828
"Line_4547",4090.26740849215,600.859028356022,68.3195417195344,1.54498566119782,-0.577227838059789,0.485676088769829
"Line_4568",5159.82538121748,502.04937677624,71.3304451167232,1.30578617644816,-0.732256253326791,0.386753587788301
"Line_4575",5278.54015857394,607.198801373943,71.3839986163545,1.55113921748725,0.728879778085389,0.485676088769828
"Line_4596",4627.8754884827,616.057123355287,73.4938598150832,1.55730260181785,0.196098616562165,0.485676088769827
"Line_4600",4295.49746802542,636.138057812162,72.2635837286865,1.57318334293308,0.728879778085127,0.485676088769827
"Line_4609",4528.8286821655,626.575831804447,70.0473599857694,1.56230830230949,2.53681990709261,0.485676088769826
"Line_4610",4427.18868164915,618.566414867044,65.6536784666217,1.56022264216416,-0.577227838059539,0.485676088769827
"Line_4643",4303.37171820269,478.586036834993,71.0237195647017,1.24118895771748,-0.0788766298804708,0.363931350180815
"Line_4661",5079.4440462113,609.179135434535,71.9054221420655,1.55196107500018,0.728879778085203,0.485676088769827
"Line_4672",4593.69845010841,635.743281521297,70.370655946044,1.57315235805366,1.32770737604883,0.485676088769827
"Line_4692",4467.46394719668,623.370858374013,68.9370218310274,1.56220820753924,0.196098616562294,0.485676088769827
"Line_4709",4272.68649653713,621.378165534785,76.0677447649343,1.56300440645354,-0.577227838059499,0.485676088769827
"Line_4725",3801.71846415841,636.787507255103,73.3227867366076,1.57432959480839,0.728879778085458,0.485676088769828
"Line_4731",3788.66777746251,636.371853947619,66.3328057715185,1.57296545368063,1.32770737604875,0.485676088769827
"Line_4737",3821.14930734827,618.24997821171,68.391243550779,1.56094624565214,0.196098616562376,0.485676088769828
"Line_4745",5200.45494421446,634.642136690081,71.4024099904805,1.57086369646127,0.728879778085224,0.485676088769826
"Line_4766",4036.40458643558,623.641975903675,69.8230059801803,1.5613325108733,0.728879778085297,0.485676088769827
"Line_4767",4513.84194116414,614.046886300115,69.8373859647354,1.55855350877035,-0.577227838059574,0.485676088769826
"Line_4774",4232.75827081189,606.496854339129,68.5728519060291,1.55151282817168,0.728879778085444,0.485676088769826
"Line_4778",4681.52113168194,636.64784522693,71.9533266935681,1.574669012024,0.728879778085368,0.485676088769826
"Line_4782",3922.85323429764,615.958617377698,71.1551652725143,1.55694087835363,0.196098616562323,0.485676088769827
"Line_4804",4516.29915887107,641.889181898843,73.5660559564001,1.57712691645631,1.32770737604888,0.485676088769827
"Line_4818",4497.64621359625,489.883370487524,67.1350711372792,1.24200853938573,0.146783425791993,0.369854605738156
"Line_483",4230.01430133182,606.693015172877,72.4357463262433,1.54893096876852,1.88311427510951,0.485676088769828
"Line_4831",4365.91085843639,600.174051489048,71.8909410735943,1.54519200661766,0.196098616562298,0.485676088769827
"Line_4833",4021.3492088297,634.067081283601,67.9967212961729,1.57092613299719,0.728879778085339,0.485676088769827
"Line_4834",4323.60379031849,630.680258491203,71.2028590791209,1.57100152195205,0.728879778085395,0.485676088769827
"Line_4849",4113.79607088015,639.388178156803,64.0047369604464,1.57459435711588,1.32770737604885,0.485676088769827
"Line_4863",4570.03770971583,496.634438016449,66.2080226359616,1.2992441647639,-0.258761717232684,0.388276286686043
"Line_4877",4479.22952292613,604.801283721885,66.3000063805372,1.54954407524675,0.19609861656231,0.485676088769826
"Line_4881",3853.51402178387,634.308321143325,71.2537356748021,1.57214501565768,0.728879778085365,0.485676088769827
"Line_4883",3560.67445311857,628.779185498594,71.0942193779468,1.5676904285059,0.196098616562234,0.485676088769826
"Line_4884",4285.670432629,633.130843002783,70.7835012360264,1.57053032186456,0.196098616562261,0.485676088769827
"Line_4904",4247.77369305974,503.811479932016,70.2231341603704,1.56106699458886,0.560350089104689,0.389404479062784
"Line_4906",4635.46233964874,600.879037289836,73.4279892008462,1.54562967352691,1.32770737604876,0.485676088769827
"Line_4920",3962.0826361682,630.660292616996,70.7669970257639,1.56884453248634,-0.577227838059453,0.485676088769826
"Line_4939",5103.80918860222,611.257985134085,71.1836552414038,1.55436042538384,-0.577227838059469,0.485676088769826
"Line_4947",4671.73808109063,633.556341791346,73.4436669435049,1.56954645527122,1.32770737604879,0.485676088769827
"Line_4952",4527.55389043294,599.804221598328,68.9582888121396,1.54468228044948,0.196098616562334,0.485676088769827
"Line_4956",5498.84182658585,615.119117855985,67.0426556444018,1.5577064510134,-0.577227838059697,0.485676088769826
"Line_4959",3756.37978572334,503.845931427689,69.5888808820688,1.2384391390071,-0.736253824949509,0.387975699150703
"Line_4970",5172.93268941055,619.868803882708,75.2070700081306,1.56060381638282,0.728879778085145,0.485676088769826
"Line_4982",5143.70764209391,607.938411605693,72.9668778385425,1.55266612090583,-0.577227838059737,0.485676088769827
"Line_4989",4026.18421070633,602.217234669472,72.5692827163381,1.54616258166114,-0.577227838059663,0.485676088769827
"Line_499",4853.60712934444,622.031921225389,74.1841730374613,1.56467711410463,-0.57722783805974,0.485676088769826
"Line_5",4533.83249427324,481.832219331761,68.7592576018933,1.24041247424308,0.179634171950977,0.366986796334716
"Line_5004",3430.9536945899,622.277079097792,70.5173843876585,1.56432027151165,0.728879778085255,0.485676088769827
"Line_502",4347.4772819093,611.31151526779,73.5193236162514,1.5527091294052,0.728879778085098,0.485676088769826
"Line_5036",4332.78287832316,623.976300247588,70.613091526688,1.56391877279639,-0.577227838059541,0.485676088769826
"Line_5039",4815.67855370178,612.450100975622,68.3112363818941,1.55777907522619,0.196098616562284,0.485676088769827
"Line_5044",4747.35348993267,620.29532689106,72.4344983983884,1.5593248341526,1.32770737604871,0.485676088769826
"Line_5051",4095.61163592121,620.093255465225,69.382644679911,1.56021356847028,-0.577227838059706,0.485676088769826
"Line_5058",4805.12058532255,622.343104290877,72.4347914240425,1.56309174124568,0.196098616562155,0.485676088769826
"Line_5063",4220.33360906852,628.803413685074,69.6740535326998,1.56662706739376,0.728879778085161,0.485676088769827
"Line_5080",5039.40556571353,624.702310806855,75.3977825631155,1.5639068794836,-0.577227838059704,0.485676088769826
"Line_5086",4394.12890152657,632.493107725752,68.4981680798863,1.56873201736909,1.88311427510941,0.485676088769826
"Line_5090",4769.06912106332,629.688598906031,73.8250621772097,1.56786736941488,1.8831142751092,0.485676088769826
"Line_5112",4437.21282009499,617.144975599792,69.7180697833614,1.56060153635111,0.19609861656209,0.485676088769827
"Line_5115",4516.58992582647,623.117358240388,73.247677574115,1.5638204928933,0.728879778085277,0.485676088769826
"Line_5119",4443.90206742554,629.057633868392,73.4001936024638,1.56564995164822,2.53681990709254,0.485676088769827
"Line_512",3931.91775454918,611.425664103322,71.1113139155669,1.55616215717795,1.32770737604851,0.485676088769826
"Line_5129",4422.10192871346,621.536549437105,69.0419993533216,1.56090099517853,0.728879778085135,0.485676088769826
"Line_5132",4939.93341695617,620.439039761607,72.3030615847868,1.56209727929935,-0.577227838059696,0.485676088769826
"Line_5151",5362.31800751908,466.833050293819,70.0657068365386,1.23513703576932,-0.699713366643438,0.360420251553144
"Line_517",4304.26385448602,618.51982775335,69.6722698273191,1.56196712702562,-0.577227838059821,0.485676088769826
"Line_5177",4268.45331017079,632.001299000078,72.8441748225136,1.57044489319183,-0.577227838059696,0.485676088769826
"Line_5218",4803.27407990399,627.325202748296,68.301979389116,1.56543595861408,1.32770737604846,0.485676088769826
"Line_5238",4134.52233842983,623.471291669242,72.3671737783055,1.56363417137882,1.88311427510932,0.485676088769826
"Line_524",3627.67931540242,603.460531957844,67.9494762501935,1.54823216881402,0.196098616562198,0.485676088769826
"Line_5249",2860.64510299875,632.407928225681,70.6558874186989,1.56839235549461,0.72887977808497,0.485676088769826
"Line_5254",4122.47933629492,612.68602089125,72.6633453818051,1.55675845065411,1.32770737604848,0.485676088769826
"Line_5263",4342.38422606446,636.007287539195,69.9571051425963,1.57135828065351,0.72887977808502,0.485676088769826
"Line_5265",4134.26162457227,602.025600194153,67.7561625880226,1.54588397390873,-0.577227838059777,0.485676088769827
"Line_5268",4775.81228916274,625.866928069307,68.0284617917315,1.56428124092267,0.728879778084964,0.485676088769826
"Line_5270",4849.34152289034,471.662718025234,69.5110419563801,1.23415406189147,-0.749070894547375,0.36545491636367
"Line_5273",3541.74974921673,604.358234842306,66.4862473082725,1.55027029905603,0.728879778085044,0.485676088769827
"Line_5288",4789.20189260001,607.805874100097,69.1442413404743,1.55209512734197,0.728879778085004,0.485676088769826
"Line_5292",5364.78650864426,614.610960338358,73.1881938953334,1.55606161302369,-0.577227838059792,0.485676088769826
"Line_5302",3077.39599924421,629.558587685298,71.5546301953282,1.56803327612716,-0.577227838059782,0.485676088769826
"Line_5304",4518.48230400348,508.118949873421,70.5600651198057,1.56964979724879,-0.611935025687729,0.38878897832648
"Line_5318",5181.94452335924,478.810545768119,74.9001032313903,1.23830965468075,-0.653845387896078,0.365951591975442
"Line_5338",3551.42011736877,612.889268359369,69.0156261653976,1.55532482374745,0.728879778085053,0.485676088769826
"Line_5339",4082.40885939755,633.637485768751,67.9066936939891,1.57129709176814,-0.577227838059753,0.485676088769826
"Line_5340",3257.3188889246,599.967321115878,72.8555161326245,1.54504037238515,1.32770737604852,0.485676088769827
"Line_5365",4361.10739639862,472.378019003303,68.6470227869239,1.2411311551778,-0.0271385075288548,0.360441380116577
"Line_5369",4012.38209398891,605.038587960939,70.1747867896301,1.54996090028985,0.196098616562184,0.485676088769826
"Line_5372",6337.88944938301,627.299861363965,71.7392467788797,1.56420969658933,-0.577227838059698,0.485676088769826
"Line_5386",5736.45578408765,627.625700937293,69.8501615841552,1.56427762715629,-0.577227838059773,0.485676088769826
"Line_5390",3969.2112492764,617.527133932775,69.4049230459855,1.55964715140243,-0.577227838059648,0.485676088769826
"Line_5394",4219.80078591761,633.956456329364,72.5667791506489,1.57254610237876,0.728879778085079,0.485676088769826
"Line_5400",4528.33521913865,633.475192230744,70.2489097463856,1.57197755838418,-0.577227838059671,0.485676088769826
"Line_5410",4574.50431490964,617.862811246444,73.4860291078998,1.5592169331171,1.88311427510932,0.485676088769826
"Line_5422",4678.78092693079,628.647252064316,73.1072377659637,1.56432496716353,1.88311427510928,0.485676088769826
"Line_5424",4699.99527841962,627.74688022487,73.5324559269312,1.56636621286935,1.32770737604851,0.485676088769826
"Line_5447",4240.95540988337,611.629470088663,71.7627728364835,1.55611946920482,1.88311427510916,0.485676088769826
"Line_5461",4940.70269045547,618.24315313487,72.2444836727277,1.5610364223339,0.728879778085182,0.485676088769826
"Line_5462",4045.67734619077,627.910913202068,67.0215756315649,1.56623601517231,-0.577227838059678,0.485676088769826
"Line_558",3983.35413122008,614.752504237933,73.4470445083176,1.55976992711376,1.88311427510925,0.485676088769826
"Line_562",4570.60464528483,629.72980461706,73.0459793129069,1.56935808393881,0.728879778085058,0.485676088769826
"Line_563",4211.98158915047,621.749853167202,69.1223281782924,1.56244759164223,0.728879778085158,0.485676088769826
"Line_569",4521.26388024501,617.430494284975,71.7783435381749,1.55893659754622,0.728879778085036,0.485676088769826
"Line_57",5262.73933918071,604.661604172538,65.8649732115398,1.55042873466354,1.32770737604847,0.485676088769826
"Line_595",4835.57082268709,628.999830763877,71.3442291575609,1.56886676350931,1.32770737604856,0.485676088769826
"Line_605",3695.97352262808,619.204128240895,71.365540212275,1.55970239692744,0.196098616561995,0.485676088769827
"Line_606",5249.73543453239,619.300627292577,72.0044469321027,1.56028335048065,-0.577227838059893,0.485676088769826
"Line_607",4280.31316212046,602.602310070903,71.2651292946272,1.54768489526616,0.728879778084896,0.485676088769826
"Line_616",3934.27258648678,625.272138995044,68.5459931187135,1.56358006433129,0.728879778084807,0.485676088769826
"Line_626",4341.8784588619,615.344149706638,69.7417359663524,1.55569740374854,0.728879778084942,0.485676088769827
"Line_627",5088.19955819445,478.536741765104,66.7169955845971,1.23929768805416,-0.0102930707416005,0.364551073990519
"Line_638",4514.2718292468,474.762086299574,72.6472488507459,1.23694621030583,0.594040261507872,0.365204457591093
"Line_640",5228.41710369662,618.495033110205,69.8242274783929,1.56098812882577,-0.577227838059914,0.485676088769826
"Line_644",4178.11561481309,625.327617584967,71.2318208468993,1.56590830754432,0.196098616561898,0.485676088769826
"Line_648",3644.05967974163,610.293004642893,69.5583228687651,1.55356390839263,-0.577227838059892,0.485676088769826
"Line_679",3524.03876615409,634.594595213208,74.1296841377064,1.57083938736266,0.728879778084955,0.485676088769827
"Line_681",4694.29751160977,621.615260126811,69.8276381659672,1.56371190151073,1.32770737604834,0.485676088769826
"Line_693",3273.3035573869,625.672581321759,73.5456865400327,1.56521313659886,-0.577227838060041,0.485676088769827
"Line_701",4272.35499297229,630.963366290924,71.3059542589152,1.56690602855149,1.88311427510893,0.485676088769826
"Line_710",4202.04959052012,601.58253356609,70.9409297065951,1.5455767313522,-0.577227838060076,0.485676088769826
"Line_725",4460.63015688658,633.298840297614,70.0597208223177,1.57123497379585,0.728879778084905,0.485676088769826
"Line_748",4047.01487476519,612.273158471983,72.0397751077723,1.55640272682266,0.728879778084868,0.485676088769827
"Line_760",4608.23464928986,635.300488214502,71.719204231629,1.57114982263888,1.32770737604838,0.485676088769827
"Line_771",4050.72951423738,469.80199182767,71.0734672040258,1.236736169071,0.661282864101139,0.36163646037724
"Line_78",4365.02684599085,617.111493001771,68.323480362154,1.55742571291535,1.3277073760482,0.485676088769827
"Line_788",4562.39403912021,619.740930741201,68.7620442169202,1.56054093599718,-0.57722783806001,0.485676088769827
"Line_807",3693.7943729705,618.838045307955,72.7587804148944,1.55948839974323,1.32770737604823,0.485676088769827
"Line_815",4745.76804576816,624.86758914827,69.9199605191658,1.56510986360799,1.88311427510894,0.485676088769827
"Line_823",4533.94456605819,622.18512028232,72.1438718177526,1.56254139722156,1.88311427510891,0.485676088769827
"Line_835",4073.58136257043,618.295497126838,72.1045575027833,1.56147357658016,0.728879778084783,0.485676088769827
"Line_860",4893.02721633566,629.22289601707,71.2934584938142,1.56628425747809,1.32770737604807,0.485676088769827
"Line_863",4779.33508858658,616.243109857109,72.3670098076603,1.55826168371727,0.728879778084644,0.485676088769827
"Line_918",4967.9469127484,622.679368021401,71.9291074528628,1.56483183314548,0.19609861656177,0.485676088769827
"Line_92",4422.96943106261,611.62647876863,70.2891421498397,1.55365752705326,1.32770737604812,0.485676088769828
"Line_929",4613.04331025369,499.101184264154,71.5345115498721,1.23686727224639,-0.642574208621061,0.387894926396069
"Line_930",5363.14469233565,501.748798478983,73.3313170437439,1.30052584162928,0.212414477092664,0.389966023716472
"Line_943",4808.35299284306,632.076797276963,67.9288943391897,1.57003977711569,0.728879778084722,0.485676088769828
"Line_952",3919.98929681961,628.359892646102,69.7896931788662,1.56640108051571,0.72887977808481,0.485676088769828
"Line_954",4136.25752586076,616.227424158564,71.3465120133422,1.55906346750486,0.72887977808476,0.485676088769828
"Line_959",5503.54252021034,630.810521033847,75.0953114006151,1.56735426592329,0.728879778084694,0.485676088769828
"Line_971",3167.0718918651,606.355313247654,68.9567532261046,1.55066407068901,2.53681990709208,0.485676088769827
"Line_10",4527.95087385401,748.623824006811,68.0611945017951,1.61117176528563,-0.770067232958374,0.620195887837498
"Line_1004",3089.07578881755,727.222159718985,65.3181266145489,1.56353931183661,0.36274887725013,0.620195887837487
"Line_1077",4392.43275027967,757.372846944727,73.1548269998686,1.63343100914684,0.954580272624782,0.620195887837484
"Line_1099",4088.18696541192,765.473546367963,67.7581051192246,1.65609738827959,-0.0750433288443884,0.62019588783749
"Line_1160",3815.6375615925,795.797450537221,67.8210646475581,1.73451952477687,0.362748877250834,0.620195887837491
"Line_1182",5251.73700474114,749.419475461331,73.7945228731015,1.61467596419757,2.49192925774981,0.620195887837488
"Line_1251",4615.63056384905,739.666451816822,74.1631289144262,1.59122068023072,0.954580272624299,0.62019588783749
"Line_1256",4913.73724836288,745.990074132276,70.215570213787,1.6071726068157,0.362748877250747,0.620195887837487
"Line_128",3814.77893209162,795.405851589224,66.1334413476588,1.72907879030846,2.49192925775002,0.62019588783749
"Line_1358",4272.81041046057,759.236537268947,74.1594874865446,1.63649810829228,0.954580272625277,0.620195887837488
"Line_1418",3680.57724914737,484.83787875666,71.2730765308612,1.27537663523926,0.818334162688021,0.35901128385031
"Line_1460",3850.83379147502,761.578006237637,63.0033283712183,1.64575826454641,-0.770067232958313,0.62019588783749
"Line_1485",4877.65614584585,754.517776254315,70.6062134276254,1.62831692836847,1.64146023834452,0.620195887837487
"Line_1491",4621.09685649763,767.104140286888,69.5445736122423,1.65800712041717,0.954580272625507,0.62019588783749
"Line_1508",4309.78038986348,464.793006461342,73.5397767893002,1.10975769493387,1.00623728261465,0.341067765229368
"Line_1512",3673.855531583,741.830865272188,72.930525961305,1.5974916185005,-0.0750433288450273,0.620195887837486
"Line_1584",4822.17988206685,746.243144816447,69.9385763214155,1.60705030564307,0.362748877250814,0.620195887837486
"Line_1687",5191.50829439238,724.828406090042,69.6745255778742,1.5583582057479,-0.770067232958449,0.620195887837489
"Line_1712",3905.33137283892,773.346880387664,67.6537291357061,1.67237143676773,0.954580272624945,0.620195887837489
"Line_1713",3901.25715006157,733.780621791507,64.0678718455925,1.57912859677723,-0.770067232958668,0.620195887837488
"Line_1732",4861.19830145222,796.630358135071,68.9126885559069,1.73102561707238,1.64146023834433,0.62019588783749
"Line_1745",3961.25731733509,765.781418045805,69.3112273418328,1.65632500869697,-0.770067232958943,0.62019588783749
"Line_1837",4735.89575716775,789.892512829599,67.5302246792296,1.71635975125822,0.954580272624789,0.62019588783749
"Line_1941",5087.35638832265,741.315833411321,67.0396740969377,1.59592181622327,-0.770067232958232,0.62019588783749
"Line_2082",4035.61152499499,454.130950806233,67.3850334133019,1.27217289499574,1.10388305533269,0.33846421442565
"Line_2104",4130.11975128669,749.583790924926,69.5320633164468,1.61470274734659,0.362748877250504,0.62019588783749
"Line_2107",4427.9478394856,772.155331714595,74.3114642943869,1.67008234874542,1.6414602383442,0.620195887837491
"Line_212",4486.6689739833,413.783346616917,67.35367249629,1.01873095279403,-0.673746672987446,0.340951428269263
"Line_2260",4737.29705332381,403.390220136329,70.7317322194951,0.99617894329982,-0.0187985344679028,0.33640346045845
"Line_2290",5404.00496611153,730.481824866134,76.6667710268251,1.57032808352332,0.954580272624476,0.620195887837489
"Line_230",4685.48551237145,738.998813498048,71.0229387608132,1.59130152459311,0.362748877250637,0.620195887837489
"Line_2303",5002.94790458313,727.948471700491,70.2379013051495,1.5658008631371,0.362748877250584,0.620195887837491
"Line_2337",3117.84706056647,741.777504651124,73.0703877691702,1.59659055289523,-0.0750433288442343,0.62019588783749
"Line_2415",5247.62422259515,758.005912809885,73.8058561414067,1.63667899340558,0.954580272624735,0.620195887837488
"Line_2546",3803.41505159278,784.76564193342,68.5272747600715,1.70139183661517,0.954580272624514,0.62019588783749
"Line_2578",5455.23866656498,790.917998841071,72.8297000739228,1.7161902588906,0.362748877250688,0.620195887837487
"Line_2597",3890.22695144882,746.955418677894,66.9834935329983,1.60971324100013,0.362748877249916,0.620195887837489
"Line_2602",4564.31578782199,762.084295967322,69.8410091846336,1.64814984075093,-0.770067232958717,0.62019588783749
"Line_2639",4113.73668582873,735.205195549529,73.4339315519092,1.58238019027397,0.362748877250266,0.620195887837491
"Line_2684",4277.86090714285,746.389642275195,66.9033062852205,1.60738819235935,0.954580272624259,0.620195887837491
"Line_2695",4148.14830840764,868.726754319467,66.4816349044182,1.84730767678996,0.658664574937132,0.732560668568422
"Line_2743",4728.63194021134,749.784078276678,67.3780069095377,1.6152528062621,0.95458027262451,0.62019588783749
"Line_2783",3776.24360304279,740.98809482018,65.9482782399409,1.59516807192675,-0.0750433288444188,0.620195887837487
"Line_2847",5137.05817540614,766.396188168856,71.5916362121851,1.65764992713407,0.954580272624384,0.62019588783749
"Line_2937",4199.66213786673,747.477287872735,65.2832823280968,1.61030699063907,-0.770067232958581,0.620195887837489
"Line_2979",4201.07967901783,472.254155109606,71.0699073958289,1.23321803734431,0.993492490835317,0.356164065848924
"Line_3007",4275.55149325949,780.939175452589,68.0496454252331,1.69056630259599,0.362748877250381,0.620195887837489
"Line_3009",5017.46190415818,765.521326440498,69.0087093163586,1.65602267821119,0.954580272624917,0.620195887837487
"Line_3016",4952.3610951496,762.985577840908,68.5704087664291,1.65198960793405,0.954580272624362,0.620195887837491
"Line_3063",4545.32206756441,769.268106329862,72.5498561164713,1.6662937178537,0.36274887725055,0.620195887837489
"Line_307",4393.12516794915,452.534430550328,70.8872783574202,1.0954097488762,1.18897845650749,0.337840720881119
"Line_3104",4657.79342334937,744.045733431018,69.2575533334702,1.60257048652962,0.362748877250614,0.620195887837489
"Line_3108",3459.7081512135,774.495149113504,63.965867986175,1.674319289361,-0.770067232958465,0.620195887837488
"Line_3141",5178.54678288913,733.54180882454,70.7245638266237,1.57883301845445,-0.770067232959254,0.620195887837488
"Line_3147",4841.27587528129,799.695316110039,70.9008750205418,1.73846023539485,0.362748877250687,0.620195887837487
"Line_3230",4486.41194932507,762.135234557958,71.7376239088338,1.64669462266971,-0.0750433288444315,0.620195887837487
"Line_3291",4735.41609034022,757.922214414961,69.173163397635,1.63362508157609,1.64146023834374,0.620195887837489
"Line_3296",3503.64058563316,781.500504809475,67.9774868938869,1.69315526784549,-0.0750433288443904,0.62019588783749
"Line_3336",4357.19456987308,738.090877705596,75.0763941409903,1.58814077943997,-0.770067232958612,0.620195887837491
"Line_3338",3697.40805138348,743.6965345715,62.5297316125967,1.60077323261633,-0.770067232958951,0.620195887837489
"Line_3381",4360.53745913037,745.00308137476,68.1454497487741,1.60505919227804,1.64146023834408,0.620195887837488
"Line_3421",3524.5975125705,742.074978068772,60.2261219380213,1.59714406953174,-0.77006723295882,0.620195887837489
"Line_3434",5221.05364588388,764.379955232614,67.5456210435423,1.65121589287926,1.64146023834382,0.620195887837487
"Line_3464",4058.74762675983,736.905685665873,70.4111205933307,1.58471952764603,0.362748877250325,0.62019588783749
"Line_3469",4259.0568567942,760.810188177435,68.2815112231319,1.64389301986609,0.362748877250585,0.620195887837488
"Line_3533",4229.72384452999,763.010320411121,71.9958250681416,1.64803360107891,0.362748877250252,0.62019588783749
"Line_3543",4591.72120522572,771.319840388356,74.1032094168341,1.66781593678776,0.362748877250681,0.620195887837489
"Line_3565",4514.37706367197,804.385729653894,68.5626383823977,1.75989620082241,0.954580272624537,0.62019588783749
"Line_3635",5660.73046282736,739.721908687898,73.3017629681959,1.59180519166081,0.954580272624756,0.620195887837488
"Line_3682",3200.77100173396,770.733690693202,66.1819740723324,1.66864027818303,0.362748877250381,0.620195887837489
"Line_37",4652.27930623652,763.958551484629,71.948061904011,1.6499351179736,0.362748877250399,0.620195887837489
"Line_3765",4426.81466815091,777.048871477132,69.5632359382852,1.68255954601344,0.954580272624715,0.620195887837489
"Line_3818",5449.0004215931,751.020268207371,71.7071246505828,1.61877871896964,-0.770067232958306,0.620195887837489
"Line_3822",4574.474210822,727.09251671027,66.3089993813157,1.56324139799423,-0.770067232958555,0.620195887837488
"Line_3844",5036.06176454564,756.472006500351,74.7807425061721,1.63046529488506,0.954580272624671,0.620195887837489
"Line_3897",4854.20786413835,748.658471028558,74.1960915597444,1.61247222632093,2.49192925774931,0.620195887837488
"Line_4041",4616.97037703847,802.680639589058,73.0633696904497,1.74843566251814,0.362748877250603,0.620195887837488
"Line_4187",6136.87672045587,781.606369263061,72.1945706194673,1.69164063027704,1.64146023834456,0.620195887837488
"Line_4249",4003.69908796476,730.689004792636,73.0800540188413,1.57176568282772,0.362748877250399,0.620195887837488
"Line_4256",4691.30629824285,455.398195951503,70.3155021112212,1.12859435891086,1.5802915617864,0.340357538847598
"Line_4264",2876.43028212063,766.005395518124,66.9929354857823,1.65546276552854,0.362748877250247,0.620195887837488
"Line_4348",3943.38796656294,733.074333423312,66.7321734769074,1.57758771941855,0.362748877250407,0.620195887837487
"Line_440",5072.81196285375,740.772148294088,67.6285534896392,1.59469844398603,-0.770067232958781,0.620195887837487
"Line_4554",3762.85309201855,735.065524262729,70.8863348028332,1.58122637531299,0.362748877250388,0.620195887837488
"Line_4556",4401.32200722153,741.673375547866,67.942762960052,1.59624259942966,-0.770067232958761,0.620195887837487
"Line_4631",5492.2347402334,734.418268798285,76.1254679287074,1.57961291218584,0.362748877250175,0.620195887837487
"Line_4668",5380.37644637253,734.134584574872,71.0748054083581,1.57975940767523,0.362748877250246,0.620195887837488
"Line_4757",4889.03597333848,756.956791604898,73.9497468270545,1.63159974159947,-0.075043328844618,0.620195887837487
"Line_4807",4197.30502729901,804.653938639575,73.9547189994375,1.75325071688379,1.64146023834406,0.620195887837487
"Line_482",3861.75797364727,454.497737719142,66.5339984058844,1.08954811520665,1.08503654940688,0.339642976232202
"Line_4846",4828.76264574625,459.626759871351,68.4976091867846,1.15711647790449,1.27932345041859,0.33718286292292
"Line_4865",5086.88071392581,725.136663330545,72.5574438061503,1.55908377353372,0.362748877250303,0.620195887837487
"Line_4948",4824.85883257063,777.786967850442,72.6725833023168,1.68420556754177,1.64146023834403,0.620195887837487
"Line_5010",5455.38838324556,760.793281340651,68.5393849328289,1.64270756482398,1.64146023834414,0.620195887837487
"Line_5076",4660.1097652873,411.460849670363,67.9961932442603,1.00520383500765,-1.0700465014726,0.340590093969256
"Line_508",4084.97121157287,733.392691534423,71.5367723825155,1.57652188971408,-0.770067232958744,0.620195887837487
"Line_5259",4774.62499778677,771.281006822536,71.9093664794025,1.6673155603696,1.64146023834404,0.620195887837487
"Line_5306",3951.47431425006,770.707327722403,65.361155326204,1.66633777377346,-0.0750433288445485,0.620195887837487
"Line_5405",4599.30913804853,770.315866707457,70.70576277517,1.66708358795352,-0.0750433288442334,0.620195887837487
"Line_58",4745.01582544057,779.187630618812,72.8171427073487,1.69001910751068,-0.0750433288442146,0.620195887837487
"Line_59",5123.19152749729,802.453242779644,68.8517740117862,1.74680244619355,-0.770067232958486,0.620195887837487
"Line_622",4010.18343112981,739.972139247638,71.2939174475409,1.59187109552613,-0.0750433288442702,0.620195887837487
"Line_659",4597.8702619671,736.956556455533,68.3533338048879,1.58590657444374,0.954580272624925,0.620195887837487
"Line_660",4065.94475916348,730.944945016804,66.7487582468175,1.5723421607419,-0.770067232958379,0.620195887837487
"Line_662",4538.89845632035,757.344793205899,68.8142464747444,1.63451473686159,-0.770067232958384,0.620195887837487
"Line_684",4170.36212567098,759.541006215009,67.121841321049,1.63892189296547,1.64146023834447,0.620195887837488
"Line_72",4973.72032502207,784.717548313518,68.4171272460914,1.70071623390378,0.36274887725076,0.620195887837487
"Line_794",5959.15559664597,731.800332624861,72.2066633299343,1.57410177951336,0.954580272625066,0.620195887837487
"Line_89",5022.39115595779,774.624741317929,70.9827027616666,1.67565324520365,-0.770067232958476,0.620195887837487
"Line_893",4465.18246829642,781.471483126956,68.3016440246561,1.69213612745887,1.64146023834436,0.620195887837487
"Line_936",4298.31837322572,462.080489778648,70.9338683828104,1.27377170885688,0.382995984897443,0.338811324473091
"Line_997",3668.45137477338,757.152518784922,63.1068017223736,1.63307758861885,-0.770067232958405,0.620195887837488
"Line_1103",4018.03042471741,421.268215645817,68.4661558126075,1.26795813661307,0.370022730152027,0.355634228258268
"Line_1146",4559.91934034179,822.37512045909,71.2818830908857,2.4608060859873,-0.31154655406768,0.638317120253713
"Line_1201",4057.63702750785,823.160800845851,71.8073816181844,2.46684177502356,0.0796234185284292,0.638317120253717
"Line_1259",4025.79282680993,421.611456513506,70.6177958724484,1.37305828852394,1.15467812285474,0.355700239983024
"Line_1380",4899.06627882352,822.687865667969,70.5583020620635,2.46198187324195,-0.311546554067712,0.638317120253716
"Line_1649",5023.96341906395,824.402790226715,68.463728939885,2.4801840276079,0.0796234185284184,0.638317120253715
"Line_1747",4264.14488646282,824.032840244152,67.9843089190876,2.47116903079193,1.47406928789335,0.638317120253717
"Line_1923",4361.94812123794,824.403630834527,72.3033599805215,2.47959735652548,-0.311546554067368,0.638317120253716
"Line_2100",5393.64230929534,823.648010093015,71.6763215088606,2.4680342394556,-0.311546554067675,0.638317120253716
"Line_2178",3953.17296808426,823.466400330039,69.0232101649843,2.46037164904277,-0.311546554067742,0.638317120253715
"Line_2298",3966.787363012,821.695466766943,67.5251067526125,2.45152074039245,-0.311546554067241,0.638317120253716
"Line_240",4200.07218322421,822.226928624543,70.4375624551402,2.4510528305746,1.66999275339409,0.638317120253717
"Line_2650",4799.95776152007,821.215872624911,71.5244915881064,2.43769961204111,1.25381029472198,0.638317120253716
"Line_2949",4343.48435168614,421.450497554693,68.7424389945189,1.27553737043143,0.0128386678511642,0.355680951488471
"Line_3174",4923.69971327472,822.672689336296,68.9549935287094,2.46295420857726,-0.311546554067533,0.638317120253716
"Line_3216",4715.91871803269,820.991894345011,70.2005931977293,2.44140522526789,-0.311546554067628,0.638317120253716
"Line_3281",5063.89489969408,825.163719464812,73.7270851980951,2.49287819894093,-0.31154655406784,0.638317120253716
"Line_3429",5261.82540699654,754.218059317413,70.3935313847757,2.26396898079462,-0.311546554067728,0.579657113893518
"Line_3715",4558.44254586196,820.739949179376,68.1362021557652,2.46095308356115,-0.31154655406781,0.638317120253717
"Line_4226",3282.08109227175,822.601993483924,62.8282490318192,2.45333887724094,-0.311546554067623,0.638317120253717
"Line_4513",4628.56854230675,821.171617316558,68.9643123254684,2.43683195834504,0.079623418528431,0.638317120253717
"Line_4580",4842.43059699498,753.724828143261,71.8225894709215,2.25626099791692,0.275208404826307,0.579657113893517
"Line_4732",5171.56373145,822.85577784856,68.5188390993597,2.46241927219233,-0.311546554067631,0.638317120253716
"Line_4922",4227.99989796759,823.518571944781,69.3962801968505,2.46122511121863,1.89025174656577,0.638317120253716
"Line_4958",5583.38061688776,823.102158903015,69.9759186518176,2.46467511408124,0.861963363720105,0.638317120253716
"Line_5170",5333.72637846721,822.875143036622,71.3133361354467,2.45715945539409,0.666716856625077,0.638317120253716
"Line_5193",3420.90897228677,823.073847223851,63.8609699864016,2.46561706808977,0.861963363720232,0.638317120253716
"Line_5221",4284.45905457542,820.818574101467,71.3039659075131,2.435816831791,1.44973376022301,0.638317120253715
"Line_526",4375.35459059875,422.528864939051,69.9814125078519,1.29316435850936,-0.370878778182025,0.356040520133488
"Line_5287",4237.82406946725,819.958926250316,65.4726438513521,2.42039949094145,-0.311546554067565,0.638317120253716
"Line_535",4305.97094858075,823.264915589148,66.1462364904417,2.46099720724792,0.861963363720135,0.638317120253715
"Line_540",4094.46194065928,824.193670798953,71.0160762918366,2.4814575237485,-0.311546554067543,0.638317120253715
"Line_578",3833.23198904938,823.192301187811,68.6795481252662,2.45932910022732,0.0796234185282045,0.638317120253716
"Line_671",5153.50705975776,822.027121035496,67.6611025872935,2.46668625806885,-0.311546554067583,0.638317120253716
"Line_895",4234.88350986831,821.310407894905,66.211000409741,2.45467541104266,-0.311546554067447,0.638317120253715
"Line_898",4218.56781574876,821.622293407692,67.5328680280578,2.43952108544191,-0.311546554067472,0.638317120253715
"Line_917",4351.06065539915,821.043448001534,67.2981666731035,2.42474010303401,1.47406928789355,0.638317120253715
"Line_979",3770.53864157864,823.213494891796,69.5487289202629,2.47195318415879,0.0796234185284163,0.638317120253716
"Line_1006",4659.92903243731,696.171383005217,72.0263299070096,1.58864042824192,1.47205773697725,0.378071935175761
"Line_1024",4112.77983947003,696.029125355336,70.4817215075501,1.58864042824206,0.824125004462523,0.378071935175679
"Line_1089",4408.24771431146,695.6307431239,68.5509610080575,1.58864042824207,-1.01337453439166,0.378071935175674
"Line_1109",4481.47472042826,695.534687258741,71.6401778071734,1.58864042824207,-0.244542381404904,0.378071935175678
"Line_1164",4502.20619201149,797.253268721676,67.7786568083002,1.79438217416771,1.14809137072038,0.44287238377417
"Line_117",4291.53421378182,696.013893889585,69.5806999411325,1.58864042824206,-1.01337453439101,0.378071935175678
"Line_1189",4125.79233146232,696.034515499002,72.6699167402006,1.58864042824206,-1.01337453439073,0.378071935175678
"Line_1202",3746.65918008262,696.510028155754,69.9668520409921,1.58864042824207,-0.244542381405131,0.37807193517568
"Line_1225",3480.08110680847,696.857663646905,72.9273514734665,1.58864042824207,0.824125004462613,0.378071935175677
"Line_1233",4026.41116352813,568.835540089379,66.9338181796087,1.38783892333581,-0.273224094407724,0.314001581336648
"Line_1238",3806.16824920419,696.133549659205,69.5806999410997,1.58864042824207,0.285071361113574,0.378071935175678
"Line_1287",3857.58438791622,568.26516874392,68.864747951071,1.41578582951274,0.404222683128873,0.32213553439679
"Line_1309",4236.69023910236,695.038093094523,69.9668520410106,1.58864042824207,-0.244542381404516,0.378071935175676
"Line_1329",4561.97550581892,696.132676824161,69.3232652078539,1.58864042824206,1.47205773697864,0.378071935175679
"Line_1331",4421.25134401647,867.2834179371,70.5675330852569,1.93749560134413,-0.144597303778012,0.486781133469308
"Line_1381",4606.41761087184,568.694161660445,72.0896137592324,1.40740090382389,-1.06642091197254,0.319881904556936
"Line_14",4064.0368332622,695.947033994249,68.9371131079791,1.58864042824207,1.47205773697878,0.378071935175675
"Line_1406",4973.6393861882,696.926057938242,69.7094173077412,1.58864042824207,-1.01337453439049,0.378071935175677
"Line_1409",4108.98185523663,696.276711235267,69.5806999410911,1.58864042824207,0.28507136111354,0.378071935175679
"Line_1414",3642.28565718443,568.588319549141,67.1807383361867,1.3784507177202,0.0690594003455832,0.311187153823181
"Line_1434",4994.52572222499,696.904584702094,75.1155467061269,1.58864042824207,-0.244542381404477,0.378071935175675
"Line_1436",4339.14755867221,695.982717726099,68.6796783747126,1.58864042824207,0.824125004462215,0.37807193517568
"Line_1441",4741.78526040694,695.99230995177,70.4817215075071,1.58864042824207,-0.244542381404001,0.378071935175679
"Line_1477",4006.58027538798,695.783857763145,67.7786568082779,1.58864042824207,-1.01337453439065,0.378071935175677
"Line_1511",4857.25138783889,568.75708443643,70.1823278671684,1.37067279532115,-1.02786733162846,0.308778178971338
"Line_1519",3473.63641247519,696.321835917325,69.3232652078444,1.58864042824207,1.47205773697827,0.378071935175675
"Line_1537",4642.48279519309,866.01785094682,70.4817215075041,1.93749560134413,0.4647559088966,0.486781133469312
"Line_1558",4091.19166351849,568.743645065205,68.7110001917997,1.41396066656836,-0.173211010714447,0.3216892190836
"Line_156",4384.70199399699,696.207317308583,67.6499394416511,1.58864042824207,-1.01337453439047,0.378071935175681
"Line_1572",4387.86528957687,695.851723442114,69.194547841196,1.58864042824207,0.285071361112989,0.378071935175677
"Line_1576",4573.73095058617,696.051617045355,71.5114604405234,1.58864042824207,-0.244542381404134,0.37807193517568
"Line_1586",4334.39311681033,696.594013691055,69.5806999410745,1.58864042824207,2.30642218951642,0.378071935175677
"Line_1605",4325.99513100574,696.727175690888,69.0658304745804,1.58864042824206,0.824125004462715,0.37807193517568
"Line_1612",4127.50364932282,695.533817483938,72.4124820069108,1.58864042824207,1.4720577369785,0.378071935175675
"Line_1644",4787.0867654452,695.95405297978,70.7391562407348,1.58864042824207,2.30642218951605,0.378071935175675
"Line_1664",4629.70017414426,569.028090787234,70.3198141165702,1.3716521311185,0.24334134964068,0.30908621599305
"Line_1709",4539.45509010525,696.27823399252,69.1945478411992,1.58864042824206,-1.01337453439,0.378071935175676
"Line_1734",4661.47273840573,568.725141741268,70.0643417080463,1.3994975330486,-1.07695441664499,0.317464780021374
"Line_1735",4179.24298929053,695.888127849834,68.2935262747897,1.58864042824206,0.824125004462544,0.378071935175676
"Line_1781",4580.68800079155,696.880419691313,70.867873607362,1.58864042824207,0.285071361113598,0.37807193517568
"Line_1788",4285.88091723057,696.605080477088,72.9273514734256,1.58864042824207,0.824125004462737,0.378071935175681
"Line_181",4683.53908739579,695.935219069078,71.1253083406224,1.58864042824207,0.824125004462418,0.37807193517568
"Line_1814",5098.98983407998,696.84491360854,73.1847862066935,1.58864042824207,-0.244542381404335,0.378071935175677
"Line_1819",3713.47408097308,696.716187907975,67.263787341759,1.58864042824207,-0.244542381404872,0.378071935175673
"Line_1844",4159.77738823776,696.483905575181,70.0955694076141,1.58864042824207,0.824125004462302,0.378071935175674
"Line_1858",3974.82756913688,568.816005793221,69.2287495878789,1.38291949274782,-0.222484006704564,0.31254662473343
"Line_1862",4026.88447729655,697.009659194462,68.8083957412995,1.58864042824207,0.285071361113363,0.378071935175675
"Line_1866",3788.05042578177,695.554068996768,70.9965909740081,1.58864042824207,-1.0133745343907,0.378071935175677
"Line_1882",4344.16551653674,696.017495049473,71.6401778071472,1.58864042824207,0.824125004461492,0.378071935175676
"Line_189",4181.34342404358,568.916378780516,72.1865166322726,1.39141064302752,-0.256423036571694,0.315129322569936
"Line_1896",5273.46058616121,695.435025316676,71.7688951737707,1.58864042824206,0.285071361113741,0.37807193517568
"Line_2013",4496.38544604811,696.703196109899,69.8381346743394,1.58864042824207,1.47205773697917,0.378071935175677
"Line_2035",4411.21621265204,569.0585127134,70.644341299524,1.42115762342358,-0.305664586054825,0.323538049939603
"Line_2039",4130.01909892699,696.623040308522,69.9668520409553,1.58864042824207,-1.0133745343904,0.378071935175676
"Line_2059",5498.47313902151,696.122493112705,69.5806999410768,1.58864042824206,-1.01337453439061,0.378071935175677
"Line_2060",4438.37113737393,695.905657878251,68.8083957413202,1.58864042824207,0.824125004462286,0.378071935175675
"Line_2070",4255.54322091884,696.557530854468,71.768895173766,1.58864042824207,1.47205773697898,0.37807193517568
"Line_2098",5406.31854893168,695.498247590356,71.768895173766,1.58864042824207,-1.01337453439055,0.378071935175674
"Line_21",3325.02308105804,695.595073879748,69.194547841197,1.58864042824207,-0.244542381404646,0.378071935175675
"Line_2114",4011.58240382552,695.059021960409,71.7688951737815,1.58864042824207,1.47205773697896,0.378071935175679
"Line_2122",4276.5057636368,695.704977586656,69.9668520409788,1.58864042824207,1.47205773697877,0.378071935175672
"Line_2126",4113.08761316784,696.946397074945,68.2935262748047,1.58864042824207,-1.01337453439053,0.378071935175679
"Line_2136",4374.60548655582,695.780508708717,69.580699941076,1.58864042824207,-0.244542381404471,0.378071935175673
"Line_2155",4345.00691131482,696.686551148683,70.6104388741089,1.58864042824207,0.824125004462466,0.378071935175679
"Line_2199",4522.70801565289,568.754517307256,70.664903367263,1.382904849422,-0.503578787977561,0.312609602160243
"Line_220",4615.77597768965,866.764035144847,68.3364320636675,1.93749560134414,0.247918187900333,0.486781133469309
"Line_2219",4191.91158388702,696.004796320518,70.4817215074907,1.58864042824207,1.47205773697925,0.378071935175676
"Line_2262",4596.13849295041,696.744905731278,69.0658304745712,1.58864042824207,0.8241250044623,0.378071935175675
"Line_2294",5410.90493567788,695.082228762527,69.7094173077177,1.58864042824207,0.824125004462207,0.378071935175677
"Line_2307",3297.80174816045,696.720753585449,67.6499394416579,1.58864042824207,0.285071361113243,0.378071935175676
"Line_2314",4631.12662827637,568.586466468859,71.6815592818278,1.40092173329483,-0.472447882501348,0.317818139395619
"Line_236",4099.32873395327,695.83404278933,73.1847862066858,1.58864042824207,1.4720577369786,0.378071935175679
"Line_2382",4915.96661438731,695.230773615956,69.580699941067,1.58864042824207,-0.244542381404939,0.378071935175677
"Line_2391",4732.79385565149,568.880166395593,69.8739931831169,1.38712055152158,-0.0436268854934121,0.31374080158878
"Line_2400",4130.6183376732,695.375750022406,72.2837646402709,1.58864042824207,-0.244542381404493,0.378071935175675
"Line_2401",5196.66497021363,696.657825613529,70.8678736073525,1.58864042824207,-1.01337453439136,0.378071935175678
"Line_2429",4257.40326443587,568.721441785814,70.3760117990701,1.40676953930009,-0.529991407982946,0.319545225810298
"Line_2456",4868.75207393025,695.738882142198,69.9668520409382,1.58864042824207,-1.0133745343907,0.378071935175676
"Line_2458",3743.98578296686,696.775125200977,65.4617442089341,1.58864042824207,0.285071361113108,0.378071935175679
"Line_2464",4057.90833647533,568.702362927247,72.5721204586157,1.41326787290752,0.0210577850306806,0.321229060757845
"Line_2563",5051.62890061971,696.028723621183,67.3925047083706,1.58864042824207,1.47205773697898,0.378071935175679
"Line_2580",3706.4699511839,696.470763158949,69.5806999410563,1.58864042824207,0.28507136111272,0.378071935175679
"Line_2595",4219.38647247508,695.697553003349,67.7786568082555,1.58864042824207,0.285071361113154,0.378071935175679
"Line_2632",3753.78420085018,696.04333001177,67.3925047083606,1.58864042824207,-1.0133745343912,0.378071935175674
"Line_2636",4865.83651878134,696.385463409287,71.7688951737328,1.58864042824207,0.824125004461662,0.378071935175679
"Line_27",4092.53651157878,568.872579889656,67.9061888108837,1.39234696255792,-0.123625134566097,0.315389951498951
"Line_2700",3892.91282901923,568.748328387547,68.3557720879684,1.39983733804732,-0.152389045668212,0.317572355585631
"Line_2718",5007.48874263609,696.116601960241,69.1945478411529,1.58864042824207,-1.01337453439078,0.378071935175677
"Line_2727",4413.49435570133,568.912622319067,69.4469882469589,1.39118317313782,-0.552307313309077,0.315076949329949
"Line_2738",3959.86644386114,568.656154754051,69.1320583684697,1.39180559279597,-0.648343666640092,0.315251772966314
"Line_2761",4066.15253555447,568.362847524594,68.2976757371377,1.37906106551113,-0.499571790412042,0.311397874141947
"Line_2775",3409.65870647378,695.983752906408,67.7786568082336,1.58864042824207,-1.01337453439041,0.378071935175677
"Line_278",4175.57535970666,696.393866498033,66.748917875208,1.58864042824207,-1.01337453439083,0.37807193517568
"Line_2788",3835.14741189787,696.252487872781,69.7094173076821,1.58864042824207,0.285071361112975,0.378071935175679
"Line_2809",4111.08376256677,797.408600780846,67.0063526084678,1.79438217416771,-0.0946247649642321,0.442872383774172
"Line_2810",3813.55240384449,568.616479107796,69.179327066475,1.38419074908561,-0.10795287378529,0.312880716068085
"Line_2812",3285.60515133144,695.706193546421,65.4617442089185,1.58864042824207,0.824125004462659,0.378071935175681
"Line_2837",4394.51837444588,792.883635129913,70.3530041408213,1.79438217416771,-1.01337453439111,0.44287238377417
"Line_2876",4198.19641980453,694.922238567148,70.867873607335,1.58864042824207,-1.01337453439095,0.378071935175676
"Line_2885",4431.71482773757,791.357470032524,70.1599280908705,1.79438217416771,1.14809137072074,0.442872383774174
"Line_2904",4645.04335021828,695.640336079756,71.3827430738524,1.58864042824207,0.824125004462616,0.378071935175675
"Line_2930",4460.52131010256,696.009068811383,71.1253083405866,1.58864042824207,0.824125004462542,0.378071935175675
"Line_2947",4106.55063276459,696.593219068888,69.1945478411551,1.58864042824207,0.285071361113182,0.378071935175681
"Line_2973",4496.00082429944,695.982670098034,70.6104388740603,1.58864042824207,1.47205773697832,0.378071935175678
"Line_2994",4116.8880125575,569.043079667295,69.6462938024823,1.38406375867066,0.0474352749357592,0.31288367646192
"Line_3003",4311.95556506569,568.724075081467,70.3939279057781,1.39623431494548,0.451832519789941,0.316341980528551
"Line_3019",3960.32328468508,568.726291229128,69.3232652077858,1.58864042824207,-0.139597438495873,0.315842076623944
"Line_3036",3671.38005454804,568.798048261619,67.5465642654422,1.40794675101589,-0.687668057546008,0.319900493848431
"Line_3110",3928.85673742124,696.164821893999,69.8381346742993,1.58864042824207,0.824125004462409,0.378071935175676
"Line_3136",4931.76554174498,695.869050730844,66.7489178752037,1.58864042824207,0.285071361113729,0.378071935175678
"Line_3155",4807.8727778514,696.013856423654,73.8283730397865,1.58864042824207,1.47205773697893,0.378071935175678
"Line_316",4563.87694980572,695.833592935977,70.2242867741754,1.58864042824207,2.30642218951653,0.378071935175679
"Line_3170",4688.14439580962,568.399423650045,71.5923935155338,1.42580159956114,0.0714788231152491,0.325077473660717
"Line_3238",4169.98457519595,696.04877048489,68.8083957412572,1.58864042824207,0.285071361113191,0.378071935175679
"Line_3271",4470.60344827352,696.179495629995,69.9668520409104,1.58864042824206,0.824125004462475,0.378071935175678
"Line_3283",4209.22925467841,921.590969112612,70.0955694075467,2.05040020621855,0.155027900691879,0.520930570564129
"Line_3306",4030.85761878606,568.634728007321,70.7209340596758,1.38106919928701,0.270791331611269,0.311979677674828
"Line_3313",4475.00619420212,568.705884605522,69.9776128674943,1.38506460140958,-0.514677831356757,0.313146759645267
"Line_3343",4866.68764804504,696.418290767833,71.7688951737026,1.58864042824207,0.824125004462221,0.378071935175678
"Line_3473",4305.252821742,695.377782648447,68.1648089081096,1.58864042824207,0.824125004462163,0.378071935175674
"Line_3476",4027.56075152139,696.22987656692,68.6796783746053,1.58864042824206,1.47205773697879,0.378071935175676
"Line_3502",4150.39763131763,568.967570593416,69.746464959246,1.39251507844055,0.837501908568481,0.315444400790981
"Line_3562",3659.36557369335,696.492637927304,66.8776352418047,1.58864042824206,-1.01337453439061,0.378071935175674
"Line_3569",4430.17073666315,696.462790310664,69.3232652077455,1.58864042824207,1.47205773697898,0.378071935175675
"Line_3586",4627.24431867761,796.569258452057,68.1004502247893,1.79438217416771,0.0202644898546104,0.442872383774174
"Line_359",4036.14600724236,568.321033976788,68.3733710880981,1.36981044578611,-1.00972798186539,0.308557073302646
"Line_3659",3916.83081403398,568.892646511075,67.68201614465,1.39530897855628,0.0738085288214549,0.316144782936426
"Line_3690",3323.82748860222,695.750662209903,68.2935262747205,1.58864042824207,0.824125004462393,0.378071935175677
"Line_3701",4060.28198117608,568.574146214142,69.2982763952694,1.3880710997291,-0.633330528209654,0.314043295929734
"Line_3706",4934.25037184769,696.748357678167,73.4422209398634,1.58864042824207,1.47205773697937,0.378071935175676
"Line_3726",4160.7151311424,867.003194674994,67.9931857525743,1.93749560134414,0.860418034184935,0.48678113346931
"Line_3733",5034.4812127419,696.898504485615,73.6996556731367,1.58864042824206,1.47205773697906,0.378071935175675
"Line_3756",4381.84358426355,695.912800130861,71.2540257071844,1.58864042824206,-1.01337453439054,0.378071935175678
"Line_3794",3952.9698220314,569.003738089045,71.2952353052645,1.38422859703888,0.390215593367786,0.312854347392234
"Line_3796",3658.82143526353,568.792914037893,68.4743642708511,1.37188434163302,-0.256582290529804,0.309226577210057
"Line_38",3650.59039347234,568.989888660812,69.2035667382462,1.39672846507879,-0.0482243465911344,0.31658629340123
"Line_3825",4229.24742551112,569.120769065926,71.9787643570168,1.39460257326662,0.518254030157824,0.316008777123882
"Line_3883",4646.62272328851,796.578810219125,70.2242867741612,1.79438217416771,0.878564549046605,0.442872383774173
"Line_39",3521.47121240728,568.64395021116,68.5852896089001,1.39190081170339,0.213408780440761,0.315176211823548
"Line_391",4525.95421853206,696.513338446245,71.2540257071857,1.58864042824206,-1.01337453439042,0.378071935175676
"Line_3926",5145.36662006651,695.909220556674,74.8581119727914,1.58864042824206,0.285071361113536,0.378071935175679
"Line_3940",4778.61568719402,697.034283953062,72.2837646402167,1.58864042824206,-1.01337453439051,0.378071935175675
"Line_3956",4175.83950410302,696.694528051053,68.4222436413542,1.58864042824207,-0.244542381404148,0.378071935175676
"Line_3962",4348.95623719392,696.307604020986,71.6401778070817,1.58864042824207,-0.244542381404313,0.378071935175679
"Line_4012",4132.8467180896,696.63330559177,69.0658304744877,1.58864042824206,0.285071361113709,0.378071935175675
"Line_402",4387.74095795562,568.844716676786,70.218030931751,1.39401440727332,-0.554161493407133,0.315792627255731
"Line_403",3617.78642765388,696.062980336511,69.580699941018,1.58864042824207,0.285071361113441,0.378071935175676
"Line_4062",4231.21045202643,797.303552992233,69.6450586243408,1.79438217416771,0.878564549046666,0.442872383774171
"Line_4063",3815.55830240006,568.799213003777,68.6970476708201,1.41235365324596,-0.794604100272185,0.321126587550651
"Line_4081",4558.4236010996,568.535897513299,70.0101700483522,1.41271816198578,-0.318627916494782,0.32140552048414
"Line_4088",4520.69516590208,695.243638868546,71.2540257071897,1.58864042824206,0.824125004462524,0.378071935175677
"Line_41",3866.74666225409,695.78982540007,71.640177807082,1.58864042824206,1.47205773697918,0.378071935175676
"Line_4106",4383.22232701705,568.642156368112,72.4015590395629,1.37463345105282,-0.239091626731857,0.310034558268852
"Line_4121",4214.3527213514,568.616928671872,71.0369729459072,1.3766705705073,0.0121517099830633,0.310672924971412
"Line_4130",3876.82448299179,568.396568092008,68.1455571381058,1.38267758530269,0.547192029206352,0.312458325316779
"Line_4144",4612.51611392036,695.508020439497,68.2935262747361,1.58864042824206,-1.01337453439065,0.378071935175675
"Line_4163",3923.81262455798,695.470365082283,70.095569407547,1.58864042824206,1.47205773697906,0.378071935175677
"Line_4184",4102.93879046446,695.340112662239,69.3232652077675,1.58864042824206,0.824125004462245,0.378071935175678
"Line_4206",4487.86005563979,696.461189624139,69.0658304745156,1.58864042824206,0.824125004462489,0.378071935175677
"Line_4207",3774.69441520484,568.752837242041,69.4820651568216,1.37491504061236,0.0793299240660794,0.310122628056131
"Line_4221",4349.15490377088,696.655379716626,70.4817215074353,1.58864042824206,-0.244542381404333,0.378071935175676
"Line_4227",4454.98707557188,696.712904180117,70.3530041408012,1.58864042824206,0.824125004462394,0.378071935175677
"Line_424",4543.23694422035,695.87221619164,72.5411993734984,1.58864042824206,0.824125004462444,0.378071935175675
"Line_4243",4152.58991148138,568.411740109423,67.9640977362423,1.39137061056217,-0.504251787848194,0.315086349508203
"Line_4271",4222.7654689982,695.821273607813,69.1945478411531,1.58864042824206,0.824125004462262,0.378071935175676
"Line_4286",2881.91738537958,696.691388016846,66.8776352418407,1.58864042824206,0.285071361113479,0.378071935175677
"Line_4305",4463.01550963527,568.670283097588,66.718341473398,1.40186677253169,-0.26246348073607,0.318050412675404
"Line_432",4364.96431435611,696.36133858852,71.3827430738455,1.58864042824206,0.82412500446232,0.378071935175676
"Line_4362",3623.78673518323,695.670249082115,71.254025707207,1.58864042824206,2.30642218951689,0.378071935175677
"Line_4363",4937.77543709775,696.105845831742,69.9668520409356,1.58864042824206,1.4720577369788,0.378071935175676
"Line_4397",4731.7359054516,796.938167833443,70.4817215074561,1.79438217416771,-0.364151586638622,0.442872383774172
"Line_441",4205.13782093014,796.924479625943,69.7737759909803,1.79438217416771,-0.244542381404372,0.442872383774172
"Line_4440",4149.10736725392,696.322646818462,68.8083957412655,1.58864042824207,0.285071361113433,0.378071935175675
"Line_4449",4449.09285329973,695.626701924757,71.640177807103,1.58864042824206,0.824125004462608,0.378071935175677
"Line_4500",3850.38364387562,867.403507965799,68.6796783746515,1.93749560134413,0.0713802737281277,0.486781133469309
"Line_4505",4692.96871406041,866.045961585562,67.3066931306094,1.93749560134413,0.108533446940882,0.486781133469309
"Line_4516",4486.83765737551,696.325291002126,69.580699941054,1.58864042824206,0.824125004462288,0.378071935175676
"Line_4519",4826.0628395492,568.606725654996,69.3964794727049,1.38565621047978,0.220408962118893,0.313329082516536
"Line_4533",3940.09653259643,569.011756053753,68.937113107912,1.58864042824206,0.415548973209085,0.31225558596143
"Line_454",3730.73309066947,568.563246332231,72.2919032051449,1.42226676084202,0.0558645864615607,0.323983696851822
"Line_455",4283.12608944422,696.524463609739,71.8976125403658,1.58864042824206,-1.01337453439082,0.378071935175676
"Line_4578",4693.78371742679,696.57068941815,72.5411993735173,1.58864042824206,0.824125004462192,0.378071935175677
"Line_4586",3980.42160459868,568.880852092081,71.6647858717719,1.41695104066004,-0.215358364661482,0.322359107149577
"Line_4593",3600.81050908431,697.222056478629,71.2540257072266,1.58864042824206,0.285071361113689,0.378071935175675
"Line_4607",4536.71410888566,568.903316178561,69.0777129024851,1.40237376571541,0.307037609219548,0.31839065859382
"Line_4617",4312.76635767595,696.914719250347,70.0955694075698,1.58864042824206,0.824125004462405,0.378071935175677
"Line_4623",4320.64745542229,568.54104335384,70.3938979614396,1.37252488961347,0.621724250209911,0.309365531862822
"Line_4637",4897.06445311345,867.1845562825,71.4256488627477,1.93749560134413,-0.068004467231679,0.48678113346931
"Line_4664",3946.12573364344,696.249100447893,71.5114604405042,1.58864042824206,-0.244542381404386,0.378071935175675
"Line_4715",4831.20933785829,695.445851728301,70.3530041408379,1.58864042824206,-0.244542381404113,0.378071935175676
"Line_4743",3498.84519325757,695.687388514803,69.966852040962,1.58864042824206,1.47205773697894,0.378071935175675
"Line_4784",4109.20540720375,695.796510818762,69.7094173076983,1.58864042824207,2.30642218951706,0.378071935175676
"Line_4810",4180.31840624654,568.949345880769,70.477850727922,1.38455310139149,0.38372173897175,0.313060150550881
"Line_4832",4277.78387670806,796.290987799115,71.7688951737642,1.79438217416771,0.554598182787856,0.442872383774173
"Line_4838",4549.7440980914,568.693292017914,73.3760679012997,1.41301722779015,-0.318993714925581,0.321418324691922
"Line_4853",4300.17723130186,695.768231192565,68.1648089081568,1.58864042824206,0.824125004462488,0.378071935175676
"Line_4878",4219.76572186605,568.674440169961,69.8828429107127,1.41406245207892,0.210606109482719,0.321658185428871
"Line_4892",4579.89116687643,569.028557112321,70.4955980922105,1.41480428655498,0.216128111309032,0.321720866045006
"Line_4902",4073.4687856154,568.723764720649,70.959692657113,1.41784873430225,0.068015135442156,0.322710063480031
"Line_491",4608.86539509376,695.504645391927,70.8678736073678,1.58864042824206,1.47205773697918,0.378071935175676
"Line_4967",3632.41407905741,568.988202311477,67.521855642344,1.37545898268263,-0.737773769089777,0.310244978209241
"Line_4998",4335.31606876776,696.608790545147,72.669916740175,1.58864042824206,-1.0133745343906,0.378071935175678
"Line_5002",3866.04386455725,568.566172577056,68.8519181498225,1.42131691078933,0.459485550328213,0.323446858528893
"Line_5009",3811.40406442775,695.189006480657,67.6499394416439,1.58864042824206,0.285071361113452,0.378071935175677
"Line_5016",4416.01098121541,568.568892338534,69.7823032991951,1.38810181691169,-0.198595301928499,0.314098353662823
"Line_5023",3942.18333937768,568.580268155515,72.3563552168037,1.37887775539677,-1.02233219240895,0.311288933752187
"Line_5025",3863.58285531863,568.63949855724,67.2778778561952,1.43324299307737,-0.192611794974849,0.32723992488853
"Line_5048",4157.43733514981,797.556646615533,67.971732858216,1.79438217416771,0.554598182787918,0.442872383774173
"Line_5098",4045.42455597503,696.10970016889,73.3135035733277,1.58864042824206,-1.01337453439047,0.378071935175677
"Line_51",4386.77704151135,695.559799834107,71.3827430738909,1.58864042824206,0.28507136111343,0.378071935175677
"Line_5102",4958.63269277604,696.215472302687,68.8083957413174,1.58864042824206,-1.01337453439062,0.378071935175676
"Line_5105",4811.9252853053,696.54772370664,72.4124820069241,1.58864042824206,1.47205773697903,0.378071935175677
"Line_5152",4278.62177541772,867.175228079724,67.4783162861506,1.93749560134413,0.247918187900389,0.486781133469311
"Line_5204",4406.27134806651,568.728463150893,71.7782325044621,1.38694570594897,-0.784308611113833,0.313585500840884
"Line_521",3654.20467828722,696.15735575979,68.6796783746876,1.58864042824206,0.285071361113176,0.378071935175676
"Line_527",4711.91991728875,696.320672206075,72.2837646402969,1.58864042824206,0.824125004462381,0.378071935175677
"Line_5293",4286.80038728289,696.44979056675,67.9073741749215,1.58864042824206,0.824125004462425,0.378071935175677
"Line_53",3924.92301512072,568.347484567747,68.409424424433,1.37981135807087,1.48542923597545,0.311602635589312
"Line_5311",4285.35591977828,568.976006560604,69.3006955867597,1.41633141480472,0.189656463484241,0.322335876725923
"Line_5348",3949.60967657295,695.962314129838,68.9371131079543,1.58864042824206,1.47205773697894,0.378071935175678
"Line_5402",3891.27484861826,695.697102571832,73.5709383065939,1.58864042824206,0.824125004462135,0.378071935175678
"Line_5404",4195.92702468406,696.040595688299,65.4617442089849,1.58864042824206,1.47205773697882,0.378071935175677
"Line_5426",3948.45306008939,568.566755917403,69.4609154144594,1.38228413296547,0.42063706329006,0.312289249210224
"Line_5427",4232.27040891183,695.886113165965,70.4817215074987,1.58864042824206,0.285071361113149,0.378071935175677
"Line_5428",4966.7584701322,696.192033993637,69.5806999411049,1.58864042824206,0.285071361113188,0.378071935175677
"Line_5440",4583.83977772247,867.066833019892,67.5641278639135,1.93749560134413,-1.01337453439103,0.486781133469311
"Line_5441",4630.89192564341,695.935893502986,69.1945478412213,1.58864042824206,-1.01337453439105,0.378071935175677
"Line_5453",4341.30866553375,790.664914888547,70.6747975574449,1.79438217416771,-1.01337453439066,0.442872383774173
"Line_5464",4547.41176877011,696.462773451449,69.3232652078538,1.58864042824207,1.47205773697861,0.378071935175678
"Line_5466",4254.72267006966,696.340512523062,69.5806999411107,1.58864042824206,1.47205773697859,0.378071935175677
"Line_56",3974.30609325834,696.071426696201,72.5411993735818,1.58864042824206,0.824125004461972,0.378071935175678
"Line_567",3981.34229591857,695.717477653609,72.6699167402063,1.58864042824206,1.47205773697862,0.378071935175677
"Line_596",4556.48144282468,696.21654995066,70.4817215075194,1.58864042824207,1.47205773697864,0.378071935175677
"Line_599",3800.45862580186,695.973838883422,71.6401778071812,1.58864042824206,-0.24454238140475,0.378071935175677
"Line_623",4510.28485152067,695.463922925545,69.0658304745993,1.58864042824206,0.824125004461779,0.378071935175677
"Line_643",4186.02960494358,568.822107305404,69.9425176214852,1.38994664150627,0.570451709994034,0.31454943096553
"Line_695",4526.24757225011,696.797154241338,72.1550472736931,1.58864042824207,0.824125004461951,0.378071935175677
"Line_752",4471.80580244528,695.898368301323,70.8678736074034,1.58864042824206,-1.01337453439113,0.378071935175677
"Line_76",4168.31972383301,797.386799604512,70.353004140876,1.79438217416771,1.56527359698935,0.442872383774173
"Line_761",3536.19164048751,696.286311596327,69.4519825744901,1.58864042824206,0.82412500446192,0.378071935175677
"Line_8",4387.99719354313,695.127017106843,69.451982574491,1.58864042824206,0.824125004461776,0.378071935175678
"Line_80",3667.90785233101,695.821640649049,70.4817215075216,1.58864042824206,0.285071361112842,0.378071935175678
"Line_819",5368.40904713067,696.06042975979,70.4817215075219,1.58864042824206,0.824125004461781,0.378071935175678
"Line_85",3788.88920992022,695.109473714006,70.8678736074111,1.58864042824206,-0.244542381404852,0.378071935175677
"Line_858",3962.07518339013,696.377283795564,69.4519825744957,1.58864042824206,0.82412500446187,0.378071935175677
"Line_870",3507.15308473244,568.492551153152,68.6135877659058,1.40343157914691,0.504381619580935,0.318512891863801
"Line_885",4639.43372310372,696.069010642867,69.8381346743888,1.58864042824206,0.285071361112926,0.378071935175677
"Line_91",4146.73119095952,696.59628323854,68.4222436414707,1.58864042824206,-0.244542381404843,0.378071935175678
"Line_915",4816.24969619931,867.677359195222,70.0955694076451,1.93749560134413,0.21162515817788,0.48678113346931
"Line_944",4603.04751114557,696.371531741002,70.2242867742757,1.58864042824206,0.285071361112937,0.378071935175678
"Line_945",4418.29121472988,796.894378539983,71.3827430739315,1.79438217416771,-0.364151586639061,0.442872383774174
"Line_988",4256.61221183714,568.827460441079,71.7812499585106,1.38901153910159,-0.524313252192723,0.314335553671799
"Line_107",4478.23295083595,922.852080698762,69.1860990176937,2.33153545603506,-0.475545561528032,0.420444555544566
"Line_2077",4605.52015378805,698.35815270405,73.613207807532,2.00868190742605,1.07016351431257,0.515557538473193
"Line_2616",4813.02539059649,925.241828125723,72.2104427485139,2.33711177098913,-0.40249456382079,0.514550779037007
"Line_2736",4026.18957005769,907.744279065755,68.271238661343,2.27819841721089,0.221458344440569,0.776094038370346
"Line_2813",5012.09648360768,910.625607896386,73.3859946507282,2.28470137069765,-0.422372598829224,0.514331968868496
"Line_4246",5507.86400581312,931.783501199475,71.258431214466,2.35886774889523,-0.827674310783693,0.420958340711737
"Line_4909",4424.26696330533,918.883697850291,73.8456745938019,2.31730572602721,0.46700328462563,0.776050391590634
"Line_5374",4353.51220946424,921.90368580823,71.2555537175656,2.32520374310825,-0.621122163983072,0.776638429127298
"Line_1021",5462.08173679966,424.588219532523,72.5508035439468,1.11091029225231,-0.740894617572722,0.536138360843478
"Line_1081",3470.28743791928,424.330693624328,68.5874349443715,1.10974163957537,1.25395915718969,0.537206265025791
"Line_1143",4783.76720536242,424.748537210956,68.5747401757418,1.11038737687017,-0.849242597164665,0.539029473978467
"Line_1184",3319.69156918528,422.070273445629,69.6987173364994,1.10610621773129,1.23161467477672,0.527558740711252
"Line_1196",4332.89891663468,424.522195078524,68.1016342173389,1.10952075001359,-0.878535450391405,0.539685457644389
"Line_1226",3823.22313827599,425.368502120602,69.4974530309726,1.11175571135679,2.08093101996347,0.540392385532928
"Line_123",3539.05012141907,423.120751934117,67.5162864534047,1.10691339830155,-0.134071488864877,0.534891701203866
"Line_1231",2939.84182483253,447.15755029288,67.673657409628,1.17982367708356,-0.609438086645349,0.537566379544941
"Line_129",3662.80148945606,447.57580869407,67.95338589761,1.14707747293543,1.74120345888875,0.626982799687532
"Line_1294",3753.20986625339,425.320575801206,70.7894970291323,1.11153222840952,-0.810937417069927,0.540888595621866
"Line_1301",4800.08665773717,448.011258239734,70.9047685644256,1.18081358391952,1.30841715657655,0.541662823656247
"Line_1322",3782.32494538413,426.791186183031,70.7514301486012,1.11555342838404,0.591041164599963,0.542050560097633
"Line_1324",3766.24010809836,447.57785551065,68.9484227668095,1.18041461833995,0.519649848265941,0.539454076887013
"Line_1341",3953.21498853038,426.069278801815,70.1451397373069,1.11356965754637,-0.505811235977582,0.541266674153834
"Line_1350",4374.00223665342,448.736168354813,69.3596478040049,1.18301451433579,2.99417132979589,0.541967254346457
"Line_1357",4302.47838327021,425.539739310155,68.9708630850499,1.11197968892214,-0.792263428727846,0.541682530318293
"Line_1363",4549.99216136138,444.799396267144,72.3884770436404,1.14074576804925,0.573232968012628,0.62103103563481
"Line_138",4651.91051666801,446.604328983819,67.7290995235797,1.14392343794482,-0.760103746486216,0.62892682226518
"Line_1385",4836.98768027433,424.422381859259,70.2823427671064,1.11054864479802,1.23757554909359,0.535767743699097
"Line_1400",3849.87376547738,448.203008787892,69.519602823719,1.14795079234164,0.444867285823462,0.63082374475026
"Line_1415",4801.14858144267,425.663415017465,69.525803526827,1.11168944913391,-0.750307565987669,0.54352636785263
"Line_1420",3607.17690038693,447.953155669424,68.5720151386612,1.14720137856003,-0.287294237160649,0.631302582569791
"Line_1427",4661.5404488356,424.170405775752,70.8682792564493,1.10852367161212,0.0635655130806949,0.539358287828322
"Line_1433",4987.78772689419,424.632661371177,69.3086782151926,1.10957919662559,1.103066495619,0.54075815616368
"Line_1483",4326.92527769976,446.102851968833,68.694969142345,1.14251309054467,1.28320761813809,0.629177078013533
"Line_1506",3403.12947566269,425.876427888287,62.8502375399742,1.11285986458144,-0.772817484913251,0.541853209959738
"Line_1621",3625.53430014492,425.170746265248,68.4055705002943,1.11137637946438,0.455938213727498,0.539961693124156
"Line_1652",4286.65482372317,422.795287113469,71.380315331613,1.10487679826296,1.69817743470003,0.538319447393301
"Line_1688",3647.97561979016,445.468863853153,69.3700128937022,1.17669789814967,-0.850460621894323,0.532230968583788
"Line_1692",5527.3467307007,422.611577942015,71.9047638112869,1.10644584813906,0.0977588478944225,0.531566120100326
"Line_17",4681.54167657247,446.023364477626,70.0363709156592,1.17734127102662,-0.0836882196164214,0.535143628702538
"Line_1706",5872.44666544077,424.464700227498,72.1968708864354,1.10966096929904,0.0757652968417657,0.538937116295298
"Line_1710",4217.29639963093,447.559078265167,71.0261683439376,1.18020383488735,-0.922400505317985,0.539669816274129
"Line_1760",3747.91190379694,425.441495688091,70.6327045122199,1.11219986629772,0.214446082885847,0.53992297470944
"Line_1791",4949.49206038972,423.968178706731,69.2337782748123,1.10913743844104,-0.0815535856862821,0.535901328557121
"Line_183",4199.35029827974,445.781432288845,70.8660100948575,1.17593283075948,1.06944752829143,0.536435237571548
"Line_1854",4601.42550300844,425.40012536582,70.7456052018323,1.11144615667417,-0.914735512920261,0.542105875875841
"Line_1872",5401.11894567479,447.178472375494,71.0791637661417,1.17934326285758,-0.722927025966503,0.53870470802403
"Line_1887",4347.48571439889,426.003649592289,70.3784425122512,1.11244664514555,-0.896001381682146,0.54437820501014
"Line_1899",4822.97929483578,427.002640377474,71.3920922392728,1.1150874125164,-0.739344595415472,0.545539619544588
"Line_19",4406.43615400869,424.128202112139,69.4311563944507,1.10957400343702,-0.950512030814845,0.536118699964859
"Line_191",5944.43421736058,449.087643739129,71.7806556731603,1.15025993629921,-0.885094318604277,0.631463089844961
"Line_1912",3552.23784870331,423.056943245021,68.5163532546747,1.10828965074203,0.577223927606578,0.529645702373451
"Line_1922",4044.14573364322,424.831891309406,70.7015235768192,1.11090690865536,-0.933531198378428,0.538060466193327
"Line_1930",4136.39243819141,447.367328692173,70.1685051408666,1.14611289883377,-0.682954141773489,0.629022351387975
"Line_1983",4271.56105912629,425.003407221229,69.8757210753147,1.10990501742428,-0.581503503864788,0.543005436181957
"Line_1988",4378.01390261092,449.605158303127,69.985696723155,1.15161313412857,0.107390313251859,0.632366472226032
"Line_1989",5349.840425387,423.378444907004,70.432165782507,1.10753401783331,0.0536223207864224,0.535292413322691
"Line_1998",4356.94277568237,424.450198664896,67.4028708045771,1.10938198901854,0.0332133562788235,0.539352318552751
"Line_20",4909.29652609761,447.879068970302,72.000539216764,1.18058294834334,-0.0933049114505535,0.541244769756946
"Line_2024",3830.62476218147,445.469359747143,69.4261719347669,1.17504931619763,-0.781008891512183,0.535861891261955
"Line_2072",3579.26763796798,425.164802029624,70.8409406867371,1.11139937380685,-0.624646008649123,0.539754844200028
"Line_2076",4191.98890514949,446.262651331305,67.8814356326153,1.14233748042806,1.64768750093432,0.632052474282094
"Line_2085",4795.85343323294,426.395551988367,72.1423108608127,1.11382968780563,1.59856050975497,0.543739110297638
"Line_2115",4677.105829523,424.733993136124,71.487306550869,1.11008893764813,-0.820280626753533,0.539666199815598
"Line_2118",4302.05154944926,423.377987941316,69.4288455599262,1.10833766634433,0.588597521321976,0.532955367143483
"Line_2124",4811.60547537579,425.134623115731,69.8390584159436,1.11160332520795,-0.0650324915034223,0.539123683440799
"Line_221",3413.44409626819,423.944496804197,67.4948392017017,1.10913775253699,-0.854632336374753,0.535680574737455
"Line_2266",3177.87228118584,423.724513912253,70.6665228995938,1.10827651415705,0.561086347700832,0.536458485238085
"Line_2355",4715.84958664884,426.046206146406,72.3038790635535,1.11346456050206,-0.707330926585073,0.541508570883534
"Line_238",4334.57117569822,446.158293385531,70.314179852827,1.17782586531346,-0.971546136233668,0.534791293398419
"Line_245",5639.57292851898,423.754992071333,72.1001942227594,1.10746647215431,-0.696709717777105,0.538873457487335
"Line_2460",5100.07491297588,446.069328870617,68.054749669048,1.14247898004789,-0.814004532138025,0.628849895259529
"Line_2477",3602.15500203976,422.272805735712,68.6850434447127,1.10549483270033,0.990660532016587,0.531176171147832
"Line_2549",4151.98957451854,424.424019188486,70.5013652347266,1.11028400207127,1.22771556785449,0.536151380146524
"Line_2553",4309.08317070943,423.036629665329,70.2998017101432,1.10658294236319,0.734470338709018,0.534858300944782
"Line_2562",4124.44462018968,424.514002014567,71.3973239355464,1.10939820354067,0.210190905288359,0.539909919434904
"Line_2577",4527.35971451059,422.438915529759,71.3758732430433,1.10568127561904,0.543891997211148,0.532475141068008
"Line_2599",3769.84314715536,449.148460518333,69.5095296913905,1.18270225670173,1.22569983310249,0.545695153690049
"Line_2606",4555.95115221055,424.181030567824,69.3823003966194,1.10714231019556,1.26053563408292,0.544238086991563
"Line_266",5282.02573583705,447.36813082025,71.5392317921023,1.1796468474165,-0.878185285933202,0.539258438011625
"Line_2662",5216.6122798489,448.762617281014,71.4846896410798,1.14971334275673,-0.871272227366378,0.630008014690874
"Line_2672",3614.563128157,425.269687141932,67.8108339442471,1.11180698379026,-0.788795400219948,0.539700360665247
"Line_2683",4388.20583587975,449.952818843174,70.9584572202953,1.15169418042796,-0.774307613251957,0.635640820961406
"Line_2729",3569.19544308373,425.742651134788,67.5081599855207,1.11342494694493,0.549194624053316,0.538899437101781
"Line_2769",5100.5200579372,423.384107107189,68.1489999108665,1.1073871294069,0.55583030264096,0.535929145917003
"Line_2792",5292.38002407692,422.003861153653,70.6179538393745,1.10668702442687,-0.691915902718282,0.525066920585985
"Line_2793",5246.0808540668,423.285779154307,70.792607289678,1.10717955337446,0.469398301298282,0.535465951562341
"Line_2824",4282.58431093841,448.700875885283,71.9953250560244,1.14988924345617,0.742418424268608,0.628386564146906
"Line_2838",5425.87967159571,424.274366114861,71.4375981679843,1.10972121450068,-0.630080439472495,0.536699350029196
"Line_2856",5225.69215420268,423.901316227362,70.8868052225511,1.10798019956365,1.23070073304442,0.538895001305199
"Line_2867",3904.57190201512,423.061944897559,69.6893830372611,1.10762460730279,0.555974974659849,0.532191367662411
"Line_2886",3749.29454503226,424.992017436951,65.2537764804037,1.11166570199069,-0.743263395400785,0.537309527236191
"Line_29",2670.89345641478,424.933130534647,63.3569691510703,1.11140751396192,1.16986779936422,0.537258666871673
"Line_2945",3884.56107820751,448.154180069868,68.7844577852667,1.18130444943959,1.20407609648062,0.541416186991076
"Line_2957",3881.02091930408,448.17028785037,68.9339988575589,1.1484504229168,0.691384779810012,0.628085481514721
"Line_2963",4544.46282355418,425.917204922285,71.3926947435094,1.11350345284779,-0.795506159649448,0.540281505497946
"Line_2971",4175.15024682225,426.047900790618,70.8417117653258,1.11383693286669,0.21502908691556,0.540405825030122
"Line_2993",4512.19544616295,423.958755572496,71.3538323972008,1.1090792564939,-0.905087527656557,0.535825905950487
"Line_3055",4767.69498047743,421.371282755705,70.6609245909527,1.10274591400604,-0.689035559613088,0.531187321146849
"Line_3070",3764.00911460549,423.650467534875,68.1270087228788,1.10853109988421,0.147088124809052,0.534914360014251
"Line_3094",4011.86791547156,423.548397035685,71.0262984845011,1.10802138133093,1.66911093972785,0.535437345679988
"Line_310",5391.54909917755,422.445704409294,72.0093281843483,1.10623828335422,-0.665549023095446,0.530567401484687
"Line_3119",3487.82262548177,447.495119272735,67.505538918149,1.1464257811466,1.73619463333831,0.62900752769339
"Line_3134",3894.2034946494,426.35456222413,63.9254405750576,1.1138002373108,-0.646328543676901,0.543329349166121
"Line_3144",2957.21296124551,448.991476962414,70.3968522511951,1.80590514572676,-0.374482201759649,0.62968634813251
"Line_3157",2841.66279189875,447.790474058713,63.3246383579982,1.14763052426095,0.536120343068537,0.627383092191342
"Line_3187",4322.46533111335,449.441245944438,68.3224089992775,1.15126628086083,-0.811511169338343,0.631382105303701
"Line_321",4578.73002351701,445.863230922786,69.9662375467902,1.14399589417198,0.206402718146729,0.619630948635998
"Line_3219",3852.96852649907,422.484522360981,68.485804095689,1.10668857127739,0.201733294987395,0.529297463236537
"Line_3227",4893.60431064516,425.855417442653,70.6942366017409,1.11316288572331,1.64468599852699,0.540904537955769
"Line_3236",4497.14277504217,426.500689995352,70.4795192809855,1.1144072301011,0.730361324502076,0.543007584846668
"Line_3240",4306.74686079392,423.294256439634,66.4728426914284,1.10837716702561,0.622801995792238,0.531914029847779
"Line_3244",3258.85052787763,424.385338970831,67.9912912664249,1.10887668369454,0.25636337247134,0.540402098869371
"Line_3258",5595.9842319332,424.200690354198,70.7613277858504,1.1093989096306,0.0477389557122628,0.537169839883074
"Line_327",5012.46813947535,446.698691329621,70.7363058366915,1.17843798139531,0.443686681930675,0.537099541413612
"Line_3274",4118.2293522699,424.551808481383,67.0540621775627,1.11080370621775,-0.553545748819954,0.535895211162189
"Line_3299",4194.67232263375,447.655902757226,68.8695306558933,1.14663813247094,0.465808573906266,0.629908140383255
"Line_3369",4606.14681476897,423.60335511133,65.0536338774204,1.10906324714859,0.208241644238617,0.532609897917886
"Line_339",4570.72234160734,449.126716027575,63.4486708653227,1.18370317341077,-0.948221403208653,0.543287351286937
"Line_3398",5317.24693839333,445.187904203527,67.8992294013722,1.17543392812089,0.378068826264418,0.533224463140323
"Line_3406",4493.33078862496,448.453732886468,69.9866212736597,1.14971846336171,-0.753655002794451,0.626356236768431
"Line_3418",3631.52390823603,425.227275987162,70.1164038141086,1.1116868731703,1.09056616495437,0.539462930518047
"Line_3438",3304.76841336652,424.280769805906,68.4144849762693,1.10837297436036,-0.863036414683564,0.54096541129978
"Line_3487",3363.19067513141,447.734280115278,60.4659898432537,1.14815532130271,1.04948875846807,0.624280015883083
"Line_3491",5233.44050045062,425.800464767715,71.4240724724937,1.11224052400989,-0.0867222007078239,0.543286578636325
"Line_3500",4442.47627742043,448.07502254953,67.7468302099934,1.1823942468761,0.224664892897626,0.538584154612034
"Line_3520",5369.34875562664,426.265699322891,73.5168700577197,1.11377241344343,-0.900745745299692,0.542633960276446
"Line_3534",4049.94599591053,425.315476061003,68.1699946977596,1.11204475242467,0.151356278151812,0.53926213964443
"Line_3542",3938.93756638005,447.984228957091,65.4041198461974,1.18189865313791,0.836701476806392,0.538904489898364
"Line_3589",4646.45884484027,423.478874348722,69.6855997835795,1.10786485426189,-0.714739897984771,0.535209799918317
"Line_3598",5015.04568023004,426.611419749373,70.4713737743999,1.11445821080635,0.660853572820842,0.543826566205501
"Line_3605",3730.99674975716,446.447441256721,67.9869117421728,1.17842411299279,0.542818878590534,0.535501383680889
"Line_3639",4567.24601721229,447.583911481027,70.8996732063916,1.18030665836972,-0.582333428618006,0.539723314907278
"Line_3693",4937.27013182563,424.656558070407,70.8981945785985,1.11011091253143,0.554864025038907,0.539106522152337
"Line_3740",3778.29454713347,425.059079939216,70.5825421519946,1.11112832901874,-0.694672247668229,0.539676174455418
"Line_3795",4711.42369694209,449.263967479195,70.911752555048,1.14993310488956,-0.508360946439151,0.634906782447967
"Line_3828",3787.52453958057,446.982318488245,67.6728001910736,1.14564895021872,0.242833547328093,0.626067672688592
"Line_3837",3786.03594829974,422.746996203939,69.3788550593643,1.10505299891487,-0.814740422477581,0.537039619583699
"Line_3889",3844.16354140428,446.792593857339,68.7495069581931,1.17927199394874,1.36528608749483,0.536246533845414
"Line_3907",3557.14445227541,447.689772263649,67.0096229251291,1.18112840810825,1.23248231017159,0.538790484424198
"Line_3948",4018.15315626955,424.950723922283,68.3284808306656,1.11108516620381,1.06359296165931,0.538825867933544
"Line_3951",4527.019598022,425.013176451875,70.1026172084913,1.11007395200691,-0.735618711980727,0.542697737611287
"Line_399",4821.1012482696,445.9312545162,70.8621837950223,1.17748078841661,-0.799468268732626,0.533861891729448
"Line_3991",5799.5755718608,425.362427017255,72.1536930959471,1.11248017026124,0.550138011576546,0.538415556972459
"Line_400",3877.67808272951,424.764683109809,67.3261632003542,1.111181565732,-0.173370068156958,0.536925151476516
"Line_4016",4375.65255854206,426.298445842169,73.496649345492,1.113485912234,0.183854197674697,0.543789776908661
"Line_4030",5338.58714183835,446.757425976754,72.6968325564998,1.14507017417211,0.300951201923087,0.62591169855271
"Line_4036",5448.35010365199,446.772334738804,72.0137432370279,1.14325142208754,-0.844189332866055,0.634121717507238
"Line_4065",4709.49157709679,424.348584868356,72.3955162799994,1.10931571485157,-0.8359312988081,0.538589850967334
"Line_4087",4330.85250418563,422.84553481523,71.1715547634031,1.1066923449786,0.125305004158131,0.53284296385156
"Line_4119",5449.07597018418,425.104792598605,68.7154289696194,1.11090938543495,-0.596338138212695,0.540727276897939
"Line_4125",4859.16839640086,424.600536746848,73.3581489356757,1.11015718521475,0.0566729690240335,0.538425296286157
"Line_4127",3034.26605009225,424.167438097533,69.2881840062769,1.1087740607581,0.68152470658931,0.538514171411702
"Line_4136",5032.66702067162,447.488156324204,70.8591693186427,1.18046402719587,-0.849182996305773,0.538670470415042
"Line_4171",4693.57167508648,421.817722568003,71.1986290205454,1.10498922209293,0.579719354367468,0.528383649157752
"Line_4175",4769.27231086332,423.624645280847,69.9660869814434,1.10717058877073,-0.795329359340913,0.538971203358512
"Line_4179",4525.02377754582,424.241856635282,70.7015931392545,1.10882052280556,1.10543953886439,0.539254853138834
"Line_4186",5427.78912007938,425.622877525342,70.5778485254073,1.11269350838579,-0.629722502568405,0.5401649070982
"Line_4189",4922.48952646387,425.619652048763,70.0644261658989,1.11218367595566,-0.0674329836941246,0.541518771189278
"Line_4193",4257.62408221785,425.009987179139,69.0996134277046,1.10991952555507,-0.730814421698352,0.54324940434744
"Line_4199",3628.24998815314,421.988846766336,69.7251726550173,1.10420850564688,0.539282591571911,0.532707271728286
"Line_4248",4126.28598132185,448.368421568976,69.9031080096333,1.14900914523112,-0.314540359186949,0.628462675945186
"Line_4255",3847.6626726896,424.604943041657,67.8467838807763,1.11023721886578,-0.782502232788306,0.538485293331907
"Line_4275",4517.68021041734,421.783014346116,67.4830057972693,1.10310083611706,0.743819648603847,0.534175510311288
"Line_4313",5049.98959402906,447.199425192653,70.7480925772596,1.17985756124369,-0.77695850562299,0.537694360235133
"Line_4381",4213.31868223882,423.606791658426,69.2584263508221,1.10825421474306,0.706884045621437,0.535403168826057
"Line_4386",4709.04527531611,426.097812510384,70.6173324687998,1.11354640805331,-0.103371308894769,0.541854693582992
"Line_4398",4479.42649331556,444.701162253228,70.7020426973742,1.17395761182375,-0.703956124188653,0.532799182014497
"Line_4399",5188.90718373544,425.428001567156,68.5523234896933,1.11255155270935,-0.674171997294331,0.538241212326017
"Line_4403",4763.8996201785,446.765935560479,72.2165427710515,1.17998517893415,-0.812113359571233,0.53467547442808
"Line_4434",5135.71103834364,426.309583888982,72.2222100656274,1.11361649058029,-0.099598348432418,0.543542506247537
"Line_4439",5090.13889841037,423.776772840395,69.9001983130781,1.10766808167843,-0.77500874139078,0.538752121844429
"Line_4460",4950.18332778076,424.572507334485,70.1482276278353,1.10980434997422,-0.796257100988794,0.539494365258551
"Line_4492",3858.60768247524,424.826933317818,69.1214677049594,1.11142456305025,0.176708836879149,0.53649642751033
"Line_4493",2932.70986041264,425.029300356334,70.3852793508495,1.11097495525228,1.61474635558581,0.540011410495419
"Line_4498",4231.25865081652,424.054721447096,71.6522365287513,1.1077550830416,-0.791707234004841,0.540818127229316
"Line_4512",2876.45497906308,422.031431198601,65.112909945132,1.10561300422124,2.12609706449728,0.528749216723017
"Line_4553",5433.80137442964,425.096986806011,73.5628804566628,1.11096943227235,0.137535145536653,0.54059505987156
"Line_4576",3857.92434846007,424.878695244067,67.7608487043393,1.11044817645049,0.623530561096332,0.54032131362887
"Line_4585",4430.33329678108,423.781498791706,73.544820982941,1.10952803318987,-0.762119127021306,0.532650099468222
"Line_4606",4164.74078811826,447.167825126302,67.3402656636614,1.1797108609648,-0.692580932033274,0.537936189162292
"Line_4626",4267.53313382912,425.357341332598,70.5589858605021,1.11097745964028,1.02065005322774,0.542755757291578
"Line_4634",5317.66232296246,425.089490651808,68.2984416430344,1.11159186011292,-0.79047615268376,0.538620265021371
"Line_4642",4046.1006068735,447.094638270218,72.1264530415955,1.14584155062389,1.52805733354664,0.626687320328106
"Line_4657",4474.37679167884,424.781288365822,69.0108610554929,1.1107061820516,-0.804859486219736,0.538191187690289
"Line_4691",4934.79675650279,425.76614867205,70.2413931207553,1.1130989729514,0.942939676879332,0.540279246489744
"Line_4702",4808.57522274344,424.240369026913,69.1338994100286,1.1084266121907,0.155230235245986,0.540545670268968
"Line_4707",4416.44773430068,447.611283839976,69.4735387463758,1.14726380212321,0.00500555145002191,0.626687697307951
"Line_4726",4185.01972321992,423.748239425301,70.7736626138116,1.10808717806399,0.252218442631187,0.53697611697494
"Line_4744",3486.27027219893,446.940402695625,70.6346176577029,1.17926405313059,1.60184441608541,0.537498630572543
"Line_4752",4913.31373411379,423.287870240183,68.7024457146408,1.10821420504061,-0.770324833275249,0.53222919997827
"Line_4754",5296.24163636541,423.777919459412,71.1554089294277,1.10633188219127,-0.736779763784385,0.542905425530142
"Line_4779",3511.34468427174,423.52896333153,67.4452094514664,1.10644164109846,2.15461465857228,0.540141134555521
"Line_4806",4025.1407988763,425.241314356761,69.1223098871795,1.11092195941889,0.587428290455612,0.542132601566208
"Line_4839",4153.21357765499,423.104930925631,69.2695460392337,1.10774080782757,-0.930808086665904,0.53231255978384
"Line_4869",3635.56416369522,424.240199356349,70.4254632393881,1.10964791542182,0.576043627062368,0.53668787048601
"Line_4872",4523.93919371409,423.50441143426,71.7166579301471,1.10782663328011,0.653494675800903,0.535284359997339
"Line_488",3255.66021914853,449.437814601499,68.7379721858661,1.18467440293681,0.63963629923033,0.543465139118986
"Line_4930",4466.80572814825,446.969141372783,71.2722189846441,1.17874706201479,-0.868536899945736,0.538561986197686
"Line_4933",4966.18573736986,421.365522422654,72.3135190655268,1.10302262250929,0.0452628460626001,0.530648204689719
"Line_4954",4901.62564014483,425.027167956738,71.3833286979684,1.11066078969029,0.460855832745025,0.541037127035417
"Line_496",4127.0903627417,447.38781113514,69.4238078609379,1.14649588801848,1.44615139703084,0.626975817220161
"Line_5031",3907.90485650849,448.380307105801,72.4873566107848,1.14909716436385,0.301292356818386,0.628045084814138
"Line_5035",4225.95710677632,421.852098891182,68.3008196857381,1.10388005181472,-0.851504315173792,0.532232222507128
"Line_5056",4496.09801152752,421.3109934691,71.6193540821739,1.10453323824885,-0.799683360324918,0.525154295758377
"Line_5078",3838.36843452688,425.147957797811,64.7983019510859,1.11062440847177,0.657190982781856,0.542014859524806
"Line_5087",4181.82336787819,422.037310785832,68.2707340018156,1.10499229724384,0.603989629633389,0.530734800383905
"Line_5093",3891.64353881685,447.525625335073,69.488234337648,1.17953117406804,1.17217457617396,0.541015422735572
"Line_5125",3952.0053272316,425.709948499273,69.6171951957717,1.11207331853363,0.373798312411836,0.542708122709977
"Line_5145",3906.67875398593,448.477860370102,69.1795935104308,1.14930088095249,0.349348487032747,0.6281751117289
"Line_5235",3149.0386418386,448.323485811694,66.6537166908143,1.14862530563326,1.14409372580991,0.629488736437918
"Line_5266",3914.32637515435,425.223674135613,69.1720609308333,1.11208087907435,0.484077280505213,0.538202980281751
"Line_5269",4281.28337823903,423.089702340672,71.2577331209283,1.1074459374102,0.231087920627428,0.532657786564007
"Line_532",3844.40584697538,447.127193613249,67.6920441673224,1.14562870882053,-0.86076208323986,0.627965441732153
"Line_5326",5512.33740277422,425.252877117788,71.1433554212346,1.11166550320625,-0.849742943860485,0.539755999520705
"Line_5332",3894.27424568025,424.31448687393,70.0685383902925,1.11031211334773,1.13346844708424,0.535056118966244
"Line_5368",3838.78612781363,446.979414737805,72.0287140291746,1.17994450312396,2.10262396403355,0.536187704158389
"Line_5418",4163.01859576583,425.101101377405,71.68930041668,1.11172284997275,0.587005954048508,0.538150970063875
"Line_5454",5182.93964562188,448.554362150126,70.9711717573716,1.14837609805592,0.90232834211653,0.633355794328841
"Line_554",5010.80159457621,422.804329930206,73.5298809163272,1.1060705278406,1.7474539245489,0.534344633335928
"Line_566",5302.72108003342,424.481671126342,71.0412108716796,1.11009251577215,-0.79203609068126,0.537576023596534
"Line_573",4305.56115531501,448.839155748481,68.1073138894705,1.18296525821108,0.139641056556577,0.542647984813866
"Line_610",4559.47348223818,423.973513962363,71.4194030250506,1.10780976594081,0.238309823560277,0.54004154926007
"Line_649",4174.26091568614,447.93712233517,70.3723966796081,1.18183746467927,0.986786615964033,0.538815529283426
"Line_652",4105.17453489513,447.793464454749,70.2070929110934,1.14791626267448,1.1117792054663,0.626072410762386
"Line_685",4716.12045541673,424.220277826757,69.3749537401925,1.10903133522283,-0.743356088319004,0.538509829033014
"Line_690",5022.65620180929,425.425114156185,69.8406419366139,1.11205209693468,-0.483917420810756,0.540234444316178
"Line_700",4205.37880032391,424.973419179441,67.082981515722,1.11098627717596,-0.716135894148982,0.539362260850861
"Line_728",4540.76113324636,447.132833630523,68.05569269732,1.14592008309852,0.877638821152569,0.626990723100539
"Line_755",4607.97448011097,426.243626751522,69.0853232517229,1.11316824861361,0.516766382973799,0.544248459124184
"Line_756",5540.03835684985,423.583553524802,73.0091196002496,1.10715671316197,-0.661362673848012,0.538195414695775
"Line_757",4525.40311375419,422.619111959062,70.8299895796765,1.10684184128493,-0.711686563903886,0.530456724363347
"Line_775",4961.87234743634,423.635818799251,70.4665883429907,1.10714973055026,0.511616893932331,0.538957465033296
"Line_791",4591.65686833563,446.979164526287,69.4323981245455,1.14582607114336,-0.754526582323252,0.625183082127235
"Line_796",5077.24282601768,422.167274967389,66.6709255813577,1.10502488452637,-0.917333795580712,0.531698051272002
"Line_830",3994.97148126697,422.204577593663,69.3624087947316,1.10572607250641,-0.0613118306376279,0.5296351959577
"Line_849",3681.38824912477,424.418636739834,70.2537531936671,1.10959795609031,-0.761984084522647,0.538438348307689
"Line_855",3788.98800165879,449.207298326035,66.7251072561513,1.1841517607101,1.67777418727112,0.542744499940443
"Line_883",3205.62574518162,424.786652550287,70.9922976515309,1.10999072496298,0.216732565628033,0.540617497527386
"Line_931",4417.5634401206,447.245869110871,70.5254395012604,1.17940489444427,-0.628136317068529,0.538927291465686
"Line_940",3671.90369433923,424.758401221416,67.6113141783837,1.11126699417829,0.429989884415704,0.536514648271174
"Line_98",5152.77669863685,424.376308566269,69.5338525599565,1.10961929198346,-0.86655150750778,0.538041925336938
"Line_993",5635.53781190212,423.356498854586,71.0390268796093,1.10799150747811,0.736627278142848,0.533500360499775
"Line_1236",4793.44832741981,367.841694564251,71.1126002651843,1.15173633261482,0.771169881575919,0.368840726940739
"Line_1364",4874.4099919198,368.426574426087,69.7843061249205,1.13133882164442,-0.709374302557109,0.390705700967817
"Line_1628",4243.11676567297,362.358110146239,71.0288372151356,1.09522639847749,1.08914371008385,0.405093430736049
"Line_169",5126.87069962604,365.136306587832,69.1957312644346,1.09839163707145,-0.377828944696765,0.406351034577439
"Line_1699",5480.85459674162,362.140779629622,71.4382206635387,1.0963405834122,-0.0425941911971407,0.388147563266774
"Line_1753",5943.78990258025,363.465652997345,72.3730446311977,1.09493884563753,-0.816253944832314,0.40502372583864
"Line_1807",5341.08273030134,350.637416828834,71.0183605196127,1.06816804522624,0.482967742144103,0.366070317312569
"Line_1905",5057.50235936552,356.704997541113,63.8584910302681,1.09465114162208,-0.832046231032365,0.36873504888983
"Line_1963",4791.69003430735,349.802806765469,72.8854523211984,1.07128396439021,-0.813940565137029,0.366679520459945
"Line_2080",4994.85659746077,358.962762090606,70.7229918470102,1.10333846408149,-0.619241175977457,0.388550957224143
"Line_2097",3927.90932896077,354.653947989524,70.8520556793476,1.08475218809626,-0.85788531470977,0.368743291539752
"Line_222",4917.01062769616,364.440975687527,72.6505138884383,1.10368695352436,0.284083856460464,0.406430910615849
"Line_2231",4367.14244437884,351.6232751394,71.8064908614552,1.08023085444474,-0.168149888993096,0.367116546698136
"Line_2320",5001.44837213992,357.379134754154,72.6770409760301,1.09390224921156,-0.838096458231879,0.368503497477345
"Line_2409",4901.57502289062,362.805888668257,70.9112367362353,1.0964114436918,-0.130580737176211,0.405454084583945
"Line_2434",5071.69268277865,369.172409955423,72.9744609104656,1.16038148234964,-0.103133870033017,0.368368389768597
"Line_2488",5054.50952463333,364.580132996674,71.8206104516403,1.09825259929066,0.594619670698956,0.405508708527041
"Line_2545",4672.48948128749,353.333986795727,72.0534604839116,1.07487121514347,-0.498186264144211,0.367185271030386
"Line_2782",5117.66842843354,367.303067511274,73.2406736145905,1.15088957313674,-0.227168896217188,0.368152779531465
"Line_2920",4699.12558734598,365.256509601256,71.0334255104083,1.14940930691862,0.938296435485351,0.368301204137172
"Line_2965",4865.24885455337,366.181994226977,72.3119341358192,1.12574325993676,-0.887448518478689,0.367784676516306
"Line_3125",4674.00524262494,363.696213621725,73.6517886095734,1.11123351181253,0.68922003611636,0.389117817746644
"Line_3137",5039.36148516281,369.684140602888,71.5472076714592,1.11694573718769,0.906099687321753,0.389677213602894
"Line_3340",4301.494515452,357.872471033858,69.6240920249532,1.09858944897476,0.173152206017207,0.369033951291747
"Line_3583",4811.94836214825,354.352046653595,71.6604399777986,1.15351952699229,-0.915346122872218,0.367726610883573
"Line_3669",4146.36408842433,365.570126001287,70.6593266994768,1.14981302935695,2.02192866262773,0.368318819996221
"Line_3727",5136.11096403896,356.441443846869,72.9324118968691,1.08241012829947,0.669233404569443,0.368317046694627
"Line_3748",4855.51550413589,349.343896449779,72.4747440005611,1.13608152913077,0.397550338090042,0.368594794289132
"Line_3902",5209.30085327387,366.975343971394,71.0128275440271,1.14729135936431,-0.226147649099527,0.367984593932386
"Line_3976",5628.42172197749,362.743589511081,73.3095311994581,1.10327412005769,-0.861182520201114,0.387157551545317
"Line_40",4721.01953725662,364.913555554388,73.1008419320358,1.10070672993748,1.4781600820288,0.406207785705846
"Line_4035",4967.35741975258,365.490067357485,72.0484463233876,1.13568421328256,-0.92428803152403,0.368437173913444
"Line_4120",4752.43754864123,352.605128638309,72.3098686824427,1.08696173720566,-0.348407711307441,0.368499623522964
"Line_4196",5266.04125297131,353.939835407458,71.9618519023071,1.08936381834121,-0.130335673440305,0.36769080540133
"Line_4220",4979.2292013971,353.040033761784,71.2251387621662,1.08629973853222,0.587575551588443,0.367733869704295
"Line_4411",5764.15602053927,364.811702766477,71.4048024217651,1.09492619696804,-0.512539603873912,0.405926158706364
"Line_4482",5097.31724048472,369.956889852931,71.8678860781046,1.16007707236325,-0.280001593064361,0.369228990114111
"Line_4559",4341.07736966268,362.346912029667,68.8577569777798,1.08976989440928,0.601077498027247,0.404908849367618
"Line_4728",4638.67503565933,363.926529526211,68.5144650193504,1.13373543172209,1.20652953977921,0.368952125704466
"Line_50",4837.01947690613,366.516906668657,70.9947968567855,1.15073304769834,1.05309323838225,0.368421784420842
"Line_5003",5385.24732155083,368.346536610237,72.18431034854,1.12526112337623,-0.928940288113005,0.38882793571348
"Line_5081",4681.98855491241,365.814282528714,71.8677493300025,1.10357617171824,1.06917826876792,0.406225503287388
"Line_5113",4940.99649920338,362.202954105391,72.7045470592147,1.0938211062021,-0.550440372123397,0.404829852856353
"Line_5120",5114.25659875792,360.446407028139,71.3346248568992,1.09192632337732,-0.562243588587834,0.405823810531374
"Line_5134",4813.52136924258,352.718758820798,71.2249485667949,1.07611534793345,0.161199930400562,0.366532765071192
"Line_5373",4885.37385015567,367.648621280347,70.2964451385611,1.11514244795034,-0.803660657974494,0.388509466227152
"Line_5379",4497.20472892235,366.740992446633,71.4188521798016,1.12498217995743,1.57314884742434,0.39029237199964
"Line_747",5225.58179389753,350.604749334154,70.8961344630734,1.07822902053773,-0.929063966106507,0.367093526318942
"Line_826",4182.97868449954,360.435293263712,71.6912717446667,1.09191662297053,-0.828227970728757,0.405983493029174
"Line_827",5277.28582698935,367.554865802744,71.4670932629645,1.12406959558802,-0.980762508885887,0.389258489237933
"Line_1306",4848.9423394935,421.959159699504,71.7338911470654,1.19753254702728,-0.657628424234166,0.710601961265216
"Line_2334",4299.55113526401,722.290676908095,68.5175210348916,1.93748919711622,1.22357963394583,0.458771829627914
"Line_3455",3740.10709740008,730.27601261048,NA,NA,-0.48692214458818,0.460966823402503
"Line_1053",4163.6038566977,467.456980065989,69.849666236016,1.29288296822169,-0.804348623637078,0.661840304504947
"Line_1059",5072.13511596565,440.837078828399,70.1019838455474,1.26291556398572,1.19134687069652,0.562706443810263
"Line_1068",3865.1840255342,447.555249284803,67.2616064260269,1.26905447712498,0.700386652638211,0.562706443810263
"Line_1093",5690.06848646056,426.690938674952,73.2593672070807,1.25607777831065,-0.804348623637724,0.562706443810264
"Line_1134",3475.07436084368,459.351173667957,67.537589776652,1.28982149448875,-0.80434862363786,0.661840304504887
"Line_1137",4810.12763495337,452.812877774713,73.5157375528515,1.27304851564723,-0.804348623637162,0.562706443810259
"Line_1153",4142.24930906605,449.00701474613,71.6957081784763,1.26772607498975,0.298007862311854,0.562706443810259
"Line_1240",3842.84648381671,472.206533066731,71.2306949019634,1.37493067579981,-0.804348623637447,0.562706443810264
"Line_1247",5078.62560004281,439.185630593015,70.6411761775992,1.26154544773293,-0.804348623637032,0.562706443810261
"Line_1254",5384.09242545315,457.527089202255,71.6116734509826,1.27565102698947,-0.804348623637756,0.562706443810266
"Line_1255",4081.81247161987,458.741400223975,70.8549339546708,1.28925968929852,0.499197257474153,0.661840304504888
"Line_1337",4471.73709937835,465.245319542039,68.9856403468842,1.37323695597464,0.298007862311046,0.562706443810261
"Line_1389",4438.48744437895,450.795594191921,68.6407930173457,1.27279994406853,0.700386652637628,0.562706443810264
"Line_1413",4157.44754438242,462.165086495315,67.9665336911433,1.29343361460794,1.19134687069684,0.661840304504887
"Line_1422",4335.65103897812,452.983377507626,71.6876543157564,1.27139497843466,-0.804348623637484,0.562706443810261
"Line_1426",4973.19130240101,475.468300989045,70.626387125618,1.38089434026881,-0.804348623637941,0.562706443810261
"Line_1430",4535.45607609822,440.403276555452,71.1672843030962,1.26177334637111,0.700386652638154,0.562706443810261
"Line_1445",4186.69352949872,457.623717941551,68.3908231643803,1.2738076191117,1.19134687069609,0.562706443810261
"Line_1448",4984.50691893844,453.032076300614,70.3670538327807,1.27311863500255,-0.804348623637624,0.562706443810262
"Line_1465",4884.985870955,454.732818020966,71.3028958513483,1.27219114268622,1.19134687069666,0.562706443810264
"Line_1554",3872.84919035604,463.316656216473,68.8082085279573,1.2895923794951,1.48067154427538,0.661840304504885
"Line_1556",4146.69343889523,440.873404419175,71.6818934815539,1.26296660810857,0.700386652637642,0.56270644381026
"Line_1560",4440.99423701594,457.196225738182,71.7140305957303,1.28525217693373,1.23519143524582,0.661840304504887
"Line_1597",5117.14437681123,452.192521435968,72.0219619611141,1.27251023418762,-0.804348623637651,0.562706443810262
"Line_1639",4734.94249936687,459.049283032043,71.3328114120862,1.37084384695247,0.298007862311168,0.562706443810263
"Line_165",4289.92121713708,435.36594335426,68.0133536016793,1.25882515863763,0.700386652637807,0.56270644381026
"Line_1707",3666.17138202623,464.794753236102,69.1083355838829,1.37122739530055,0.298007862310941,0.562706443810263
"Line_1718",4687.93379045321,454.030182115527,71.4991619914998,1.2716401510491,-0.0284918938885917,0.562706443810261
"Line_1722",4906.2166758889,449.166020302279,69.6580505308066,1.27174533088492,0.700386652637696,0.562706443810261
"Line_1764",4725.14511626994,451.607809376305,70.9634589586501,1.27185282431027,0.700386652637668,0.562706443810262
"Line_178",5327.1924885921,437.935205008016,71.0783141320404,1.27786386443277,-0.804348623637696,0.661840304504885
"Line_1800",4550.22027016433,462.269472817975,68.8782904632111,1.29087266328515,0.700386652637678,0.661840304504884
"Line_1818",4647.76079201558,449.932670607959,69.6412844284807,1.27393191660161,-0.0284918938891411,0.562706443810259
"Line_1925",4199.58194929579,446.490565815501,70.6161678357843,1.26524498637111,1.19134687069676,0.562706443810255
"Line_196",4258.8571365822,449.92494287232,66.6729322246918,1.27158436415324,-0.804348623637229,0.562706443810261
"Line_1969",4395.24700146907,453.122096184298,70.6301921793855,1.27039830207918,-0.80434862363729,0.562706443810257
"Line_2010",5295.11064740495,440.431436268444,70.897896316357,1.26570980879289,-0.0284918938889974,0.562706443810258
"Line_2012",4349.42386344885,458.007140472012,66.2810380927758,1.27574517759379,0.700386652637489,0.562706443810257
"Line_2022",4960.49162593324,442.295688589411,71.2302531549978,1.26562867450423,-0.804348623637532,0.562706443810258
"Line_2029",4477.59447507719,450.612687869405,68.9734865266153,1.27028915862305,0.700386652637096,0.562706443810261
"Line_2067",4121.44243426303,455.719546105955,70.4456416183759,1.28865452225631,-0.0284918938884798,0.661840304504886
"Line_2088",4398.60174774459,449.683929363915,70.546815401301,1.26901700447381,0.298007862311031,0.562706443810257
"Line_210",3785.98451205835,440.626569224977,71.0017720516924,1.25836706626669,-0.0284918938894807,0.562706443810262
"Line_2141",4117.18962115719,448.911709953491,68.6159753057591,1.27159601769716,0.298007862310895,0.562706443810259
"Line_2156",4336.66885728094,442.771910845168,71.8808904796717,1.26637994852142,-0.804348623637742,0.562706443810259
"Line_2190",4566.02805968759,422.417521565897,70.5506857572494,1.25246785322524,-0.804348623638043,0.562706443810262
"Line_2200",4805.64084793613,447.980068933242,67.395315317188,1.26924572172111,-0.804348623637863,0.56270644381026
"Line_2212",4048.87267993794,442.578038561677,71.1082701147921,1.25977502907686,-0.804348623637652,0.56270644381026
"Line_2224",4860.8441221656,469.819902642061,69.4894851431329,1.37565818329835,-0.804348623637883,0.562706443810257
"Line_2254",4227.85850814949,445.795933604315,70.5127686982644,1.26751938311771,-0.804348623637907,0.562706443810258
"Line_2261",5749.33828335475,473.280369669659,73.7394715523812,1.29939884243319,-0.80434862363748,0.661840304504883
"Line_2289",4505.40828140013,478.080357959267,72.1815356534594,1.30365536943469,0.499197257474375,0.661840304504884
"Line_2301",4140.8682998587,463.143905588954,71.404894578662,1.370518518615,-0.804348623638386,0.562706443810259
"Line_2323",4538.92622898532,451.797005939438,70.522510980725,1.27313145968563,-0.0284918938890008,0.562706443810259
"Line_2324",5937.18095588305,446.73163647768,70.0562663243427,1.26890849114724,-0.804348623637535,0.562706443810259
"Line_2348",3949.31927494968,439.822068064515,66.6842422835279,1.25987752178791,1.76999621785344,0.562706443810256
"Line_2377",5413.79323362485,436.83198169347,72.662924617576,1.25841940243115,-0.804348623637882,0.562706443810258
"Line_2383",3888.94502712121,451.57217552568,71.1138208092646,1.270341012177,0.298007862311179,0.56270644381026
"Line_2385",4260.71620888781,441.189895624674,72.1209336318034,1.26787099595787,-0.0284918938891866,0.562706443810257
"Line_2389",4828.47346933939,457.510274830973,70.3094228997118,1.27687652299872,0.700386652636995,0.56270644381026
"Line_2393",3496.42491549206,440.72192106911,68.9045229516321,1.26682263612636,0.700386652637678,0.562706443810259
"Line_2427",4497.28624314516,455.528808588528,70.0255952972934,1.36928699298173,-0.028491893888955,0.562706443810256
"Line_2438",4634.13376808266,439.82203398942,70.3306461540341,1.26748352645596,-0.804348623637704,0.562706443810257
"Line_2451",3552.37325029451,443.846131240027,71.0266610708624,1.26582603275833,-0.0284918938892356,0.562706443810257
"Line_2462",4759.48943310853,468.060870262028,70.3265813220007,1.29422458329643,-0.416420258763201,0.661840304504884
"Line_2475",4490.83909063245,471.204508627266,72.1162417432558,1.37998282717922,-0.804348623637688,0.562706443810257
"Line_2490",4284.07214253233,451.776577623986,68.3762449264757,1.28869783768334,-0.804348623638055,0.661840304504883
"Line_2496",4222.86125329229,440.90185502894,71.233888865787,1.26314552719844,-0.804348623637525,0.562706443810256
"Line_2522",3226.97248097603,449.129490770249,68.9581708299087,1.26964302256869,1.76999621785368,0.562706443810258
"Line_2534",5203.15740192638,441.990704107673,70.0085452431529,1.26284825120321,-0.80434862363796,0.562706443810257
"Line_2561",4447.71360979195,468.823287411817,70.4285899165877,1.29361569075455,-0.804348623638268,0.661840304504884
"Line_2607",4157.96390041122,429.197218911409,69.5366405274383,1.25782412365467,0.298007862310869,0.562706443810258
"Line_2609",4731.47865855312,470.176272963329,70.8977320342815,1.37731612041039,0.298007862310883,0.562706443810257
"Line_2686",5675.57111325327,444.183087542207,71.9526833065115,1.26572575914566,2.65809780946563,0.562706443810254
"Line_2688",4357.63627687801,443.037487424635,73.4362406747932,1.26838130549083,0.700386652637341,0.562706443810255
"Line_2717",4814.12986971644,438.96704563267,71.5281416681818,1.26101327345854,-0.804348623638108,0.562706443810258
"Line_2722",4193.34598475145,448.423745892973,70.3961345072982,1.2698586098958,0.700386652637438,0.562706443810255
"Line_2734",4534.86051961859,444.176302203865,71.2091161321371,1.26902716479329,-0.0284918938890487,0.562706443810258
"Line_2752",4175.4597826111,426.907657135622,66.4207528462263,1.25531726624104,-0.804348623638026,0.562706443810257
"Line_2757",4175.78120471175,453.788044943445,71.9202529717559,1.2704415410476,0.298007862311118,0.562706443810259
"Line_2787",4848.57276540402,467.938874319029,71.3640808014819,1.37658018540348,-0.804348623638403,0.562706443810259
"Line_2808",4675.01089599737,446.40441332299,70.4621224818998,1.26669983789304,-0.804348623638166,0.562706443810257
"Line_2827",4669.01546529711,445.458905677636,70.8922736491431,1.26696069190453,-0.804348623637618,0.562706443810258
"Line_2829",5778.5940116159,464.049409603769,71.0175277517915,1.37199099028403,-0.804348623637909,0.56270644381026
"Line_2840",4134.46324531817,438.295983999349,69.0433574516941,1.2607057275783,-0.804348623637744,0.562706443810256
"Line_2883",5821.48235599729,433.848754762056,71.5930000075167,1.25855195604136,0.700386652637097,0.562706443810255
"Line_2890",3245.13312689149,439.982123388317,68.2738981260653,1.26327569930953,1.19134687069633,0.562706443810256
"Line_2899",4531.14629172458,478.589720390471,69.2061253969821,1.30201198088133,0.29800786231083,0.661840304504883
"Line_2986",5252.90254645267,456.554648787293,70.1583150668575,1.27505564479608,-0.804348623638085,0.562706443810258
"Line_2998",4279.17972739019,445.052257483324,71.370258681235,1.26430010020791,0.700386652637478,0.562706443810257
"Line_3004",5008.82007855044,468.63658894393,66.3878914414245,1.37848465488032,-0.804348623637733,0.562706443810255
"Line_301",4819.71362322732,467.571812783564,71.6172117886903,1.37776521652132,0.70038665263724,0.562706443810257
"Line_3027",3250.30433028825,477.827018332694,67.8624366272771,1.38440523567935,1.19134687069627,0.562706443810254
"Line_3042",4467.41511864657,446.796747707141,70.1331700445329,1.2671840066082,1.76999621785382,0.562706443810256
"Line_3058",5093.57790842934,456.373505976075,68.7808016061583,1.27262143450088,-0.804348623638214,0.562706443810256
"Line_3112",4730.66960105684,466.477806041854,69.084376762257,1.29566886506441,-0.41642025876331,0.661840304504883
"Line_3133",4958.59020300784,452.494036139078,68.6667559570891,1.27387746741832,-0.80434862363806,0.562706443810256
"Line_314",4489.12348960461,439.306145001298,71.3283279364123,1.26142591054047,1.19134687069626,0.562706443810255
"Line_3140",5105.65986237574,442.81239174724,73.2715219978378,1.2626396174945,0.700386652637218,0.562706443810256
"Line_3158",4138.5268902388,450.66186714821,70.3057817028449,1.26894090873882,-0.804348623638156,0.562706443810258
"Line_3164",4695.69762346623,451.629912259297,69.9738834961939,1.27374860598448,-0.0284918938890284,0.562706443810256
"Line_3186",4354.13732513434,470.41959878723,71.8655362906105,1.29754370382718,-0.8043486236377,0.661840304504881
"Line_3213",4420.24014058025,471.537647292228,71.1450131341774,1.38075101678655,0.298007862310962,0.562706443810254
"Line_3243",4375.87678133877,448.954614303533,72.5748188533849,1.26866923120509,-0.804348623638198,0.562706443810257
"Line_3250",4490.92221481016,460.016548309975,71.651727108721,1.36870454736819,-0.0284918938889143,0.562706443810257
"Line_3262",3793.42370828707,434.77609487094,68.7974277703916,1.25522798245974,-0.0284918938892389,0.562706443810258
"Line_3273",5123.51401941189,469.659617915774,69.5861337487773,1.37178451628085,0.298007862310783,0.562706443810255
"Line_3279",4910.39586690823,453.593940869616,71.7886634109273,1.28675753235424,0.134757984211049,0.661840304504884
"Line_3285",5794.54519582857,444.579856031663,70.4907680418108,1.27880136624495,-0.804348623638178,0.661840304504881
"Line_3294",3682.23591879722,453.327831887109,66.1134191313035,1.27385272808951,0.70038665263735,0.562706443810257
"Line_336",4779.41924416231,435.245295075468,69.4297430866533,1.2577017555788,-0.0284918938891333,0.562706443810257
"Line_3370",4426.01389619705,468.589007781831,70.0204210149379,1.3746006282244,0.700386652637142,0.562706443810254
"Line_3371",4492.48754980336,431.612605576851,70.3352666093698,1.25491146724305,0.298007862310851,0.562706443810255
"Line_3382",4455.07579787358,451.530864991057,72.3838464141126,1.27067392280717,-0.804348623638202,0.562706443810255
"Line_3384",3610.62304958931,459.021172632233,67.4909552683075,1.28962290123477,-0.804348623637801,0.661840304504883
"Line_34",4577.98840776619,447.845803829369,70.486017304255,1.27034659631294,-0.804348623638057,0.562706443810255
"Line_341",3751.09155110216,448.30636723323,68.3078842712941,1.27003530951328,1.76999621785381,0.562706443810256
"Line_3412",4660.12965679034,462.32906249151,70.6340353519474,1.29113647902047,-0.80434862363803,0.661840304504881
"Line_3419",5020.22481715045,453.21159371141,68.5823931125268,1.27437710126782,0.700386652637379,0.562706443810257
"Line_3461",5265.18997986168,432.773196123134,70.4576678033241,1.26026255799966,-0.80434862363811,0.562706443810256
"Line_3463",4698.81365103359,450.627916446479,72.0306288035108,1.26461521046129,-0.804348623638004,0.562706443810256
"Line_3490",4826.88025491207,450.783060817527,67.762669536723,1.2710324366854,-0.804348623637942,0.562706443810256
"Line_3513",3993.39052062778,448.988448117882,70.9900638945966,1.26917251141233,1.19134687069642,0.562706443810257
"Line_3549",3955.70031629492,453.344796435439,69.8954157998143,1.27354381416945,0.298007862310915,0.562706443810256
"Line_3558",4848.89645801615,444.499724383003,71.7337273826725,1.26415888168418,-0.804348623637989,0.562706443810258
"Line_3559",5042.13364631031,451.821953093359,69.9532688312415,1.27179766060252,0.700386652637503,0.562706443810256
"Line_357",4375.42054914429,475.970756584181,69.1528401937962,1.38687080165692,1.19134687069651,0.562706443810255
"Line_361",4175.7309364618,433.499333717507,70.6746868033611,1.25952407447391,-0.804348623637856,0.562706443810255
"Line_3638",4602.0476166525,442.951789891806,70.8920287766672,1.26591583680338,-0.0284918938894614,0.562706443810256
"Line_3644",5015.87681393296,435.95729705626,69.4594190873386,1.26084136558021,-0.80434862363782,0.562706443810258
"Line_3665",5061.10080798832,440.359604016591,69.4042720746739,1.26300589760022,-0.80434862363761,0.562706443810257
"Line_3744",4385.34244345692,450.480654231095,72.4282161160919,1.26977006548173,-0.028491893889118,0.562706443810255
"Line_3785",5104.2717871107,450.842176052901,71.0387651879766,1.27038155221639,-0.80434862363787,0.562706443810256
"Line_3792",5027.00533389219,442.232409259924,70.7276514459975,1.26602289566972,-0.0284918938890326,0.562706443810256
"Line_3826",4953.24709364194,467.262968129795,74.0466651407379,1.29610246210228,-0.804348623637685,0.661840304504882
"Line_3842",4071.67125672388,456.343935758407,70.4252454024018,1.27727449239745,-0.804348623637548,0.562706443810256
"Line_3847",5635.13274904394,460.212412923693,71.4916775335285,1.36766093839492,-0.804348623637793,0.562706443810257
"Line_3901",4464.34660433797,454.325266576651,68.3404061372231,1.27249256058189,-0.804348623637726,0.562706443810257
"Line_3910",5653.71976841613,459.637336756807,71.4163740164975,1.28892510797516,-0.804348623637722,0.661840304504881
"Line_3924",5774.46067943609,437.883410119703,69.5410173109944,1.26123672919984,0.700386652637284,0.562706443810257
"Line_3959",4240.92667648063,444.555056287849,72.5768368476646,1.26617430648315,0.700386652637472,0.562706443810256
"Line_3961",4292.15319152385,439.708481881197,70.525473503739,1.26267136568363,1.19134687069642,0.562706443810255
"Line_3968",4821.88903897379,476.012335130324,72.0901349312222,1.29728171592959,-0.804348623638064,0.661840304504883
"Line_4051",4725.60014830701,479.357583943878,70.938173886515,1.3005662106349,0.298007862310812,0.661840304504881
"Line_4134",3766.30857781093,457.061893863781,69.5633429382721,1.27442343074178,-0.0284918938890593,0.562706443810256
"Line_415",3880.03050676225,465.757901442083,71.9219924681663,1.29327467354255,1.76999621785402,0.661840304504882
"Line_4211",4522.24969613699,448.893528489596,72.9267937979861,1.27260938937446,-0.0284918938888583,0.562706443810257
"Line_4258",3791.95150796182,437.196020598002,68.2556197667388,1.25922602813302,1.19134687069665,0.562706443810257
"Line_4276",4242.33885173379,450.1225498661,70.291707444239,1.27019684582879,1.19134687069673,0.562706443810257
"Line_4294",4708.00142186895,442.669149941153,67.9231198968528,1.26809989167477,-0.804348623637914,0.562706443810258
"Line_4350",4416.00361434003,428.835957233703,69.9771794201089,1.25635323738859,0.298007862311136,0.562706443810257
"Line_44",4151.33258755645,447.985746424934,71.3238810752401,1.27228232429994,0.298007862310857,0.562706443810257
"Line_4406",4148.00727437379,469.839643588242,64.5557167407427,1.37630640310583,0.29800786231118,0.562706443810259
"Line_4417",5267.30658438807,445.496919952916,70.4119772706875,1.26990309008663,0.700386652637715,0.562706443810258
"Line_4418",3601.78564789834,471.559971523204,69.569243169527,1.37752503549936,1.19134687069661,0.562706443810258
"Line_442",4627.21479173134,444.948843860001,72.0999966066767,1.26308559700386,-0.80434862363772,0.562706443810258
"Line_4427",4328.21097677962,452.881425712827,70.6235421791299,1.27186731204723,-0.80434862363802,0.562706443810258
"Line_4430",4951.78238140918,440.031921722942,72.0456375188504,1.26611722556659,-0.804348623637639,0.562706443810258
"Line_4443",3256.36343952865,461.743368109096,69.4734945491399,1.29066102160982,0.744677366503727,0.661840304504883
"Line_4502",4151.89759980825,448.467620988493,68.5922555502844,1.2672959116379,1.76999621785405,0.562706443810259
"Line_4558",5218.9195225345,473.825214691677,70.9006399062545,1.3862178930733,-0.80434862363747,0.562706443810258
"Line_4603",3954.31188361475,458.188363160785,72.0766643994678,1.27719787590108,0.298007862311039,0.562706443810257
"Line_4604",4764.87369810615,473.620567694169,70.5592860399986,1.38372761183826,0.700386652637686,0.562706443810257
"Line_4608",4524.45093952545,464.370781916628,70.3799213420315,1.28810586992692,-0.804348623637619,0.661840304504883
"Line_4618",4192.57181867982,453.610255572493,71.6696554071655,1.27253595165844,0.700386652637369,0.562706443810259
"Line_462",4057.30541347062,436.69530050254,68.7463920671464,1.25918466637461,1.19134687069669,0.562706443810258
"Line_468",4501.59945698591,450.754010418181,71.1774850648563,1.2667297468122,-0.804348623637817,0.562706443810259
"Line_4688",2751.0174501376,466.454233165044,70.7255372749154,1.5693780183562,0.298007862310964,0.562706443810259
"Line_470",3938.47348332921,439.728445257225,70.931534075828,1.26181672325046,-0.0284918938889418,0.562706443810258
"Line_4717",4871.11626133644,441.568543050772,70.3880888748216,1.26211508939775,1.19134687069647,0.562706443810258
"Line_4735",3846.88365255829,445.547986394842,66.5011419541229,1.26570001465378,-0.0284918938889666,0.56270644381026
"Line_4758",4217.90356340544,447.313085712013,69.0022802431551,1.26979804891559,0.700386652637542,0.562706443810259
"Line_4770",4514.89926109856,444.298997788835,70.3341854000142,1.26907013354491,-0.804348623637896,0.562706443810258
"Line_4796",5110.34810418667,440.066781706595,71.4589049178581,1.26159098495991,0.298007862311161,0.562706443810259
"Line_4808",4969.89992304593,449.633150779736,71.6303533613447,1.26923137229471,-0.0284918938888776,0.562706443810259
"Line_481",5290.54077570148,466.771380118764,69.3386177138121,1.37419023113601,-0.804348623637765,0.562706443810259
"Line_4816",5850.32934117219,449.546831452342,71.1751698418226,1.27172109007134,0.700386652637522,0.562706443810259
"Line_4844",5158.34240622649,451.107236425198,69.7114771648711,1.27243740872171,0.298007862311107,0.56270644381026
"Line_4867",3481.31367228976,451.25620690193,67.6718070658258,1.27037816029399,1.1913468706966,0.56270644381026
"Line_4871",4227.00062729525,425.939531090131,69.5755733499358,1.25289819007176,0.700386652637734,0.562706443810259
"Line_4888",3549.62842989936,447.95744222095,66.7208562828141,1.26877034926424,1.76999621785396,0.56270644381026
"Line_4894",4619.71228543474,473.603113326273,69.0999363001782,1.3016274593194,2.21404701366019,0.661840304504884
"Line_4916",5022.65550609786,447.002176358517,70.8063359182825,1.27113079739826,-0.0284918938886235,0.562706443810261
"Line_4925",2664.62556479669,464.387275822636,68.9253213183487,1.37332301038484,-0.804348623637712,0.56270644381026
"Line_4938",4140.40874493178,463.37515996993,70.4363274253694,1.36945051491153,1.19134687069648,0.56270644381026
"Line_4941",3517.48051927549,475.214302114501,67.9217497121619,1.29986998716229,0.700386652637551,0.661840304504884
"Line_4961",4998.64887359686,455.919512760101,71.5297108770697,1.36459012122735,-0.804348623637614,0.56270644381026
"Line_4977",4378.75734628264,448.699800867359,70.343582507481,1.26946877549679,0.70038665263764,0.56270644381026
"Line_4979",4841.04319886488,447.560145837958,71.1154304892994,1.26865544529976,1.19134687069662,0.56270644381026
"Line_4981",4152.93717093637,475.485127710034,71.8130336979111,1.30208880404823,1.48067154427533,0.661840304504885
"Line_504",3841.36842464212,434.219400787115,70.2086575462819,1.25751560035781,1.76999621785393,0.56270644381026
"Line_507",4329.8959802148,459.425963545915,71.5247407171281,1.28740914078159,-0.804348623637584,0.661840304504885
"Line_5101",4088.45032929292,445.895581374019,70.4180278880558,1.26805607356433,0.298007862311172,0.56270644381026
"Line_5156",4602.26617640128,463.797864578876,71.6564290965345,1.36902808390512,1.76999621785398,0.56270644381026
"Line_516",4534.56780048055,460.855423878662,69.322435640128,1.28953782226823,-0.253170380663151,0.661840304504884
"Line_5182",4792.80347885529,466.610660876124,68.7249092532997,1.37509929454496,-0.0284918938888915,0.562706443810261
"Line_519",4402.23762481664,447.48915403155,68.4240110051471,1.26631498882508,-0.028491893888878,0.56270644381026
"Line_5191",3002.52124673274,441.541266517668,69.679676377487,1.26167058050042,1.76999621785386,0.562706443810261
"Line_5210",4617.54875304416,446.830589891397,72.4900697683451,1.26684802883263,0.298007862311111,0.562706443810261
"Line_5219",5037.80290507365,469.890433021187,71.4127080823479,1.38057754426264,-0.804348623637501,0.562706443810261
"Line_5228",4706.64330257761,443.652818228667,73.3021127658757,1.26166126457432,-0.0284918938888431,0.56270644381026
"Line_5246",4282.07116720974,457.551436340655,69.7521229189479,1.28885177453319,0.744677366504006,0.661840304504885
"Line_5256",4403.2358767811,484.303198429277,71.4824010913424,1.308079333716,-0.028491893888859,0.661840304504885
"Line_5264",3654.76576200837,445.623536056579,68.0913079438935,1.26766402773127,1.19134687069677,0.562706443810261
"Line_5330",3944.51460080564,455.160883261531,70.0054762383741,1.27316756798745,0.298007862311258,0.562706443810261
"Line_5347",4525.50047353859,466.05494782238,70.3194800282684,1.37986022013821,0.700386652637658,0.562706443810261
"Line_5357",4885.06708617475,442.316945974069,71.1914172819788,1.26321513651187,-0.804348623637706,0.562706443810262
"Line_5415",4094.29002192427,441.788093593117,69.7165602356356,1.26498471836029,1.19134687069665,0.562706443810261
"Line_5429",4525.99423339832,443.227162621691,72.3697545613965,1.26619241191577,-0.804348623637733,0.562706443810262
"Line_5434",3432.02425263149,455.067125098369,69.4384316976794,1.27663171950537,1.19134687069664,0.562706443810262
"Line_5452",4539.31736208562,440.803560792332,69.2608851371346,1.26149259026196,-0.804348623637712,0.562706443810261
"Line_5459",4060.1769878454,468.518663856264,69.3248456921828,1.3756471291158,-0.804348623637688,0.562706443810262
"Line_548",4751.76015091875,450.085245352654,69.1750044077615,1.27047552819184,0.700386652637624,0.562706443810261
"Line_552",4335.30977048696,439.531990055138,68.6779414021911,1.26283739534959,0.700386652637796,0.562706443810261
"Line_559",4311.13013228317,479.812453309551,70.1667996008891,1.30222341316082,-0.80434862363779,0.661840304504885
"Line_570",4475.01180800516,476.559376741256,65.5914404198594,1.3025273287182,-0.804348623637591,0.661840304504885
"Line_579",4397.59021055171,464.430254895896,70.4824070216587,1.37239457658765,-0.0284918938886568,0.562706443810261
"Line_580",4586.58543936323,465.036887622217,71.1529536627387,1.37168582191857,-0.804348623637508,0.562706443810261
"Line_600",3923.44057378248,451.90601786639,68.4928754135097,1.27024024155341,0.700386652637865,0.562706443810262
"Line_604",4706.30776826997,442.202752240984,71.662191742996,1.2606286265018,0.298007862311288,0.562706443810262
"Line_628",4927.30126002083,456.526484935718,70.0394241665494,1.27935736383009,-0.804348623637574,0.562706443810262
"Line_670",3916.93196903486,448.125444667154,70.4928839762665,1.26951916723391,-0.804348623637636,0.562706443810262
"Line_672",4517.00435996809,424.19931975446,69.3251855883325,1.25074081929738,-0.804348623637629,0.562706443810262
"Line_696",5226.0446203251,429.156854619697,71.3597366841479,1.2544590797087,-0.804348623637591,0.562706443810262
"Line_838",4734.92149042932,446.269030915145,69.5350687588989,1.26652279152246,0.700386652637578,0.562706443810262
"Line_852",3451.98075332187,442.456946886494,70.0994490969122,1.2629160048836,0.700386652637579,0.562706443810263
"Line_868",4611.39654399972,444.851035879284,71.1223138303515,1.26965803500527,-0.804348623637538,0.562706443810262
"Line_919",5214.18848897879,463.775799335423,70.8213695049998,1.29096737332845,-0.804348623637558,0.661840304504885
"Line_932",4826.6744628914,464.623933151858,70.1067425261017,1.3765304727516,0.29800786231113,0.562706443810263
"Line_947",4803.56392561066,450.015493398054,71.7247045000485,1.27339086734407,0.298007862311236,0.562706443810263
"Line_95",5515.11782081574,469.934836303664,70.8642241189251,1.37918852101019,-0.804348623637576,0.562706443810263
"Line_953",4983.61065999447,468.933591048828,69.4846359791848,1.29657127496908,-0.804348623637438,0.661840304504885
"Line_962",4442.15753951403,445.001531121301,68.4610334324275,1.26937503784579,1.76999621785396,0.562706443810263
"Line_4117",3465.2622955577,570.217179138872,65.7380312598248,1.38920802662082,1.76999621785363,0.562706443810257
"Line_1022",3578.3987298434,634.196287580074,71.5574946324924,2.1247472624929,0.567170994717394,0.567959563842365
"Line_109",4619.08593189853,652.222645740312,67.3309408514329,2.33829400047258,2.09724567207964,0.568369443277322
"Line_1092",3510.51658871444,643.234211228965,NA,NA,-0.837748332939652,0.568285474439921
"Line_1111",3568.20591091088,644.188430324033,NA,NA,-0.103631011405609,0.56809270065605
"Line_1127",3551.54464925952,620.246536874926,NA,NA,1.28571289573985,0.56730622357458
"Line_1144",3702.36755734967,645.398628167765,68.5720071013572,2.27287327795107,-0.79713634119881,0.568024522377047
"Line_1156",4012.57918175716,646.538223036374,66.9846603838283,2.26742530609967,0.579985072647556,0.568329175027773
"Line_1157",4522.23032210402,634.452449248591,67.6614111935689,2.16887403323854,-0.036776217866899,0.567574642992107
"Line_1168",4240.24750206101,604.9386461159,69.998485424094,1.87581680209853,-0.851989515140131,0.566925995447989
"Line_118",4462.97726046586,646.993814121954,71.84540642286,2.19467162438959,0.361936121975741,0.568432964777018
"Line_1181",4967.18085983567,646.041899452015,73.0909369939716,2.24611075198066,0.209347041987888,0.568326075686088
"Line_12",4674.02294417724,639.336599902747,70.558555159991,2.27755638687589,-0.839724363368365,0.567845617942199
"Line_1211",3590.34081536954,646.722204841738,72.0385842788757,2.30518370906509,1.27519070779159,0.567955990955824
"Line_122",3844.51148539997,649.134318872726,72.3009925661929,2.15771846748904,-0.807192828022955,0.568445975852804
"Line_1227",5105.4280307017,646.188724953107,69.2942994280688,2.25756414570995,-0.815123284365243,0.568270150495343
"Line_1229",3669.01193490809,659.122525733528,69.5309093391764,2.46695069302399,0.785249923624545,0.568534669957109
"Line_1232",4108.88318567815,629.748966158823,70.3686107537466,2.07785828664257,0.813639823920485,0.567817910024256
"Line_1250",5068.78399760504,644.103298646695,72.4833988629347,1.94926846274072,-0.834610946104919,0.567826874787189
"Line_1289",3858.86084974154,654.470486155757,68.0628315927148,2.33100051937193,-0.885590431845916,0.568466379776242
"Line_130",4472.53175636137,629.416482508187,71.7341085238972,2.083526217238,0.352481171045483,0.567588664047922
"Line_1319",4436.53390168462,637.066108891081,68.6408417789688,2.2128858428799,0.145934043304005,0.568203361353424
"Line_1351",4425.48305300189,1320.06408366818,70.4330543411204,4.03836887884197,-0.738471864461985,1.30011755934137
"Line_136",4240.30627412255,634.908797586984,64.0052217846832,2.10544811739179,0.206068893374151,0.568101550903037
"Line_1372",4414.48613815556,609.635552227289,68.0087861852639,1.88446393179358,1.25482844342746,0.56698704503346
"Line_1388",4682.11840688631,651.161297910668,70.6554664664363,2.34604395429154,-0.805770431469914,0.568343870432996
"Line_1392",3387.82459752649,622.623734730621,NA,NA,1.25641655341582,0.568047735822874
"Line_1395",4755.37859780551,659.758777824522,70.0057824670519,2.5709284137322,-0.873867052171043,0.568220745551541
"Line_1397",4579.61317500509,661.602284623285,70.126646748281,2.6497807659772,1.24777702676601,0.568081263097977
"Line_1410",4362.71519031164,609.73612491764,71.3297532107817,1.89127439603918,2.15044005921557,0.567305709579309
"Line_1439",4169.86570852005,635.613049242662,73.5901931522278,2.2297220568916,-0.828493981458132,0.567760985287237
"Line_146",4268.9850202163,640.411742164934,71.0840549887083,2.2149311774968,0.210338112866966,0.567994591537417
"Line_149",3614.62466038186,622.224122480856,NA,NA,-0.834513297090433,0.567484323733881
"Line_1494",4378.84982019899,624.523719819167,68.2697802133088,2.03675449937472,-0.832700669932113,0.567563280601057
"Line_1514",4293.40120743362,623.206970041667,69.2523603425597,1.91379259324599,-0.07392109143932,0.568298265714911
"Line_153",3977.06728047004,644.958079869085,68.717491212302,2.24092626682058,0.575456567966402,0.568105900687056
"Line_1540",4164.4078456873,642.784461140575,NA,NA,0.167969641438463,0.568129949583565
"Line_1546",5121.62904247847,643.379417452316,69.3191032552068,2.26392111772697,-0.818117727684844,0.568365327752153
"Line_1574",4467.38943179498,640.371338078425,70.6907536689123,2.24791331116838,-0.0642058027518861,0.567511787500268
"Line_1594",3655.9380350456,641.597625762007,66.2511556251462,2.27088639174714,-0.820548891504645,0.567807352512976
"Line_1611",4091.81600375737,649.677922776402,71.2813238869291,2.35855281955134,1.25667611805256,0.568470677893833
"Line_1631",5341.54339308169,648.496873676873,72.7639535809874,2.38157279398963,-0.852285719436093,0.567909153864571
"Line_1634",3302.78733545261,624.088150773289,NA,NA,1.23506725284792,0.567337413936408
"Line_1658",4196.36734879296,651.60321949892,69.870947194647,2.30128770929294,0.733144043336719,0.567908317851406
"Line_1666",3982.77186599486,644.012630784062,74.0196053760658,2.16467697690069,0.569423730744777,0.568466814104637
"Line_1674",4556.65519728984,649.507026590961,71.9719615107432,2.37510547033492,-0.0581799141574645,0.568233685045666
"Line_1698",4259.58925251879,643.869243392462,64.8553701878574,2.22516298948756,2.14052717810157,0.568127062037288
"Line_1719",5036.1586799353,638.075839000885,67.5063500193961,2.19823853455117,-0.0752718352712798,0.567333107621492
"Line_1720",5376.70059209451,624.908010019588,72.7073835287664,2.05228002478561,-0.815116606433465,0.567303012314426
"Line_1727",4341.36324729308,645.098193390765,69.686376853131,2.2662132995304,-0.826495768971038,0.568245891527405
"Line_1742",4071.33074763284,625.731143436081,67.3602597403909,2.03925039025123,1.25406530822704,0.56780096987303
"Line_1754",4715.04799076844,645.962184806798,70.9924517820322,2.29960621322118,-0.812356447104365,0.568033667872072
"Line_1771",3398.45650652776,633.008959735967,NA,NA,0.535890159369294,0.567987357466147
"Line_18",3781.09094110085,624.876915244141,68.4823954464549,2.06464170979902,0.333888540202912,0.56806957280715
"Line_1848",5061.0556700111,661.270101262244,74.5908046009509,2.57511674003111,-0.852105384957806,0.567856443780007
"Line_1885",3698.48138126206,606.547827754325,NA,NA,0.31541259080936,0.567338542530314
"Line_1894",4666.54600719788,652.166787818797,69.8870119758077,2.4471926088171,-0.815531083545197,0.568068764219667
"Line_1902",4189.61513967001,642.898156133661,69.8240153022775,2.12140200473305,1.28232864742349,0.568015980297972
"Line_1928",4026.30735604942,650.551025117317,70.7063486137047,2.40419519680661,-0.840175437932656,0.568304360579566
"Line_1936",4737.4793424195,634.684145483432,71.0549591755911,2.12717035306485,-0.834574501185479,0.568166747627458
"Line_1937",4490.46269174915,623.750361144738,72.0921502304836,2.08677511757673,-0.101546487407574,0.567305099341275
"Line_1957",4721.44038560455,625.720467225417,71.3643956996697,2.04783564505602,1.26634086224044,0.567128168721297
"Line_1991",4348.65956919574,627.797085620509,68.3611136616203,2.13809318851002,0.768736549392515,0.567369588724302
"Line_2",3834.51002573054,623.455148567371,71.4638002963299,2.04798517667542,0.561610451150334,0.567240193424418
"Line_2061",2813.07604272408,648.910845790191,NA,NA,-0.817022011016655,0.567895682355788
"Line_2066",4507.44202888944,645.993115504193,69.0992196976482,2.249318914633,-0.819693206874928,0.56846609639407
"Line_2073",3022.10108718611,600.253619725082,NA,NA,0.813808643240298,0.566888964575194
"Line_2090",4022.56265466839,652.033882006709,69.4416796158348,2.3756835563626,1.27852386367961,0.56825548326908
"Line_2111",5137.56680175193,643.284529004389,68.9413442603307,2.10605360560288,0.548794473253357,0.568372787444199
"Line_2125",4658.16994535508,636.912053694917,71.1904056343037,2.21507783421411,-0.869720578833536,0.567918971762255
"Line_2137",4099.58420308787,631.844803204512,68.9685692113746,2.07079011197249,-0.0584425211432515,0.567686450800933
"Line_214",3579.34350859776,636.981992002098,NA,NA,0.531669102022306,0.567605462233413
"Line_2140",4789.50922054472,645.906909819269,74.3072234818196,2.34181924272841,0.317389383132646,0.567592841352
"Line_217",4473.90685361943,642.833170564565,69.1635533058978,2.26005441265703,-0.8196495509166,0.568356589619659
"Line_2170",4942.75486792213,636.654031948269,71.4096011585865,2.09463961676359,-0.0719897274297017,0.567771607999752
"Line_2173",4437.94886135346,640.493691903652,71.0464800140818,2.2316340230094,0.175049819434724,0.567660807856546
"Line_2246",3916.33185895531,628.404785867103,68.7311882066593,2.03391109767584,0.573457898261132,0.567594616468899
"Line_2299",4308.10698532696,633.376976345271,69.0869147314043,2.13890038139376,0.359770774891677,0.567731834079656
"Line_2317",4249.11318505799,640.1563943977,69.9462485611064,2.2210654161901,-0.83308791894185,0.567786841981002
"Line_2329",4138.32737527635,652.781605317336,71.4634156095173,2.49846266404532,0.167840106533329,0.567768230053281
"Line_2351",3692.7639226724,644.693055185551,NA,NA,0.80654100108407,0.567911723407782
"Line_2353",4854.24811109095,651.648729744314,69.5786590189457,2.43295893620582,-0.806767455750252,0.568050546573327
"Line_2381",4074.20215223717,638.005270217889,72.5836010646358,2.14341392000939,1.25032846017869,0.567675991030462
"Line_2411",3878.39617840087,656.215393880768,68.4524043009564,2.4297043270247,0.31140725509463,0.568435178961329
"Line_242",4203.54099717987,626.120554296901,73.5697268746139,2.06437960161005,0.365974043076938,0.567610246895532
"Line_2428",4607.72197252038,657.037703255111,69.4051467852519,2.39842449649042,-0.850985970887752,0.568553081137247
"Line_2441",4100.15530528754,623.868963374441,70.9531420599897,2.03318525102484,0.365386365368821,0.56795052000214
"Line_2476",4006.22883771382,637.097133347738,70.2948611836914,2.09326078739265,0.583979416942898,0.567750847912521
"Line_2554",4631.9236420257,632.443966147738,68.9866015129647,2.1973811778808,0.32342479727998,0.56739324594957
"Line_2557",4331.21687864226,604.416606320447,72.1639993112434,1.73935981660815,-0.840974835348605,0.567293948632212
"Line_2572",3400.37137650444,647.125662717986,NA,NA,1.25478575985297,0.567614052385036
"Line_258",4220.0448770215,633.047155285922,71.9727584098016,2.27521919237975,2.14356748161006,0.567575898752563
"Line_2588",4960.9800205714,653.598068675713,71.2501643663499,2.42839598653095,0.344211888254472,0.56852426047845
"Line_2617",4707.146873483,622.986881443505,71.8084133797098,2.0125816902676,-0.841887751625645,0.56732432722566
"Line_262",4301.56237671414,643.304730206116,69.4464802119229,2.14120249176953,-0.0372765883012184,0.568086433072481
"Line_2661",4543.48897247412,645.007065821052,73.4937232421098,2.1125387687801,-0.117722584792207,0.568150649844682
"Line_2673",4260.26178934868,653.654332043976,69.5648207900982,2.4657462249972,1.27399826248612,0.568234747521299
"Line_2676",4189.60509651149,647.686585899737,74.6340812055292,2.53113203947682,0.209796854936137,0.568091558122952
"Line_2716",4130.75287447827,625.430147175558,65.7802191082161,2.0196362808813,0.217383847232943,0.56773516919201
"Line_2771",4538.36260622991,611.266378891193,69.9230503849216,1.90090180205997,0.778010816117202,0.567287760417678
"Line_2786",3441.38771559359,641.033643536401,NA,NA,0.572419734668569,0.567982729820541
"Line_2817",3971.04486276136,635.566986053757,69.1274604950366,2.12923643515244,1.24814074665564,0.568416912762711
"Line_2819",4092.69210744811,644.082595004502,71.0591304707686,2.28328042392864,0.559137367738431,0.567926238695399
"Line_2842",3892.69647993728,632.460082778761,NA,NA,-0.0803121522993946,0.567782157243173
"Line_2850",4855.69126912357,645.159753796022,70.831088333313,2.33036782281312,-0.819908050985742,0.567980851951934
"Line_2854",4516.24171604824,643.003967166152,71.9252537775658,2.20141647839726,0.183694039865131,0.568052267457186
"Line_2881",4636.41386387437,619.018459205524,71.1116350242408,1.93815004845113,0.80378376985619,0.567677602283969
"Line_2892",4774.6682922158,647.763995631351,69.7581282505558,2.42708488184204,0.566611471960793,0.567423824138067
"Line_2893",4082.84276368844,658.914706285705,72.7128783004732,2.41489682641774,0.219603237727613,0.568695860840603
"Line_2901",3838.86575615005,638.426054075132,69.8880092805605,2.22510963116322,-0.815020893012137,0.567561761249055
"Line_2906",4789.15047546664,659.091035863917,70.5373188514324,2.54680574557937,-0.809003714816353,0.568144554714065
"Line_2907",3654.87472379657,617.631534380655,NA,NA,0.766029061643153,0.567525431134271
"Line_2911",4895.32737272617,650.799366850799,76.4152766812738,2.40021123454445,0.195609654016318,0.568509391406678
"Line_2931",3903.71791772261,642.040262771408,71.3247449875278,2.30984588723855,-0.88327024565343,0.568026484943795
"Line_295",3985.07647615101,653.64529718004,NA,NA,-0.855946554278191,0.568081572831276
"Line_2955",4562.1834771499,649.966374671958,70.6983651120363,2.36956050676617,-0.863911928729547,0.56806969414359
"Line_3038",5576.89066258971,627.741109840413,69.4000578505162,2.07489442693172,-0.078923282698669,0.568094225179948
"Line_3053",3576.5831512909,649.970170539696,NA,NA,1.28446438993565,0.568513463732354
"Line_3087",3763.86680816254,632.796668009651,NA,NA,0.349654207506115,0.568154839667951
"Line_3100",4948.86203215154,647.591131142153,69.6577955055636,2.32848771828396,-0.824132069852772,0.568003983093446
"Line_3139",4296.09042517234,641.725626316571,69.5305235904405,2.26654266183254,-0.828796262954862,0.568499365508911
"Line_3223",4313.08929350556,634.097695434167,68.2017961727844,2.14088752603568,0.531138521219498,0.568327116824294
"Line_3226",4251.96187576969,650.815053509398,71.9036296961229,2.33023670783347,-0.814547568291069,0.568206232300427
"Line_324",3174.65495655129,627.453597598692,NA,NA,2.12460075604179,0.567272971015138
"Line_3249",4576.03779424366,642.798521696195,71.6427602207721,2.29586410119703,-0.813746459048362,0.567664940372816
"Line_3251",4218.60986088297,619.766458891373,65.7335540353119,2.01177657512074,0.803609084371704,0.567652688289104
"Line_326",4081.38639255834,609.752965475941,67.714419008748,1.8812308105263,0.381073986406319,0.567536362323413
"Line_3298",3410.20447816352,630.791664989092,70.6799964059388,2.09210507655682,-0.038349532122757,0.56777522024054
"Line_3300",3134.14527480724,631.423652268366,NA,NA,1.25867885795342,0.568277803873224
"Line_3331",4471.77440471329,652.787380735546,73.6325454996505,2.56428220496506,-0.844340147729632,0.568247430495273
"Line_3358",4436.75900237606,652.810380406758,69.8284940263842,2.37639315399402,-0.88862209587423,0.568493006517711
"Line_3378",3013.70742412563,634.772552033726,NA,NA,0.539915662167631,0.567371184653421
"Line_3380",3742.17008416051,622.167475808427,NA,NA,-0.836422483233407,0.567783879732251
"Line_3388",4494.53102255837,646.397645602027,68.7182246948161,2.31330960420601,1.29479056668632,0.568068444574003
"Line_3410",4258.53880246055,645.452961174772,70.2220847782063,2.28137768864667,-0.794607496027212,0.567897263898737
"Line_3436",4585.92430501574,632.408804646356,68.9429002508323,2.12799967833936,0.799866168855243,0.567388258784658
"Line_3437",3534.69759591711,624.222014559193,66.1200566472163,2.06375894734154,0.57232268575856,0.567387954735523
"Line_3439",4936.91180513569,632.992232182765,69.4982824388842,2.18389694255962,-0.803786875114347,0.567758378123899
"Line_345",3414.14837296136,619.177279724807,NA,NA,1.26381856819047,0.5674899517956
"Line_3453",4463.09231060572,654.381518762169,71.5871059653344,2.44452341564446,-0.858338143658834,0.568196271170834
"Line_3467",4229.95430619691,641.881081460532,66.8471373366926,2.25036379314157,-0.832578063974175,0.568420744139738
"Line_347",4715.60208249414,647.586006250182,69.076338393678,2.40749960078468,-0.887211526741382,0.568009406539725
"Line_35",4354.87286872794,656.852548748686,66.9793712079077,2.51040417038912,-0.813048107672313,0.56844753656082
"Line_350",5190.96676528073,658.565664628316,71.1835865717745,2.42537257726012,-0.0509118414586071,0.568657938902118
"Line_3504",4576.88411949948,634.721132742564,73.9041493672263,2.1739495457247,-0.0514647587907233,0.567395472264403
"Line_3511",4446.69783723077,639.547801972748,72.6160578764532,2.2188364587019,-0.830623347051046,0.567626043104001
"Line_3517",3716.74249081925,642.97249978211,67.5584719776855,2.30114160314629,2.16231218886823,0.568335959478009
"Line_3537",3450.25341159204,622.559076845982,NA,NA,0.336071742602699,0.567018700134388
"Line_3541",4581.55398723386,649.165272849266,74.3365844234562,2.32485070925463,-0.853321882498626,0.568572078722522
"Line_3570",4546.23928478959,615.431337512027,68.9870657375612,1.92967292388282,0.216328897981435,0.567462131625627
"Line_3578",4017.43284279166,637.025084680458,68.3182916564495,2.21350810713702,2.11119792517001,0.567708272492872
"Line_3601",4063.38785245707,638.621942483028,72.1371985594749,2.18712044431353,-0.83456304743039,0.568040652563004
"Line_3624",3920.09732836652,639.169533300395,68.6376794943308,2.22881024998629,0.568813880565625,0.567597361070612
"Line_364",4413.99935772802,648.627947466252,75.6830009991851,2.47490498322007,-0.833051558495023,0.56790394594219
"Line_3643",4322.9934109755,636.023373621592,70.7853958899841,2.21088299257667,-0.868654708049297,0.567896310175154
"Line_3650",3646.45739185721,652.705933688806,70.0723474349292,2.42496310166544,2.1174656029301,0.56801017234591
"Line_3661",3513.57673139248,665.72126997302,67.1828507805262,2.65595912154224,0.56930540430435,0.568613023725386
"Line_3666",5683.02197931577,627.915868311686,70.1591953782711,2.06386506387316,-0.068083251277286,0.567167482878187
"Line_3676",4394.81522609976,653.311952054347,68.0064477382639,2.30867418888748,-0.847526211132743,0.568188476802435
"Line_3692",4937.68427648363,637.533810601104,65.4429133125872,1.95154289959526,0.509388781643543,0.567837222215506
"Line_3698",5232.00200008623,652.665358081538,68.8893982328154,2.21861900465771,-0.847342796483134,0.568426273782717
"Line_3699",4038.20168063138,608.32246657881,66.2806762585813,1.87859150511069,-0.802771284776927,0.567110153497923
"Line_3720",5622.17246531603,630.221249025754,69.3351500574782,2.13087929602869,-0.849712991692847,0.567800857853306
"Line_3738",3770.00758581501,647.495855849738,65.2628885493769,2.36265084110179,-0.802039348286366,0.567880248395632
"Line_3846",4508.1641349575,635.114851666525,70.5491700354104,2.2073267563472,-0.818767725959093,0.568124114022561
"Line_3861",3918.88474341302,655.217882003248,NA,NA,-0.0668783367469904,0.568258964375921
"Line_3864",3377.57363383145,606.407167447955,NA,NA,1.27047590655675,0.567113513358597
"Line_3882",4088.60385505661,648.251814089534,70.7640595914683,2.37588693749987,0.55598415923304,0.568070841779525
"Line_3911",4048.41349176716,658.250192345889,70.8030101205176,2.52465227352657,-0.815391472611825,0.568532492471513
"Line_3915",3189.92616018758,617.493270640772,NA,NA,-0.0734324448099755,0.567419965289078
"Line_3947",4505.04816502968,609.948382829619,73.3914823674833,1.89369083309832,-0.836172867416606,0.567533928365784
"Line_3950",4957.63824874461,638.26320195602,66.6361052741149,2.21255727293078,-0.816599269572439,0.567880811885667
"Line_3980",3904.79181516813,631.524019302555,68.3703121471909,2.16609564023853,-0.829733421662996,0.567428422436729
"Line_3983",4586.42289493269,620.748258336269,69.6366514416247,2.00875484125784,1.24866551009049,0.567522785546185
"Line_4004",4033.59793083954,639.211936027519,NA,NA,1.2655710969921,0.567346367530121
"Line_4021",4382.037818233,646.777761663497,70.937050084024,2.32639915783917,1.27704645132713,0.567989981834593
"Line_4049",3742.86750954507,625.785782104353,65.4301916943785,2.04896907427618,1.27712185772888,0.567841263566841
"Line_4091",4982.21064358569,651.395639509271,70.2453584256328,2.39031321618656,-0.816740342225425,0.568419439269914
"Line_4099",3930.8694730098,647.36314111797,70.0111886388995,2.44578736940504,-0.0444086285439184,0.567652158881223
"Line_4100",3923.96892508253,600.422416976806,NA,NA,-0.843087580195056,0.567495546573414
"Line_4102",3668.54993651295,629.137573826373,67.7055432133866,2.1723152907084,0.760453317959617,0.567726069398809
"Line_4114",4192.97577276394,634.991648497499,64.5108852376099,2.25365936847362,1.24335195422125,0.567320124064474
"Line_4122",4017.52113857218,638.589435140471,71.0662739702575,2.18082343434504,-0.820511147567988,0.568262177986552
"Line_414",4301.58488341545,628.53063418714,73.4341181150001,2.05850567994436,0.780767671607866,0.567954752007577
"Line_4174",4545.62985296997,626.658308587593,70.9368678303406,2.12073701370705,-0.821516069013593,0.567486961742387
"Line_4213",5006.59044456357,654.033057540017,72.3630599175597,2.41380283917658,-0.0715956435094071,0.568383108382652
"Line_4241",3927.89683035023,649.797671481949,NA,NA,0.506356664583976,0.568037680414674
"Line_4263",4394.79359006676,653.814315913881,69.2491605527665,2.44470385668311,-0.82382547373898,0.568247530944386
"Line_427",2980.00009465209,613.432394817849,NA,NA,0.802428692479984,0.567131674091628
"Line_4278",4662.51861379774,624.730583146291,75.1194484664386,2.06436760373903,-0.82679106977758,0.56787763388831
"Line_4310",5265.74938723261,618.137770413472,69.6083405433442,1.73135203294091,-0.85989687358386,0.567311727923334
"Line_4316",5013.31457964413,629.356289903623,69.1710305076119,2.10756530278493,0.357536269592386,0.567915315627276
"Line_4324",4564.46622792884,642.197777929242,69.5586729870039,1.89904493492059,0.758080190532141,0.567905842689895
"Line_4326",5022.82156713458,636.788086154208,72.3744028549338,2.12070642192395,-0.82747432746561,0.568037638056893
"Line_436",4486.7280145429,611.893943191504,72.7274711304582,1.82802489482227,-0.863834022017883,0.56735288705817
"Line_4412",4342.74894595378,645.141486527579,72.5323773679903,2.36320425970288,0.829264144508563,0.567842332329366
"Line_4416",4089.50003058846,653.202856822122,71.076556649477,2.40025519114998,0.76317238580471,0.568315414116083
"Line_4467",4263.31786217123,639.315756566661,72.154302707903,2.25310236069967,1.26912496150575,0.568316414358626
"Line_4474",4742.93356505158,644.831559775854,71.4518494890112,2.3925753154044,-0.842608907436568,0.567978895280117
"Line_4497",3791.51293507257,604.874837145119,69.1726204858328,1.89951966942975,-0.0632541985803983,0.566893447771925
"Line_4531",4130.84887167934,621.135461990724,68.7176690384979,1.99952942704064,2.15540103429614,0.567816397421484
"Line_4532",3375.53418215282,631.368413605309,66.6276547055406,2.18577951756533,1.29080813478987,0.567186534040738
"Line_4537",4029.9385322735,645.030280748018,69.6579940982256,2.22953112361733,-0.0337295010183167,0.567835268663244
"Line_4552",4098.38464438386,638.817320846582,67.7753782113707,2.21668614440136,1.28544562132483,0.567871994193231
"Line_4567",5152.74849251202,642.238784213424,71.0013672556824,2.28557198398256,-0.826917398605541,0.568373786400312
"Line_4574",3531.02227548417,644.294716348485,68.7245619741828,2.40851912582912,-0.819658065728197,0.567371109445525
"Line_4579",4412.45291592401,626.15334939683,67.4723626949116,2.04825538213059,-0.826081610684525,0.56763514102235
"Line_4591",4800.61864093216,625.752908151064,70.4317301976282,2.08458108366736,-0.841279309190118,0.567866310869132
"Line_4598",3306.0348374185,633.10574227688,NA,NA,0.168227076186158,0.567947781571501
"Line_4636",4381.93686286303,627.881801989869,70.1926437515102,2.08559168672655,1.26630576621163,0.567798270778634
"Line_467",5643.06554911224,647.740261840688,71.4082925841838,2.32782028276326,-0.826373989954175,0.568150756121592
"Line_469",4014.50286478237,635.598057694818,71.9684643451081,2.12379928139847,-0.0820968796948737,0.567929370331196
"Line_4698",3931.09914549968,612.954896222264,69.1862449251503,1.92486150123755,0.532010041531564,0.567457088329602
"Line_4700",4241.95514732715,598.116445997441,70.6808092270434,1.79022192442628,-0.084875322789545,0.567022089374443
"Line_471",5492.59754941383,644.814814777523,70.5637221825382,2.29310883831316,-0.846139204456105,0.568224324213866
"Line_4734",4838.95747970786,640.84701944652,69.5040076954456,2.22554395850389,-0.830713880798244,0.568074607171432
"Line_4747",4235.61446454578,663.4453915888,71.177371334782,2.62026641728661,-0.867750472556703,0.568753097073125
"Line_4786",4544.41124628843,660.5864845398,70.8073693440946,2.55323200795365,-0.858877587833989,0.567954225258422
"Line_479",4214.81585192618,655.009414404183,71.7647980055157,2.42686670440149,0.555837987807711,0.568320729178985
"Line_4802",3662.41397940682,629.187302438187,65.9853926938109,2.1447132794668,2.16716258156707,0.567859486308831
"Line_4836",3725.10365830408,627.124043141436,70.7844309753591,2.02599514640764,0.814342699534968,0.567428004145306
"Line_4847",3958.74433778985,623.581826411196,70.9805722379552,2.03533789968667,1.23690717932366,0.567449489438601
"Line_4851",4816.52725841643,628.578756380161,71.3547699285602,2.09713968162849,-0.830600372682872,0.568052221201156
"Line_4864",4515.50346580635,655.827083681431,69.3835379440031,2.33869556839398,-0.83664879719983,0.568101166114162
"Line_4870",4273.1698631981,653.732176440921,72.203520504936,2.4395031449108,0.381765819202706,0.568218695297224
"Line_4886",5128.00428416739,647.03718129079,72.1286026404104,2.34237438774884,-0.812026466483293,0.568304040980235
"Line_4893",4466.35268763599,647.455141097443,67.0843850954964,2.3841998122897,1.27393651126774,0.568299093550514
"Line_4910",4112.81776099015,640.945814407351,67.6522116839005,2.31633462390456,0.3626541280463,0.56748045140923
"Line_4923",3428.2446914313,632.277015030847,70.1967993026517,2.2288894936204,0.357830558647298,0.567550162146911
"Line_4926",4574.55205015706,624.832169878082,69.8498251928617,2.03955752130528,-0.0513689968899759,0.567439955085526
"Line_4927",4219.58554677469,626.958065236468,69.9395886527684,2.09717282768439,-0.0709134828832962,0.567748946341735
"Line_4936",3789.55004753412,625.538643582513,70.081420683897,2.05072094310986,0.801582844745461,0.567448943431314
"Line_4960",4574.93870051562,639.931197957949,71.666442507012,1.82150950832736,1.22980142939432,0.567754055019579
"Line_4990",5052.33806388247,643.706494125802,74.7971728621337,2.2423183526634,0.20931525537334,0.56788677749122
"Line_4996",5657.9658456402,631.161057156257,74.9938106328804,2.04605255666957,0.216781092685633,0.567957713299056
"Line_5029",3614.95343418999,616.471673921331,NA,NA,1.23533673735637,0.567099004426964
"Line_505",5615.34220803851,625.894172303352,72.4930882412367,1.93403477337793,0.185018839467216,0.567811762831304
"Line_5060",4032.57145295726,646.169718168896,70.9954539236348,2.02203247900652,-0.0782145013532677,0.567880779206
"Line_5069",4678.66508112879,630.581742143155,71.7849242938691,2.08847466349214,-0.859892668346026,0.567807538732132
"Line_5071",4492.41213353475,630.60367322924,71.5418482450618,2.07283631809389,0.372573569714002,0.567355368613975
"Line_5085",4037.52167636913,660.724911050508,71.5075732927767,2.55690931651485,0.366008225796275,0.568566028045939
"Line_5097",4338.68330684892,627.355557661256,72.753340809378,2.00664717817173,1.25910213186011,0.567678012954683
"Line_5107",4485.52421191353,642.341012959945,71.8864371097184,2.25665862700527,-0.81948100131191,0.568070429841849
"Line_5135",4882.22554710776,632.068110388283,74.1530004299062,2.10791129017676,-0.853408534930242,0.567729849262194
"Line_5136",4028.56340982172,650.275814320964,65.0571024105387,2.43831872028978,-0.813502000395441,0.568526140523667
"Line_5141",4356.8981717931,620.584466845326,73.3462325120189,1.96837349657644,-0.834708314317118,0.567353706744466
"Line_5147",4147.22871599274,644.727444950397,NA,NA,-0.118192565999326,0.568515926140813
"Line_515",4207.00960093763,643.893086052719,71.615620694562,2.34659695246105,0.555359653065468,0.567657429958907
"Line_5168",4150.11305587273,647.343001129254,68.003143973274,2.27136935963629,-0.833199193576054,0.568208947823826
"Line_5180",4007.51951205092,655.492560685374,71.6286606229592,2.45226740627929,0.749779927212157,0.568498054733588
"Line_5196",4085.85559484002,641.364670312315,62.7892805217858,2.39966222796242,1.25157267110285,0.567503340445028
"Line_5214",4038.48595033185,627.71395984193,NA,NA,1.21973288616203,0.567809757568442
"Line_5236",3604.42145219157,627.710747788824,71.6812277887859,2.11406944232962,0.214437586461268,0.567739929826438
"Line_5237",5019.46896060689,631.276749910174,73.2530329216702,2.03289161129435,-0.797896259961539,0.5681019519352
"Line_5244",3255.0227469643,604.291642049959,NA,NA,1.29829824970078,0.566883873811956
"Line_5247",4090.93825633933,660.949252655369,68.4619826181631,2.5863030750956,-0.881680256628197,0.568457406724381
"Line_5291",3382.73236311411,649.387937484449,71.7872524395226,2.34771974972357,0.208840429931283,0.568206349583252
"Line_5308",4188.33983758003,635.454716396673,71.6847084755241,2.10023045489747,0.171803502175319,0.567907647576805
"Line_5346",4175.63725215215,636.257119974564,72.7239965177336,2.15781451382723,1.26152608584452,0.56761175438394
"Line_5354",4317.14574106363,654.580772125128,70.6512537817816,2.5621773227357,-0.816754330509042,0.567716043300574
"Line_5380",4101.27380588495,647.043677676616,67.5577131875298,2.37316015463771,0.387755464252611,0.56824444733517
"Line_5417",5234.65021690698,645.89851808808,70.9454767289257,2.35965732316504,-0.824746116762111,0.5679786655052
"Line_544",5125.73064628646,628.327532117077,71.7880778509844,2.09514807967654,-0.8402836959855,0.567700343868277
"Line_5446",4078.84329659403,628.962583923066,68.9155458046245,2.04614961269235,-0.828237250984332,0.567839506844287
"Line_5457",3540.1526859585,645.767353412739,NA,NA,-0.800769187020472,0.567904687604528
"Line_5463",4496.94730661201,631.017628322123,70.8566835053426,2.07566022170217,-0.0791667652127526,0.567788764826963
"Line_5474",4636.05379038984,634.452123352397,67.7750387904322,2.14346719338686,-0.0739079817232456,0.567940218461186
"Line_555",5110.38740697075,641.006492668411,70.5202752852535,2.26026178337201,-0.824999090717479,0.56814686471598
"Line_557",4358.31101556533,656.316721087756,67.5164618058399,2.53492591427198,0.180675074540486,0.56815414307832
"Line_589",4034.40020108963,627.714427998889,70.0529849800219,2.09249888799208,1.24111721837492,0.56779289443247
"Line_590",3884.73966516682,625.916755795142,68.4724548878774,2.1809038806762,-0.0715347748227086,0.567470414417696
"Line_615",3588.06492195935,637.647941820987,NA,NA,-0.827247041770793,0.567808895063525
"Line_668",4802.71283442381,642.321853422351,72.8062096060251,2.30250221663422,-0.840861717144873,0.567455873965085
"Line_70",4968.77646725166,642.625838473171,68.9218927567384,2.24083629225369,0.552711131902017,0.568247649412535
"Line_707",3177.6774487642,649.301425864306,NA,NA,0.794137875804046,0.568167879223094
"Line_714",5356.05346050635,632.473676207675,70.5277224446498,2.05681061393199,0.327959576378392,0.568388882240969
"Line_732",4259.21111066492,634.195348919581,68.582275832297,2.22600085798837,1.23535612020878,0.567947892587545
"Line_735",4612.88131931239,619.009369853967,69.7449359275107,1.94899379947611,0.798458049393362,0.567583348462946
"Line_743",3857.65090858811,637.525749795655,NA,NA,1.24976043841935,0.567848764389842
"Line_779",5479.31686573707,637.058545870058,74.1901616739118,2.15342553104825,0.195944507569012,0.568406779409774
"Line_781",4023.08905843008,631.255978908128,68.417513467383,2.13886150530158,0.803203703743423,0.568083883987857
"Line_784",5322.16046137428,646.624741535157,72.0078137979975,2.31257420990265,-0.0978481211324143,0.568148724570706
"Line_799",4992.53044614838,640.866145917943,68.4210734437021,2.22308175976019,-0.85211150380194,0.568300167652978
"Line_806",3537.67107707247,640.146649495633,68.834967328768,2.24871680961613,1.27958765655415,0.56782956735318
"Line_822",4380.92014392524,651.719478511596,70.4531192102665,2.48121381065336,0.568784780462763,0.568055106986776
"Line_842",4447.42921401069,634.25418838389,70.3414062197757,2.16749560032974,-0.0794845039831749,0.567747367583126
"Line_848",3491.94996666835,659.435470941634,NA,NA,2.1002848149676,0.568268743925224
"Line_857",4748.40778856043,617.814689856861,71.305974228269,1.96591741257231,-0.818637644174391,0.567504119809392
"Line_869",3281.81377543142,622.613111946104,NA,NA,1.27518040007202,0.56706482301381
"Line_872",4847.62990338522,644.765658718955,70.7459116147054,1.89749389883684,-0.103659242513339,0.567791371286178
"Line_892",4416.44161515634,627.182770628656,68.512138683566,2.03388596742389,0.554006743732983,0.567381635773774
"Line_903",2967.48266054862,619.422980388513,NA,NA,0.32369442792938,0.567386938923904
"Line_925",4407.57840053176,648.504939584409,73.7593867770578,2.39203131949957,1.22658847027924,0.567858037400026
"Line_982",3707.35411792401,647.991736430655,NA,NA,1.24689806456697,0.5680882212523
"Line_985",5144.90192760369,652.197469248934,69.4844084545123,2.53418660786084,-0.851632586258809,0.568418878359716
"Line_1040",4058.55564034644,545.030302631039,70.765729347972,1.20687637753851,NA,NA
"Line_1046",4708.18131736187,536.730222290739,70.6033679642787,1.19527528884776,NA,NA
"Line_1049",6203.38639286696,551.824752824327,71.6728341641036,1.21568402863682,NA,NA
"Line_1050",3980.97643134882,545.613835693582,69.7905501227865,1.20724935821577,NA,NA
"Line_1054",5052.45076824666,552.740045526796,68.4820107662774,1.21572194266568,NA,NA
"Line_1073",5920.95717722612,544.349292592349,69.1921671900979,1.20612252343194,NA,NA
"Line_1085",4763.67740772907,551.153176855906,72.0168483170821,1.21403464050609,NA,NA
"Line_1095",4136.73412728818,550.260285180364,69.3720723741374,1.21325077330627,NA,NA
"Line_1097",4744.00229608036,551.448755871159,69.9220851026571,1.21485953091588,NA,NA
"Line_1108",4066.21622919837,553.855967267555,66.5429828019621,1.21815242551821,NA,NA
"Line_1115",3974.10840437323,545.666280640766,70.4888588387233,1.20607116420245,NA,NA
"Line_1117",5006.57505412605,561.505815326687,74.6586340541526,1.22822376007706,NA,NA
"Line_1124",5685.73584571068,557.506134559633,72.2541870742635,1.22359056591853,NA,NA
"Line_1126",4012.70826165508,547.536174862974,68.7780556961694,1.20899070279829,NA,NA
"Line_1139",3320.26514505029,542.958743830881,69.618778311667,1.20375192034857,NA,NA
"Line_1142",3544.13681953397,549.763744950515,64.0171782601441,1.21272580204994,NA,NA
"Line_1158",5473.01695298907,553.424622225305,70.5669915671939,1.2169599302462,NA,NA
"Line_1165",5452.91141773693,548.063925184446,71.7530165490897,1.20910447898915,NA,NA
"Line_1173",5242.00976072284,554.79714698802,67.5638838764115,1.21865218060824,NA,NA
"Line_1175",5673.5160943199,543.830290620852,71.148541986764,1.20537166788182,NA,NA
"Line_1176",3929.25439613981,551.578586500648,70.547812887287,1.21487212164774,NA,NA
"Line_1183",3624.0625266445,554.490604140097,NA,NA,NA,NA
"Line_1188",4662.65933566916,547.972257674858,70.6162343672268,1.2103253078489,NA,NA
"Line_1222",4753.77712302195,550.916634583754,71.7381646230976,1.21424187204459,NA,NA
"Line_1244",5605.27880247344,560.439346564409,71.5726591306674,1.22702984174736,NA,NA
"Line_1253",3940.82012544947,559.940171889083,70.37076070354,1.2263802690391,NA,NA
"Line_1265",4541.60137929841,556.541156860859,72.2812032848694,1.22166662809959,NA,NA
"Line_1270",3484.52119436202,556.226027116424,68.5592364011273,1.22100317684125,NA,NA
"Line_1273",4254.50028680148,557.825234578593,67.2676233691138,1.22331890081171,NA,NA
"Line_1285",5472.06622966687,548.447494409979,70.5809421973107,1.21043973394535,NA,NA
"Line_1288",4329.10195915289,549.151661474495,68.3840008889536,1.21230746242061,NA,NA
"Line_1297",3724.64841642915,545.146314498733,66.4657597232513,1.20755579664335,NA,NA
"Line_1302",3899.18987002089,544.275851578578,69.2893288569816,1.20495572555599,NA,NA
"Line_1305",3560.03412867776,549.316719454011,67.175299645597,1.21208913165616,NA,NA
"Line_1308",3435.70967210161,540.35577467962,70.2373241971091,1.20131198099152,NA,NA
"Line_1321",3818.57012752215,557.001203824396,68.3618019243014,1.22214052982901,NA,NA
"Line_1327",3927.14655101057,557.119872637517,70.6531793372589,1.22223014356246,NA,NA
"Line_1328",3629.11911993799,552.731450279435,64.0318222954856,1.21688964028602,NA,NA
"Line_1332",3627.79788523071,547.450772391392,67.9423790306726,1.20977964975799,NA,NA
"Line_1339",4155.11545773537,546.185343617304,70.1445744283546,1.20768973725296,NA,NA
"Line_1352",4562.19543366243,540.749897080457,71.9128856260065,1.20165708270142,NA,NA
"Line_1355",4963.83475442296,540.068862807371,68.5776082414132,1.19938164662374,NA,NA
"Line_1360",5521.72285664057,551.903303218657,64.053673733817,1.2153433114094,NA,NA
"Line_1361",4765.72173659203,553.851395082965,72.2571948264746,1.21727103592855,NA,NA
"Line_137",4539.16686340242,552.808165287753,72.5628811456951,1.21552861000633,NA,NA
"Line_1370",3163.56118508223,556.585862777022,63.948287040599,1.22148342723481,NA,NA
"Line_1371",5947.98231077899,538.516095616699,70.5015361172175,1.19824913961615,NA,NA
"Line_1403",3784.60218032439,543.855181551984,68.4677407673837,1.20628407032824,NA,NA
"Line_1428",3150.21017913891,552.981408923696,68.3042659477527,1.21626019067803,NA,NA
"Line_1440",5148.4601867371,550.128020646652,69.7616575358786,1.21341033046252,NA,NA
"Line_1443",4083.91494558853,554.217202282804,69.676292369266,1.218320650821,NA,NA
"Line_1447",5638.59508276414,555.540943622855,71.4725090668625,1.22050228039828,NA,NA
"Line_1473",3024.43148628334,555.396403060882,NA,NA,NA,NA
"Line_1480",3734.80397629374,553.278226369698,65.9617863238106,1.21695564667844,NA,NA
"Line_1499",3660.55455564382,549.066753043801,71.4094784787444,1.21170195575749,NA,NA
"Line_15",5620.83051096912,556.698518603302,71.3786411540556,1.21879290084083,NA,NA
"Line_1510",3724.53521646356,555.481569668506,67.4909431653997,1.22005354202115,NA,NA
"Line_1516",2287.66523063306,556.524544098442,63.1777584814686,1.22113200043721,NA,NA
"Line_1533",4387.71672313194,548.306526632951,72.6986513451571,1.21048112850588,NA,NA
"Line_1538",3563.83283471861,555.740082129705,NA,NA,NA,NA
"Line_1544",3381.00072491109,552.334760501737,66.7454898365296,1.21576469954172,NA,NA
"Line_155",4401.02525420987,553.733349232077,66.2012334641794,1.21824524442914,NA,NA
"Line_1575",5442.43738788015,553.601142819183,68.4877631825934,1.21677208943756,NA,NA
"Line_1593",5320.77032118488,557.128116294004,71.6706185826177,1.2225799367166,NA,NA
"Line_1599",5656.29247772452,550.988607438253,73.0539300951616,1.21442672140214,NA,NA
"Line_1622",4242.55881568563,553.471381810913,66.54492020153,1.21772849308431,NA,NA
"Line_1635",2958.84678072199,556.986801231594,62.083024807483,1.22140560201471,NA,NA
"Line_1655",4368.01486585303,551.247760736981,67.9894376078722,1.2140353996894,NA,NA
"Line_1661",4862.04067213214,543.118275165908,70.7612799651337,1.20512966688311,NA,NA
"Line_1662",4557.67257563379,546.940935345994,70.6547704502202,1.20839038930069,NA,NA
"Line_1667",5197.0685902866,545.450052057308,68.6243504922522,1.20708786184328,NA,NA
"Line_1691",4968.98308556668,556.681092357263,70.3423850320793,1.21956311378012,NA,NA
"Line_171",5020.97908850341,548.562094010908,68.1946325947775,1.21123313177632,NA,NA
"Line_1711",4869.38073145995,553.228126214212,71.5291535160401,1.21718008914805,NA,NA
"Line_1716",5801.50357789167,549.587649646838,72.7654360237213,1.21174027109468,NA,NA
"Line_172",3222.09493794258,557.559935206398,68.1908779652676,1.22310591937553,NA,NA
"Line_1740",3737.13118061376,554.188493549894,71.1402051059175,1.21780226583213,NA,NA
"Line_1757",5086.06355686204,540.364153634164,69.0124945442261,1.20084031577217,NA,NA
"Line_176",4254.96554992258,559.925790577177,63.7886331744897,1.22597403519092,NA,NA
"Line_1769",5168.14155520882,546.363585598288,69.939503794651,1.20797484896015,NA,NA
"Line_1796",3596.54682017939,547.566790913521,NA,NA,NA,NA
"Line_1809",5456.41452074636,554.21905315287,72.481331868528,1.21805516381558,NA,NA
"Line_1817",4063.89431685595,555.423005972629,67.6146240606903,1.22009194436441,NA,NA
"Line_1822",2379.01104138931,545.652573725443,NA,NA,NA,NA
"Line_1834",4515.03755843949,542.990062216789,70.5472015537623,1.20427918677495,NA,NA
"Line_1835",3865.15273411512,555.849540274024,69.3754673477692,1.22113232790521,NA,NA
"Line_1856",4124.77274552459,537.858521524977,69.2908923114429,1.19680775682841,NA,NA
"Line_1867",5419.06783993383,554.014672687404,71.762204065817,1.2177750939133,NA,NA
"Line_1868",4927.4029153478,547.48120192142,70.8054626217949,1.20902589624074,NA,NA
"Line_1873",5116.00404671458,556.246346449318,70.1845130717805,1.22042971225663,NA,NA
"Line_1883",4495.00822922145,559.511192495391,68.292541504365,1.22511284536903,NA,NA
"Line_1888",3311.20449458216,550.590010420997,66.0535877080221,1.21435607975067,NA,NA
"Line_1913",4215.91661296504,546.624944390156,68.3134425429538,1.20883103830901,NA,NA
"Line_1916",6163.08976167993,544.497435333487,70.7581154164899,1.20509087183347,NA,NA
"Line_1920",3941.92640810506,556.38131740007,66.2336664402379,1.22050639310338,NA,NA
"Line_1927",4363.09760377114,550.148459756717,71.1589337185963,1.21421332090994,NA,NA
"Line_1933",3617.06198923407,546.416803781308,66.8171907664578,1.20911434382172,NA,NA
"Line_1934",5234.64898339258,552.72820311961,69.9503937772897,1.21640478846933,NA,NA
"Line_1935",3266.16248385047,545.296603236034,68.5794297923127,1.20621963081002,NA,NA
"Line_1944",5223.71565143216,558.487499038299,69.2300003087807,1.2237893630639,NA,NA
"Line_1953",5223.56961988649,558.033489312269,69.457318246403,1.22386304089788,NA,NA
"Line_1954",2060.78241702059,552.644642429953,68.1028943442097,1.21623289183611,NA,NA
"Line_1975",3867.79773590734,549.949028779102,68.4751080418948,1.21246112671715,NA,NA
"Line_1990",3146.5743831418,540.782618621237,65.414319233538,1.20086381161165,NA,NA
"Line_1999",4882.37168278921,557.511710148707,70.9080429226671,1.22249796658092,NA,NA
"Line_2016",4792.97262670439,544.579262685106,69.5166506867332,1.20535941285247,NA,NA
"Line_2023",4311.63293410797,551.580657460809,71.6098519566254,1.21472727504538,NA,NA
"Line_203",3888.20287161972,543.324234323639,69.7659363803112,1.20433095480914,NA,NA
"Line_2032",3660.99353000879,557.349455604681,68.592616823004,1.22285015200735,NA,NA
"Line_2037",5042.73994726581,553.838750517701,71.143978818812,1.21881029450673,NA,NA
"Line_2038",4560.84116525881,539.32304141002,67.9638513872106,1.19895790524642,NA,NA
"Line_2041",4123.74630002059,556.309710028096,71.6227080812501,1.22147341880595,NA,NA
"Line_2044",4066.62083736623,554.65689365942,72.2988631307856,1.21890930346137,NA,NA
"Line_205",5213.42152174059,549.461994204866,72.2476398652427,1.21204250155555,NA,NA
"Line_2050",3886.81007144893,555.686760874363,66.9705851351339,1.21452688185672,NA,NA
"Line_2056",2479.48421917722,530.262388729811,60.8543610576973,1.18801965395779,NA,NA
"Line_209",4751.58995646643,547.786150854703,70.4293106849358,1.21012017115325,NA,NA
"Line_2096",4702.76819675986,555.082713570752,68.3720618874349,1.22002450770314,NA,NA
"Line_2110",3854.34564303017,543.735811713568,67.4117081916213,1.20528774472368,NA,NA
"Line_2116",4739.20329072578,541.563066865195,69.9937575898428,1.20257425371616,NA,NA
"Line_2127",5208.86376718688,561.182046544105,72.3331669914998,1.22818787543574,NA,NA
"Line_2130",5687.97942201718,546.426689723357,70.2377525997212,1.20823797222606,NA,NA
"Line_2131",4068.99392515625,552.373265682951,70.9670135444622,1.21589565332516,NA,NA
"Line_2135",5607.43400420282,531.663758616663,72.815464921367,1.18902740840208,NA,NA
"Line_2139",4090.52567213011,549.202603694864,67.8887909704772,1.21108049221923,NA,NA
"Line_2142",4286.14800331926,559.35099785298,69.1986824919877,1.22509240568218,NA,NA
"Line_2145",3436.79055880389,552.968750484762,NA,NA,NA,NA
"Line_2147",4060.47350017557,553.357067400386,65.9539738396005,1.21712580971384,NA,NA
"Line_2167",4184.19974042231,557.362235467504,70.2455559115912,1.22303371633317,NA,NA
"Line_2171",4045.0995517777,549.889585734846,70.3784949297525,1.21189257775282,NA,NA
"Line_2172",4204.1097932395,560.290052690796,66.8240988920867,1.2265415112733,NA,NA
"Line_2179",5014.7709419057,550.223482802633,67.1617275978471,1.20863046831862,NA,NA
"Line_2184",3567.49983485458,561.440368488681,68.6465860804342,1.22812051182443,NA,NA
"Line_2186",5340.54041914297,538.405458390194,69.6845499654502,1.19618417921197,NA,NA
"Line_2191",4396.58687206466,531.452977694649,70.1688740882936,1.18899829828581,NA,NA
"Line_2197",2821.32077848322,548.558621050142,66.9768880904937,1.21048513563166,NA,NA
"Line_22",3860.81773554294,552.865250608799,66.9473961267828,1.21683626262196,NA,NA
"Line_2206",5654.8748916746,550.542091835228,71.4489433155776,1.21329930323305,NA,NA
"Line_2209",4306.61537273531,533.133337028726,71.0657972261482,1.19124827714127,NA,NA
"Line_2210",4347.43945279072,553.080307259167,68.1522884436588,1.21652782930371,NA,NA
"Line_2226",5823.33638354765,529.941794523386,70.2513165691011,1.18808829251794,NA,NA
"Line_2240",3801.36136457211,556.791530846288,67.4236428119714,1.2179997949823,NA,NA
"Line_2269",5090.06533746212,545.507474405803,71.4518066671084,1.20680506390426,NA,NA
"Line_2270",5744.27181827122,551.599646672552,69.1163905716777,1.21454026525165,NA,NA
"Line_2291",5126.79650941803,554.479005124772,72.5677067834988,1.2184016061462,NA,NA
"Line_2293",4391.44951963067,554.466005630023,69.6763607107029,1.21870223103551,NA,NA
"Line_231",5129.10559693853,552.878183697989,71.4845981191408,1.21637280218558,NA,NA
"Line_2311",5622.62441828891,557.229502302551,71.6458172332755,1.22302002756671,NA,NA
"Line_232",3726.84619732087,554.069156169735,69.4768906898,1.21785875324954,NA,NA
"Line_2330",3974.98270707136,548.778054378281,68.6475172745604,1.21006646475446,NA,NA
"Line_2333",5036.96916065443,540.876634338192,72.6912812706648,1.20114956337464,NA,NA
"Line_2338",4493.1054958278,549.229461784302,70.4012719610231,1.21109187045694,NA,NA
"Line_2339",4251.5485215253,554.815574533961,64.6920172511243,1.21976001277042,NA,NA
"Line_234",4471.12154962216,557.357962494741,70.0469169385255,1.2223400843097,NA,NA
"Line_2340",5317.24313861615,548.429869403852,71.0667820442667,1.21040050624681,NA,NA
"Line_2341",4633.66843415749,551.890177602247,67.2861949153522,1.21493362578101,NA,NA
"Line_2364",5569.9826759624,546.070718739768,69.542940896587,1.20786979636425,NA,NA
"Line_2373",5073.12725116494,557.18758775253,70.3022886144478,1.22229399701252,NA,NA
"Line_2375",4195.5533127171,549.232018429378,70.4450805304844,1.21185976950068,NA,NA
"Line_2379",6173.83842746706,549.063378498232,71.8090793197642,1.21134288936552,NA,NA
"Line_2384",4891.72070332292,555.321691414296,71.6158016097942,1.21929600112401,NA,NA
"Line_2388",4666.09902790363,556.713493926366,70.4540819345917,1.22179692562236,NA,NA
"Line_2390",4159.77155100101,537.37246314611,70.0168228475996,1.19805542032267,NA,NA
"Line_2392",3409.03799211138,560.493971786859,68.9369474227014,1.2264498699948,NA,NA
"Line_2396",5310.27808469866,553.750560182114,70.8208986130314,1.21870387201533,NA,NA
"Line_2397",5475.03597953666,548.188448409248,68.365270468544,1.2112943279069,NA,NA
"Line_2402",4575.44205314059,555.110676124085,75.3183468346012,1.21981162674186,NA,NA
"Line_2408",3790.78045072416,560.996861576975,70.6628727978,1.22761931084887,NA,NA
"Line_2422",5222.99165437715,538.048577031277,69.6179088446786,1.19757129561771,NA,NA
"Line_2426",5620.91251370925,553.490624445614,71.4087034962216,1.21748835425796,NA,NA
"Line_2446",2765.3234078996,554.931013972944,64.6443305082277,1.21918309568808,NA,NA
"Line_2457",4043.21786855847,547.06652327352,60.6466047866388,1.20952486973847,NA,NA
"Line_2459",6609.81326026311,536.094903900568,71.7071570658262,1.19460715952684,NA,NA
"Line_247",4371.94511471673,549.887691114727,66.0041709584177,1.21227950664384,NA,NA
"Line_2486",5358.46859389257,548.036048425579,69.4825785650446,1.20904621828797,NA,NA
"Line_2487",5144.64740263432,556.65245492437,67.7959953243633,1.22152926435949,NA,NA
"Line_2492",4997.68966774009,542.685769750498,71.2829027880129,1.20371847879111,NA,NA
"Line_2495",3440.23925652852,552.829717953955,64.6230582161888,1.21652707873212,NA,NA
"Line_2497",5170.56760924373,548.349355837506,68.8820788685861,1.20987780401098,NA,NA
"Line_2502",3230.60507751914,538.724580739157,71.8486779742418,1.19739907611944,NA,NA
"Line_2513",4476.76134176227,550.01512482956,68.0906392401514,1.21328907939582,NA,NA
"Line_2527",4233.56893933297,550.477748932481,68.9656660230852,1.21343316509241,NA,NA
"Line_2529",3978.56810990793,553.362081671241,66.961441239332,1.21698163178275,NA,NA
"Line_2540",4208.61753041023,553.564792615481,73.0230748368307,1.21878950398973,NA,NA
"Line_2541",3394.15422971899,536.98868675269,69.1915912273445,1.19707440278836,NA,NA
"Line_2552",5068.8811654312,549.814854891483,69.7350610689038,1.21265373698102,NA,NA
"Line_2556",5396.92117267775,552.563527031238,72.0082310017479,1.21623774612636,NA,NA
"Line_256",5501.05862182474,554.904246868151,67.9355388296642,1.2189815160174,NA,NA
"Line_2565",3853.57278147188,545.807515170701,66.5238830578426,1.20836651842254,NA,NA
"Line_2567",4345.06708923409,552.647526940868,72.5570743140792,1.21721697778849,NA,NA
"Line_257",4530.35000839009,554.912060333756,70.4167578170701,1.21877493517096,NA,NA
"Line_2583",4398.58603928351,546.890065285658,70.4936323915172,1.20988431491544,NA,NA
"Line_2586",3671.42701876792,562.349598130687,65.5412353013585,1.22979566172609,NA,NA
"Line_2611",5898.48800977383,555.457467108592,70.4219920650663,1.21990153147522,NA,NA
"Line_2623",5883.25533455365,553.004288410723,70.8674651669107,1.21728334084013,NA,NA
"Line_2635",4620.54225360822,552.389983969536,69.3693043952526,1.21657640678007,NA,NA
"Line_2680",5782.76101318654,549.62324939218,70.1125516991979,1.21211573744829,NA,NA
"Line_2692",4517.1158823898,551.389663281462,71.5572062902992,1.21418059254749,NA,NA
"Line_2698",3843.92207791035,555.53952577476,70.1814730942761,1.22007015321842,NA,NA
"Line_2702",4186.44699556545,554.288314807986,69.8154329535947,1.21810767351796,NA,NA
"Line_2705",4170.79619908591,556.552168340038,67.0624508399689,1.22195759986462,NA,NA
"Line_2706",4170.06180557826,551.722831616491,70.0320261274562,1.21472034286368,NA,NA
"Line_2714",3581.40569116371,559.217491474445,61.1050843724341,1.22390851027082,NA,NA
"Line_2719",4572.74096471494,553.235555452781,60.8030740912497,1.21734737755288,NA,NA
"Line_2748",5361.85847519333,539.092081411925,68.2010529518337,1.19883189873909,NA,NA
"Line_2760",6242.49195779718,541.866785059243,70.2529093280509,1.20314875371337,NA,NA
"Line_2766",3357.43085184783,545.472168470436,66.7270076020736,1.20669324008134,NA,NA
"Line_2772",4704.92877820323,532.727776911761,66.8035158694475,1.19104635151709,NA,NA
"Line_2781",4113.76273881754,562.830405624002,70.157638582128,1.23016787767068,NA,NA
"Line_2785",4277.77770295997,555.569396397658,68.3826127746233,1.21975556032388,NA,NA
"Line_2805",4100.69628920066,545.571618038674,68.1407204729954,1.20687946039457,NA,NA
"Line_2816",2866.34708255043,549.29026696937,66.550226554582,1.21156472062007,NA,NA
"Line_2822",3716.58118738407,553.842197890318,68.2424980757596,1.21785177142482,NA,NA
"Line_2852",4507.87379230946,546.553165030139,66.9548425077597,1.20827228982747,NA,NA
"Line_287",4875.77348100313,552.039392792394,69.7099118454515,1.21488685435861,NA,NA
"Line_2872",3124.46545873422,551.188080380549,69.8199514926266,1.21369036141079,NA,NA
"Line_2875",4915.70225058819,551.663539974841,69.1131151602809,1.21443498128886,NA,NA
"Line_2896",5019.59409840373,559.702048805015,73.3859098383904,1.22595501666291,NA,NA
"Line_2903",4938.10935977022,546.588826283119,68.3660528227671,1.2089470818223,NA,NA
"Line_2913",5803.11212126196,549.952941785585,70.7004211464932,1.21187721159491,NA,NA
"Line_2923",3239.131188459,545.85110859716,68.9499255576583,1.20760697232111,NA,NA
"Line_294",3811.16382304556,560.745566464969,NA,NA,NA,NA
"Line_2941",3146.54241358864,556.341526996124,NA,NA,NA,NA
"Line_2943",3430.56681379641,536.307278898962,67.7388909761347,1.19368442559753,NA,NA
"Line_2948",4312.61235168508,559.87679005787,70.8835243859524,1.22619540560206,NA,NA
"Line_2950",3502.96780121555,554.590483822985,67.7545247806222,1.2185030490247,NA,NA
"Line_2956",3352.12271091954,555.329970379726,68.6737889912155,1.2200782660503,NA,NA
"Line_2964",5155.96500165211,553.732242875744,70.577566252032,1.21776125653792,NA,NA
"Line_297",5203.57487750495,552.697722563318,70.969672342862,1.21766555948895,NA,NA
"Line_2988",3900.42262408933,544.851364239785,69.2338852465481,1.20523210614826,NA,NA
"Line_3",5188.35573543244,552.137299997505,72.3195483077829,1.21643110125632,NA,NA
"Line_30",5091.89180858105,552.810501594923,70.2555395150779,1.21553250100994,NA,NA
"Line_300",5347.00607982412,555.63973130457,69.3217864960028,1.22035227766514,NA,NA
"Line_3002",3116.45328572822,543.921188294344,67.7508932831676,1.20431738988599,NA,NA
"Line_3005",3982.56961409626,543.934477156851,70.4349169535069,1.2051172157697,NA,NA
"Line_3012",5775.84462803324,553.322284431332,68.0805057814401,1.21675371214246,NA,NA
"Line_3021",3825.54675524667,542.441605659268,59.6949748659833,1.20355408336227,NA,NA
"Line_3028",4295.20864640977,548.239715800458,71.5717580619156,1.21137293609108,NA,NA
"Line_3033",3292.85696999341,555.142245962505,61.9793248585358,1.22001465668626,NA,NA
"Line_3040",3965.55784872311,550.847075277798,72.2345091004358,1.21396209825225,NA,NA
"Line_3045",5016.64844235449,546.067778687976,70.6820051474871,1.20860193621599,NA,NA
"Line_3056",5652.26744302476,550.847902753187,72.3582919730504,1.20112932017204,NA,NA
"Line_3067",4100.58093107746,551.568900843673,69.0894587749303,1.21553840183363,NA,NA
"Line_3075",4237.29701744377,554.762979150108,65.8769998662202,1.21947727721465,NA,NA
"Line_3078",5156.84266800105,553.743054559769,71.9670346249218,1.21674858903359,NA,NA
"Line_3086",5977.23222857122,549.27908277007,76.2399789175488,1.20869551877634,NA,NA
"Line_3099",3461.59751613049,548.805669035922,67.1830918432682,1.21219541403729,NA,NA
"Line_3101",5328.53545657562,561.914311037571,72.9134685147322,1.22336301613229,NA,NA
"Line_3102",4822.20943080642,555.81045935176,66.0808792964593,1.21805129767162,NA,NA
"Line_3107",3367.73552910151,562.507699886071,72.3243341826528,1.22980316067682,NA,NA
"Line_3117",3929.51951522164,551.29799012514,65.6671630599806,1.21411243118492,NA,NA
"Line_3127",5381.10756698306,536.448797047873,70.3661581586791,1.19664855566166,NA,NA
"Line_3159",4374.67235977564,553.943792739252,71.0611973085503,1.21746122311191,NA,NA
"Line_3160",3298.97235241416,561.506233062044,NA,NA,NA,NA
"Line_3162",4487.51598260097,542.441244130512,70.4997894144117,1.20450127247133,NA,NA
"Line_3167",3080.87818210825,560.207309908742,68.4745248976654,1.22639342600144,NA,NA
"Line_3171",3637.37924465637,548.964490273837,69.7826983786672,1.21196582076219,NA,NA
"Line_3177",3257.21680445584,557.606021263282,65.8173322669916,1.22282791763671,NA,NA
"Line_3181",4639.06939068747,543.183711715855,69.6353873930635,1.20499609342319,NA,NA
"Line_3183",5327.42644149804,539.176339258976,72.5004803799957,1.19927131091684,NA,NA
"Line_319",5464.92383950486,556.244253512399,73.9951329740414,1.22049951734294,NA,NA
"Line_3191",2979.83580125623,557.971516723727,69.2091659159797,1.22287586516315,NA,NA
"Line_3195",4386.43594656454,551.397023773824,73.3791353503865,1.2148119394781,NA,NA
"Line_3196",5017.20377025992,549.56437174119,70.0457804878935,1.21102012678281,NA,NA
"Line_3204",6171.24927799827,536.382706820631,70.680323190206,1.19597885076521,NA,NA
"Line_3228",4037.46389952359,551.960654933439,68.0485603461345,1.21575392449833,NA,NA
"Line_3241",4279.6978817975,556.553198910178,69.8006816680973,1.22106538697675,NA,NA
"Line_3246",5738.30367473272,559.310969314854,71.5633556560828,1.22560690075363,NA,NA
"Line_3247",4924.27339348047,522.613782436649,70.8890545561238,1.17829535521162,NA,NA
"Line_3248",4090.51183263821,553.953459379252,70.3986405522544,1.21768308012133,NA,NA
"Line_3253",4373.73731222827,556.47548630971,67.9146640257635,1.2214507235043,NA,NA
"Line_3263",4836.88746846817,552.176256294984,67.9438597994009,1.2151206609984,NA,NA
"Line_3267",2979.41099961682,560.754932505717,68.5130733544013,1.22723891723895,NA,NA
"Line_3308",3447.92892287931,555.445544853689,67.2472041846821,1.22008735886004,NA,NA
"Line_3314",4309.44409053006,558.349606273762,72.0692295728869,1.22395949939172,NA,NA
"Line_3319",3253.41496601835,558.030933833301,65.902085896209,1.2230479020975,NA,NA
"Line_3333",5659.3946576008,544.167826780827,69.8275115283282,1.20488213451632,NA,NA
"Line_3334",3378.03961562877,543.87826192224,67.0703913648631,1.20554410514537,NA,NA
"Line_334",3312.96213201871,559.361176587808,64.6524872794318,1.22554354251751,NA,NA
"Line_3348",6416.04164292238,538.051439876432,72.0667444481318,1.19630215145673,NA,NA
"Line_3353",4303.18958263247,557.460152262065,69.7197667606607,1.22244884269358,NA,NA
"Line_3354",5267.93683414259,558.468817838699,72.8467269493243,1.22436888866615,NA,NA
"Line_3357",4026.57346831814,551.9690941671,67.2334708697312,1.21658425519321,NA,NA
"Line_3359",7038.96668743563,536.008809639941,72.3182457412275,1.19479809898282,NA,NA
"Line_3365",4129.91208757546,522.221008951994,71.1149291633645,1.17802469599948,NA,NA
"Line_3372",5085.75141242227,559.595443827979,71.7915106766959,1.2254105715227,NA,NA
"Line_3377",3347.7285865377,554.553176379961,66.9922131004084,1.21838425268268,NA,NA
"Line_3387",5504.60382796451,542.547553494711,72.3827124332465,1.20300916333663,NA,NA
"Line_3399",4396.90736028985,553.547106813076,70.7678272260028,1.21775126317057,NA,NA
"Line_3411",3739.32693698926,553.042733048052,71.6922926962448,1.2168984145722,NA,NA
"Line_3415",3764.01458685225,537.3903258216,67.2414915093839,1.19695472470134,NA,NA
"Line_3423",3125.95172232082,550.509900931507,57.4482793164913,1.21305024471863,NA,NA
"Line_3424",4372.2536303319,555.422258221083,70.8295300726,1.22002384220505,NA,NA
"Line_3425",4546.57371784299,557.184544657695,67.4303840255716,1.22240968839905,NA,NA
"Line_3426",5283.63472356918,555.944987205392,69.6473524925305,1.22141082341437,NA,NA
"Line_3428",4583.69778974974,542.971904028562,71.1129764762152,1.20390598680543,NA,NA
"Line_343",4179.64044745933,535.135264407797,70.4404863320544,1.19303504832746,NA,NA
"Line_3471",3821.12015929589,560.417546564514,NA,NA,NA,NA
"Line_3478",5037.58160289287,557.829736514365,70.2481808449682,1.22304078322632,NA,NA
"Line_3484",1838.17663234196,552.273610759783,NA,NA,NA,NA
"Line_3485",5297.80832708906,557.161414101301,73.1299608908753,1.22305000489104,NA,NA
"Line_3495",3570.81901122,561.650876312032,65.9556769575048,1.22862271472744,NA,NA
"Line_3505",2868.6630083485,544.910137040922,NA,NA,NA,NA
"Line_3512",5070.49956999931,551.463052296921,71.8250280046555,1.21459868975731,NA,NA
"Line_3523",6179.69726763079,548.149504885399,76.32368126223,1.21072053923989,NA,NA
"Line_3532",4372.73708181777,532.941763468874,70.0986811599574,1.19162995317177,NA,NA
"Line_3544",5848.63909105325,549.673092947973,74.243340626735,1.21216251114993,NA,NA
"Line_3560",3457.11130723152,549.785594402691,71.2075073133049,1.21225651545893,NA,NA
"Line_3577",4071.01601406769,554.78387355429,70.0384961452716,1.21863989485644,NA,NA
"Line_3585",4530.58772537906,553.895212408535,70.5007987290685,1.218577187213,NA,NA
"Line_3609",4719.77392159806,547.872534545646,70.073054690524,1.1994609027485,NA,NA
"Line_3610",4489.89922668205,543.842117607426,67.8533208220767,1.20499637759146,NA,NA
"Line_362",3874.50560934322,549.501573871117,63.6816670835603,1.21101979177317,NA,NA
"Line_3627",4838.3206776368,555.407850852814,71.3234520861204,1.21996764688023,NA,NA
"Line_3645",5102.35392810368,546.381110823121,72.8685757444342,1.20717543641739,NA,NA
"Line_3654",4377.99137391146,550.501419473605,70.6127593433649,1.21375669808957,NA,NA
"Line_367",4610.88819023673,542.427829071931,68.6200874727856,1.20394526095751,NA,NA
"Line_3671",4291.74293517866,541.861527056759,69.7858036018576,1.20226720222457,NA,NA
"Line_3673",3725.32073339733,550.937266849985,69.0562055405724,1.21396902286932,NA,NA
"Line_3675",3002.87283214765,553.328655945775,64.4104180920082,1.2173927603569,NA,NA
"Line_3678",4265.7289883673,556.070423177131,72.1755321808638,1.2211370423942,NA,NA
"Line_3679",5249.1807012426,560.611043449653,76.1414852201288,1.22653994243287,NA,NA
"Line_368",3052.90071234848,558.982888483561,66.8227049825792,1.21885998860664,NA,NA
"Line_3686",3786.53507710545,551.635758596322,68.3372851958458,1.21426121860181,NA,NA
"Line_3694",4825.9358246919,561.071184576319,68.1176746293745,1.22752560606064,NA,NA
"Line_3711",5925.92080255532,535.842752161352,71.554547671563,1.19372914531497,NA,NA
"Line_3718",4120.89297724815,531.974737815843,68.1426425497156,1.19031541245939,NA,NA
"Line_3724",4455.68226255957,549.515550161035,71.8322449218664,1.20625226416062,NA,NA
"Line_3731",4708.0712264261,563.735538022907,68.7359665692439,1.23153897222907,NA,NA
"Line_3732",3844.87835846746,558.903105019536,68.4616992239637,1.22529741773755,NA,NA
"Line_3743",4889.18381523932,554.16385730187,67.3269312278183,1.21766243461227,NA,NA
"Line_375",5026.00556833459,550.207491228777,66.2275760935858,1.2131171050402,NA,NA
"Line_3754",3229.63689343078,552.191113811835,67.7694171142738,1.21547310296866,NA,NA
"Line_3760",4766.20294804275,555.590980939978,69.3841650219939,1.21972716292649,NA,NA
"Line_3764",4777.64113892871,544.777179314286,68.5732509350544,1.20597800117637,NA,NA
"Line_3770",4837.56004151519,555.904147278362,70.7815640852041,1.22049689187882,NA,NA
"Line_3771",5187.55654908005,559.489121773377,69.9334869323385,1.22590230143699,NA,NA
"Line_3775",3467.28147156944,541.480530793791,65.6880699218582,1.20280547402851,NA,NA
"Line_3781",4205.42688499527,555.307631120702,69.3825828449286,1.21915087308255,NA,NA
"Line_3788",3202.79312261761,556.618427368834,61.8044714742532,1.22222845529246,NA,NA
"Line_3790",4553.89302981184,551.696003282,71.1228622484091,1.21524863889066,NA,NA
"Line_3799",3964.96059824762,551.573159544234,65.9020509201583,1.21458359145246,NA,NA
"Line_3815",3489.25720602798,559.253295830571,NA,NA,NA,NA
"Line_3819",5393.05497237015,549.72075668639,70.2678874945139,1.21279426741389,NA,NA
"Line_3829",5346.80665936881,547.153270857014,65.244650024911,1.20797893072861,NA,NA
"Line_3830",4368.85736882842,556.396525643839,73.5399729665619,1.22138846552769,NA,NA
"Line_3845",3306.55326466831,550.257141961646,67.5425556487023,1.21312463608313,NA,NA
"Line_3853",4970.25954046719,560.024251163628,71.4062322202996,1.22605940301727,NA,NA
"Line_3856",5897.62263042103,560.610286195976,69.8010558810296,1.22704012809753,NA,NA
"Line_3878",3248.81771563801,557.154084835934,66.3963835607547,1.22168950254816,NA,NA
"Line_3881",5354.80921249618,539.159455534932,71.2363828875665,1.19998242980559,NA,NA
"Line_3895",4598.00894955563,550.630492976439,67.4669913816798,1.2128010731932,NA,NA
"Line_3903",3086.83403471743,554.636237540119,64.6771852126142,1.21851561066564,NA,NA
"Line_3908",5711.40503433189,546.819806548253,66.8896834270612,1.20968844687993,NA,NA
"Line_3932",3741.33525112403,554.684434091043,69.1990103013338,1.2188580817402,NA,NA
"Line_3933",5405.50517319788,559.672929679796,70.2885581198048,1.2259756605423,NA,NA
"Line_3975",4515.28623918012,542.633689635316,70.0350957960067,1.20356327368948,NA,NA
"Line_3977",4256.81472444693,558.257889076011,69.7476392354129,1.22380368599101,NA,NA
"Line_3988",4143.72514657816,559.726544229775,66.6613009355542,1.22576110277012,NA,NA
"Line_3993",5522.58562468059,533.598650361777,68.6042214421647,1.19153512452389,NA,NA
"Line_4000",4084.32878582757,547.795489126659,70.5195613058844,1.21015995786514,NA,NA
"Line_4018",6305.26619334108,545.504355178781,71.2945771882012,1.20724863201987,NA,NA
"Line_4045",3225.45092349502,553.979247987478,59.1691967065201,1.21732560007026,NA,NA
"Line_4046",581.018175469776,554.141529347156,NA,NA,NA,NA
"Line_4058",6098.71961335723,543.934243137702,70.2821020397255,1.20556789401962,NA,NA
"Line_4064",5059.23250618019,552.728308747234,73.7701131346611,1.21770035225781,NA,NA
"Line_4068",5754.99260892754,545.909832575887,71.8764769460435,1.20711202699648,NA,NA
"Line_4078",3356.27182087203,553.871414844544,68.2265185194474,1.21782989192809,NA,NA
"Line_409",4896.27219128577,532.192033917455,70.3549320376949,1.19010056587264,NA,NA
"Line_4101",5488.32369213866,544.498253859032,69.5691866237684,1.20630385756936,NA,NA
"Line_4118",4599.37449032703,548.352239337514,69.5856829905067,1.21054917378101,NA,NA
"Line_4123",4443.3596418592,541.705625781651,67.4257593524378,1.20226232940849,NA,NA
"Line_4128",3648.67615160727,553.123802774041,66.0187275921661,1.21772909074019,NA,NA
"Line_4137",4418.33054960631,565.662861872332,68.0864483790781,1.23433191796478,NA,NA
"Line_4148",4452.62169103725,560.23767691369,70.4035063252319,1.22686367191435,NA,NA
"Line_4149",3470.69337112078,556.938464682279,67.8662590047604,1.2221115018481,NA,NA
"Line_4150",4334.61645025646,552.286738812007,72.3218172269368,1.21483085354934,NA,NA
"Line_4158",5150.7366422081,552.569601365947,71.517255896126,1.21594487203339,NA,NA
"Line_4164",3435.56104443226,559.239803979841,NA,NA,NA,NA
"Line_417",5694.0266654003,560.513355597953,74.1814327242568,1.22698146062128,NA,NA
"Line_4198",5482.54395907499,534.935195395231,68.8508209270428,1.19420003052045,NA,NA
"Line_4239",3059.68623870225,552.055189159815,64.1859290880513,1.21551041598909,NA,NA
"Line_4266",3630.86523874028,542.961591227831,70.3072712702861,1.20482555397142,NA,NA
"Line_4277",6053.87684990721,541.662135231848,70.7754712501721,1.20277564812962,NA,NA
"Line_4280",5256.98278333051,552.106663528615,68.564752453554,1.21567957219533,NA,NA
"Line_4287",4221.72850514961,556.838018146549,68.5250350063642,1.22205356589877,NA,NA
"Line_4289",2594.55048721616,557.099249085282,67.2363525131464,1.22209963725581,NA,NA
"Line_4290",4004.54226309552,546.655191241109,69.4887208811485,1.20914935808032,NA,NA
"Line_4297",4965.48165035665,544.362200218734,69.8233633708593,1.20490632107817,NA,NA
"Line_4298",3987.32831207695,545.817242300425,71.4335968318078,1.20687749002716,NA,NA
"Line_4302",6287.20013072396,543.548354896068,72.1562296084021,1.20393941505934,NA,NA
"Line_431",5461.32573342194,554.342208100087,72.3753673264564,1.21825495807611,NA,NA
"Line_4318",2795.04017692652,547.291627466095,66.8707755973242,1.20925624836068,NA,NA
"Line_4322",3105.60740299745,554.693481689165,68.1709450279226,1.21874595220061,NA,NA
"Line_4323",3692.93852152023,554.051008438998,69.8227170813761,1.21837919856716,NA,NA
"Line_433",3562.00247912276,555.849324709941,66.8944500753989,1.22116255991941,NA,NA
"Line_4334",5503.12558121806,555.644014472069,69.5595400876454,1.22037975393604,NA,NA
"Line_4337",6177.45310063949,553.490692382507,73.5636142466533,1.21782841500056,NA,NA
"Line_4353",4521.81314218082,559.282341277076,68.0089533716181,1.22528154058592,NA,NA
"Line_4374",3829.03908652047,552.788552458705,71.4146022196646,1.21532375575064,NA,NA
"Line_4391",4144.4243268949,546.884996102024,68.5509969613259,1.2091372371335,NA,NA
"Line_4396",4686.06220978298,549.148725946158,69.0500014272862,1.21153948510908,NA,NA
"Line_4404",5313.62813203356,559.494952860893,70.2616361376739,1.2257626409896,NA,NA
"Line_4408",4156.25824139233,560.210497502824,70.1844825973936,1.22657108087395,NA,NA
"Line_4424",4732.58382134072,551.978869993524,65.9766512611221,1.21610989862917,NA,NA
"Line_4425",5388.73466287943,537.374707431396,71.6038895288827,1.19673469354325,NA,NA
"Line_4444",4053.50214199065,554.849702068464,69.6096909280876,1.21951294205041,NA,NA
"Line_4450",3819.28467494728,555.533842311971,68.5453375922393,1.21969727362579,NA,NA
"Line_4455",5185.46042214465,555.151056701694,69.1803753333365,1.2182836724563,NA,NA
"Line_4468",4219.72715065454,556.805966377231,69.1019544259857,1.22197179603108,NA,NA
"Line_4476",5128.79345087039,525.393755062976,70.5236790047178,1.18158133434864,NA,NA
"Line_4477",3715.88933107392,556.367959845071,69.5133416185619,1.22167294429695,NA,NA
"Line_4479",4829.5356488669,553.344384334835,69.6493078719727,1.21695110377399,NA,NA
"Line_4480",3836.28175644041,557.606258675774,69.5372611451024,1.22313780359993,NA,NA
"Line_4485",4365.68533049959,554.750149363567,69.0582437700474,1.21799002673094,NA,NA
"Line_4487",4282.79992017496,553.979742507945,67.0022129458709,1.21799659045071,NA,NA
"Line_4490",4038.44434562955,551.494360737907,69.8813363149238,1.21382592083215,NA,NA
"Line_4507",3537.88722879208,560.140809477591,69.8684051113752,1.22699487228452,NA,NA
"Line_4518",4443.69659553732,552.944790295689,67.8808182606153,1.21689988843735,NA,NA
"Line_4528",5749.4397483001,549.157037431956,76.2772180682514,1.21170835892945,NA,NA
"Line_4536",3371.90015971747,548.293849225937,NA,NA,NA,NA
"Line_4550",4767.10633248472,556.706064833767,72.994933925425,1.2215170203776,NA,NA
"Line_4566",4574.97897361447,539.692697680301,68.2535726575867,1.19906991202651,NA,NA
"Line_4589",5013.20448127885,547.909111250133,70.6004387693179,1.21017837079402,NA,NA
"Line_4599",3766.86720437235,549.316632702212,68.0135999521097,1.21247789480677,NA,NA
"Line_460",3599.83091425246,556.272286305489,68.9190165907896,1.2205712858891,NA,NA
"Line_4620",2587.45906736972,557.368362094366,NA,NA,NA,NA
"Line_4625",4412.30333010769,557.395930379934,72.0607889292984,1.22268271188707,NA,NA
"Line_4633",3728.93438465977,554.635247513491,69.3162453361958,1.21880065768652,NA,NA
"Line_4670",4166.56541086697,552.761006260274,65.6404500768174,1.21607019605886,NA,NA
"Line_4678",4886.72182483024,551.511039052515,70.7294095167062,1.21394380229512,NA,NA
"Line_4681",5438.49967009799,544.359147963936,69.6789154151129,1.20647270022148,NA,NA
"Line_4683",4703.00080094523,548.283482622527,72.1538422835167,1.20999084464803,NA,NA
"Line_4696",4362.03622602926,546.952257321289,69.7122613620431,1.20897475874643,NA,NA
"Line_4708",4695.53712210415,532.358667385245,69.5719788607398,1.19056876232243,NA,NA
"Line_4716",3752.44025628102,561.029339701597,67.0322983484731,1.22773642337784,NA,NA
"Line_472",4614.91757913121,545.886012268677,73.7139567853909,1.20806629287802,NA,NA
"Line_4722",3503.94717055167,547.953574999085,67.5602066272389,1.21001997318012,NA,NA
"Line_474",5189.42839930006,559.464116969908,68.0715228940414,1.22544789021545,NA,NA
"Line_4740",3486.46290967067,535.976001727139,66.7084568103849,1.19439471518913,NA,NA
"Line_4748",5154.96231762324,561.58156342506,72.5872826250138,1.22871543105147,NA,NA
"Line_475",5336.02872771867,541.625949255871,70.7813335807722,1.20091633900014,NA,NA
"Line_4781",4667.97638386731,558.964778338571,67.2576627770543,1.22454538567636,NA,NA
"Line_4787",5049.69676963731,548.685078275326,70.8586419062793,1.21036316247818,NA,NA
"Line_4792",3890.75599236262,534.597598692347,69.0884253949352,1.19207109667405,NA,NA
"Line_4795",4666.43377156432,545.48653875895,70.1899926081237,1.20797692854962,NA,NA
"Line_4812",6312.16356965764,552.548623432414,70.046027942622,1.21634237373526,NA,NA
"Line_4819",3941.07793774535,557.381193346088,69.3578838863826,1.22292059610895,NA,NA
"Line_4823",4275.26598159802,553.160832063497,69.6637297882899,1.21669758267555,NA,NA
"Line_4841",3639.13364180859,553.403766609587,68.7746903110015,1.21756747230425,NA,NA
"Line_4843",5109.96883805925,548.733949971615,70.0408540663345,1.21077808242635,NA,NA
"Line_4882",4244.83101851546,549.719358678784,70.2241636794557,1.21182295092224,NA,NA
"Line_4897",2970.25860641294,546.731399843863,59.2074429348881,1.20871294527861,NA,NA
"Line_4898",4698.72619014385,541.027864491367,69.9931635351352,1.2024377831343,NA,NA
"Line_4914",4743.13920376473,557.492375827579,70.0812052239134,1.22309341674884,NA,NA
"Line_4924",3761.15127245682,551.637909861157,70.4268074886057,1.21460568922718,NA,NA
"Line_4928",3395.03418078321,553.456619017701,NA,NA,NA,NA
"Line_4937",4503.99306129827,556.633085459418,67.9803523199142,1.22122480961883,NA,NA
"Line_4944",3576.33591574691,545.663537644702,69.442787576744,1.20730750732858,NA,NA
"Line_4945",5840.69895700622,550.433417120717,72.5079895377219,1.20817242084157,NA,NA
"Line_4974",4980.28286582414,555.276517558451,71.3931921922807,1.22010626037145,NA,NA
"Line_4976",4310.57588076635,534.970258740232,69.7528221332933,1.19450996259779,NA,NA
"Line_4992",5344.8706041263,538.121080491039,72.5638144639487,1.19766579262694,NA,NA
"Line_4997",5737.98116752878,545.0758196628,72.7810976015742,1.20747959088505,NA,NA
"Line_5007",2975.41645449467,528.057835500025,67.5226112943356,1.18528910407892,NA,NA
"Line_5021",4978.4718014011,556.621566697739,71.162861453132,1.22151535341462,NA,NA
"Line_5027",3921.58287389935,549.165112523849,68.7247191425569,1.21183390109409,NA,NA
"Line_5030",5066.95993586484,555.803740399204,69.7556097090077,1.22006072684938,NA,NA
"Line_5045",7012.53705356386,543.553364712667,73.4252121737486,1.20515780305227,NA,NA
"Line_5046",3720.57918875873,536.418222292535,69.2896625628769,1.19476326981463,NA,NA
"Line_5057",4532.67636513942,553.318295978066,71.380858669,1.21710716630432,NA,NA
"Line_506",3955.00430553855,552.13792293611,68.6918646111081,1.21504445996725,NA,NA
"Line_5061",5215.4916540125,553.568199116594,69.9546198561264,1.21838653603695,NA,NA
"Line_5062",4321.93701708752,560.774678640574,68.8853928313696,1.2278205559288,NA,NA
"Line_5064",4766.53802787476,556.414205133887,71.893173348028,1.22150783912614,NA,NA
"Line_5065",3437.89292703453,552.571650503384,NA,NA,NA,NA
"Line_5066",5239.26877030961,549.536795990703,74.9637320858713,1.21313318684698,NA,NA
"Line_511",6113.74827465032,534.507666695716,70.2179806679649,1.19256081615157,NA,NA
"Line_5117",5449.69812610602,541.241186011718,72.6786685967235,1.20186725860099,NA,NA
"Line_5118",4697.36096191877,555.323585112417,71.3105112529636,1.2202762490071,NA,NA
"Line_5121",4312.4965224966,546.908010219757,66.9140465344069,1.20927665177629,NA,NA
"Line_5127",5650.34019658366,532.558392213732,72.1873615822382,1.19132316859359,NA,NA
"Line_5140",4303.94718887789,563.617389372239,68.7105526343097,1.23159915685204,NA,NA
"Line_5144",5583.49571838656,552.628103705025,68.8120776384535,1.21709479558775,NA,NA
"Line_5148",5513.74587935016,552.738568044782,71.0179875982119,1.21649333911456,NA,NA
"Line_5159",5058.43885770787,547.964035737835,65.7840650670395,1.20900663844834,NA,NA
"Line_5161",4040.95315954154,549.089515831465,67.426967345897,1.21228630936189,NA,NA
"Line_5164",4033.02073459436,549.121584078008,69.6312245533183,1.2112384533754,NA,NA
"Line_5169",4757.27827739937,547.925391274149,70.7218260688513,1.20988773622066,NA,NA
"Line_5178",3645.47132120668,552.226478498641,64.1979972537284,1.21611497555601,NA,NA
"Line_5203",3706.70270298081,556.448234563561,69.3629101850372,1.22205506678025,NA,NA
"Line_5205",4547.70313611605,551.317113654613,69.1321414076179,1.21445304143871,NA,NA
"Line_5206",4131.32528355989,541.494819328767,69.814423105784,1.20190197288719,NA,NA
"Line_5211",2818.28200167561,554.3264965588,66.4057931755971,1.21873994896492,NA,NA
"Line_5217",4113.69105863599,544.518993900493,70.104709360655,1.20527555241329,NA,NA
"Line_5229",4046.84051785392,552.786639504401,70.9751234871541,1.21566511619039,NA,NA
"Line_5233",4538.75331728706,553.604663561866,70.9043573392628,1.21786184957596,NA,NA
"Line_5251",5051.17076735661,547.591895844042,69.9097169215084,1.20939441870559,NA,NA
"Line_5260",5461.79534180655,556.592065101156,71.112219628883,1.22139291097371,NA,NA
"Line_5261",4152.34913684781,559.629947434349,67.9886736576824,1.22545800794054,NA,NA
"Line_5274",5561.14649304285,554.56067733076,66.5737410942294,1.21920504229375,NA,NA
"Line_5280",3165.65843825149,556.294244470244,NA,NA,NA,NA
"Line_5282",3614.32460859064,548.700699049071,65.2105228002779,1.20991577986167,NA,NA
"Line_5286",4310.80542157004,541.109496507122,68.2138222194713,1.20249168795768,NA,NA
"Line_5297",4811.56245838266,556.524027888318,70.9943640003842,1.22111472296818,NA,NA
"Line_5299",4099.36634636897,554.967289920214,70.2655093154516,1.21853959730731,NA,NA
"Line_530",4689.39121176816,544.418678930589,67.1125006217582,1.20681159971777,NA,NA
"Line_531",2099.37557182241,551.323804274469,67.5383574896496,1.21493308278645,NA,NA
"Line_5316",4763.83323921487,554.99870529433,73.4960597359394,1.21725542212907,NA,NA
"Line_5321",5031.97527175893,551.759128849676,71.6533274449865,1.21502998994507,NA,NA
"Line_5349",2575.98022795337,547.07450929146,63.9337438746364,1.20898951130071,NA,NA
"Line_5352",4338.56225263153,541.694647595459,66.8693132456993,1.20222404787384,NA,NA
"Line_5367",4229.20623613407,547.598958895571,72.1169648834558,1.20893629281826,NA,NA
"Line_5370",5470.30607593793,559.526621068076,71.6535000118108,1.21810895933178,NA,NA
"Line_5401",5584.0319143761,548.344939196736,73.1896457358249,1.21038693941188,NA,NA
"Line_5411",4767.45474758073,536.682246879269,70.1481106150531,1.19536774046902,NA,NA
"Line_542",3851.09487683411,550.880460262931,69.1170085076028,1.21321647027098,NA,NA
"Line_5423",4666.79841227284,555.391802498331,72.2366347670964,1.21998310586443,NA,NA
"Line_5444",2864.73097441256,539.866656137517,68.4655787477759,1.19893603187258,NA,NA
"Line_5450",3816.58665498555,556.905672507761,64.3686497947266,1.22175545248301,NA,NA
"Line_5470",5367.00775430797,546.012829700461,71.0822464964903,1.20953811625053,NA,NA
"Line_549",4434.74139027361,552.208615230179,68.1469370390817,1.21595140794586,NA,NA
"Line_568",5071.56929709262,533.314219008488,69.7764583611452,1.19116683959619,NA,NA
"Line_598",5262.79897838187,549.443582555595,73.8792166898407,1.21266903836623,NA,NA
"Line_617",4282.87735025551,556.16107875363,70.6566105789366,1.22063283006928,NA,NA
"Line_624",5377.5837655467,540.954299699128,70.7664923227544,1.20185913675639,NA,NA
"Line_64",4289.17320018503,543.244051892038,70.9690165749469,1.20508428413279,NA,NA
"Line_658",3317.15982661667,548.137949068372,67.9851853135998,1.21004847252765,NA,NA
"Line_663",1909.73115383029,548.113661789747,63.4508920308545,1.20902593337075,NA,NA
"Line_704",4561.60669099349,552.68065134063,73.4093488889988,1.21546516301233,NA,NA
"Line_708",3358.42630720909,547.588221784613,68.8133907226122,1.21014366690275,NA,NA
"Line_709",4197.2425249572,548.951007561814,69.0056659883743,1.2120297731876,NA,NA
"Line_712",5481.39735596551,548.875810583961,68.8796942225081,1.21143415522651,NA,NA
"Line_723",5747.6763113477,538.447671083696,69.4238724427896,1.19902281494882,NA,NA
"Line_745",3983.51573819354,559.578652212362,67.9698466064478,1.22567448143459,NA,NA
"Line_767",5507.45123342361,557.093812355024,67.5980815311055,1.22146718077956,NA,NA
"Line_768",5299.09062934253,556.357985739473,73.6017285483673,1.22177204190023,NA,NA
"Line_769",4669.82294157649,551.063789939263,69.7951988708458,1.21472734514655,NA,NA
"Line_801",3611.84403197996,558.03794492599,67.0310559172748,1.22240829809506,NA,NA
"Line_802",4599.74091413173,553.632801044135,69.9197836530572,1.21705488422911,NA,NA
"Line_809",3981.42886297264,539.02962638795,68.13596746197,1.19727214196588,NA,NA
"Line_816",4764.92725544721,543.262217822904,73.9904217077606,1.20417376315963,NA,NA
"Line_820",4419.81761340351,538.692550634111,67.546449848714,1.19914257219294,NA,NA
"Line_828",4424.0850267265,551.942209409091,69.5641704050146,1.21538681090936,NA,NA
"Line_829",5569.29911345245,559.903252586518,71.6957948318663,1.22578266598525,NA,NA
"Line_850",5318.58597930889,540.654918670849,76.3317770326322,1.20063819039039,NA,NA
"Line_86",4397.56563120772,540.536206396288,70.2666220729938,1.20099625514748,NA,NA
"Line_876",5148.78043842064,553.404110324497,73.1449732073891,1.21735687657345,NA,NA
"Line_890",5353.49508723609,536.656610534234,72.0823157937757,1.19685017135696,NA,NA
"Line_891",5472.84898263321,550.321807506226,70.626538835679,1.21346139489045,NA,NA
"Line_9",3981.38266005703,562.412481907035,68.2881090552934,1.22747679825592,NA,NA
"Line_902",3829.07766861777,550.77449454505,69.5070701813815,1.21384962832072,NA,NA
"Line_920",3576.85088073989,557.324612583254,62.5944332321528,1.22275381380872,NA,NA
"Line_921",4165.39331707483,558.731477275192,69.6220688057376,1.21761369365511,NA,NA
"Line_928",4544.34103069267,551.032537727549,70.155329394922,1.21431100153545,NA,NA
"Line_942",3705.63078241132,544.083080067679,64.0471974686824,1.20492813141205,NA,NA
"Line_957",3560.05603125295,546.210042729861,60.3546661259101,1.20843450368831,NA,NA
"Line_958",5060.6610645328,541.234181575278,69.6852599127379,1.2027985161265,NA,NA
"Line_960",5424.21488959688,551.43145107366,69.3220461055143,1.21517769144822,NA,NA
"Line_963",3739.11658213809,544.514454373399,55.4495687349848,1.20584411474461,NA,NA
"Line_965",5077.61556669773,555.812477263213,71.1578525017357,1.22028142682306,NA,NA
"Line_992",4425.27444489996,556.960941146174,70.8828676040072,1.2221417919005,NA,NA
"Line_994",4003.90525575981,546.600097523166,68.5507915224611,1.20751384623649,NA,NA
"Line_1008",4461.05545679057,769.828697629656,70.0098527521182,1.9399082169257,0.162362857168179,0.500524491913479
"Line_1029",3796.72211025296,769.828697629476,69.0598837533884,1.90774196280877,-0.158727536286139,0.491291644971903
"Line_1041",5053.84973164528,769.828697629477,71.2289732230087,2.08119769401933,-1.08635039634223,0.539132270277009
"Line_1051",4051.94816969805,769.828697629477,71.4463881326956,1.99345738142079,-1.01089913077596,0.515798839335014
"Line_1133",4301.61008577669,769.828697629475,67.6914410911004,1.97836127356852,-0.865659822217234,0.511568396082047
"Line_1145",3793.31768828957,769.828697629476,71.1003882734032,1.96915230321881,-0.246516054181593,0.508932422282893
"Line_1224",4126.70541278811,769.828697629475,70.7470857663362,2.12329667305261,-0.89862909171524,0.551351289907219
"Line_1246",4989.85756173215,769.828697629477,70.0895688640401,2.06425489104359,-0.948755514903665,0.535596568499276
"Line_1267",4155.97775211129,769.828697629476,70.8642790471957,2.12141843422813,-1.12009212994613,0.55009639130683
"Line_1272",4373.07642153119,769.828697629478,66.9196145842091,1.93269121876766,0.615616466128706,0.49863614628131
"Line_1281",4226.44098964561,769.828697629479,70.6996726328793,2.19735669201031,-0.993450163189126,0.569853833636107
"Line_133",3799.28188567858,769.828697629476,70.5869579098598,1.98644681295464,0.299835412839984,0.513728613229007
"Line_1374",4748.07888122358,769.828697629476,66.2039852484356,2.19050304614006,-0.428561238616125,0.568320133883633
"Line_140",4359.19550564485,769.828697629476,69.5029133770322,2.01106309382122,1.38021706925695,0.520624161577552
"Line_1401",3495.05178007788,769.828697629477,68.4219763914846,2.16372612276482,1.28881917155349,0.560266401953214
"Line_1444",3947.91679986051,769.828697629476,69.0375344676366,2.20287173732778,-0.0142105292817932,0.571768346893317
"Line_1453",3557.51218665535,769.828697629477,69.5501596539932,1.89733448813916,-2.4511147407005,0.488433533937489
"Line_1456",4685.30547717429,769.828697629476,73.8795571269623,2.01891702522307,0.0499931457114048,0.523042921015432
"Line_1463",4371.27405117531,769.828697629477,73.5730576397423,2.03853156268469,-1.07691615407762,0.528307983393905
"Line_1481",5026.2794646057,769.828697629477,71.6460378094849,2.17536810203143,-0.458357812572927,0.565028207136002
"Line_1505",4707.83450516861,769.828697629476,73.6828534448483,2.21675327175384,-1.21199558750622,0.575268658125183
"Line_1545",4792.88037342139,769.828697629476,71.2897828846739,1.89788074301643,-0.228000306063507,0.488494404540756
"Line_1555",5129.89703401372,769.828697629475,70.7375913477742,2.17744143137519,-0.436115948272404,0.565249029931529
"Line_1588",4689.94740565113,769.828697629476,70.1793280204068,2.02465625517907,-0.929984227250939,0.524768254827895
"Line_1618",4431.57209730646,769.828697629476,69.1323942715822,1.91848175896049,-0.752223011500497,0.494478146528927
"Line_1660",3662.46491234908,769.828697629476,69.209862291524,2.31369120177408,0.721711687421459,0.60030343210601
"Line_1669",3857.77010569171,769.828697629477,68.2827582557657,2.25070510401975,0.392944821198335,0.583476544210059
"Line_1678",4336.4215528982,769.828697629476,72.142906205945,2.13841059011422,0.354763859985815,0.554744442584882
"Line_1684",4394.96945224318,769.828697629476,68.2505885740633,1.95120519686978,0.493669807159478,0.504154490211035
"Line_1690",4348.40855436313,769.828697629476,67.9881107967485,2.0185425859957,-1.08771258635945,0.522573220076926
"Line_1739",4577.69802637915,769.828697629475,72.2558644613894,2.00979078994068,-0.12626831065401,0.520304268790312
"Line_177",4766.05176400513,769.828697629475,67.2531807073411,2.04270546116499,0.394831755010497,0.529439263394263
"Line_1778",4037.31110632032,769.828697629476,70.088332658559,1.95287868588487,0.17430153668575,0.504106200625714
"Line_1864",3912.1428532584,769.828697629476,69.6849621121294,1.91973806462992,0.168831269734735,0.494882787409899
"Line_190",4101.37735295841,769.828697629475,72.867287102,2.03569323876507,1.3861667183701,0.527466333072348
"Line_1915",4154.87546913114,769.828697629476,71.9112770266889,2.06519715451084,0.309624752206694,0.535488300324075
"Line_1962",4653.75134198007,769.828697629474,71.8455574406651,1.94138720007923,-1.11573008261197,0.501244639790836
"Line_1965",4546.52538950611,769.828697629476,69.8872557182664,1.93342601240245,-0.275177571326177,0.498559783418827
"Line_1967",4307.37073448146,769.828697629475,72.7369660442487,2.20796385470301,-1.21457674519458,0.573363947068624
"Line_200",3231.00181619572,769.828697629477,NA,NA,0.362013057362554,0.499095729854068
"Line_2049",4622.85814290321,769.828697629475,70.9552673012996,2.18276215178613,-0.790886082733851,0.565794198474455
"Line_2087",4281.57404302479,769.828697629475,66.9554669562685,1.97473886435016,0.117640618289925,0.510593249350355
"Line_2152",4909.29473290337,769.828697629474,72.424920478446,2.18286647228118,-0.773075987795986,0.565622389823591
"Line_2162",3330.44464624222,769.828697629475,64.9944882573796,1.93605155546357,1.44161745959883,0.499707091353379
"Line_2214",3145.76466431082,769.828697629477,NA,NA,0.783513723767332,0.535239143455874
"Line_224",4264.79210226661,769.828697629475,70.2837499211524,2.04603968838328,-0.408201666837415,0.529876539879651
"Line_2247",3144.72071986449,769.828697629474,NA,NA,0.738154232532297,0.51157782046972
"Line_2356",3978.24522755832,769.828697629474,66.1420601255259,1.94894191853413,0.970135222128567,0.503464706258256
"Line_2358",3821.39718074621,769.828697629474,71.4197814508766,2.03795837526488,-1.1539385376824,0.528289567124877
"Line_2365",3399.52990891255,769.828697629474,66.4366761819065,2.01499539573291,1.70523119775637,0.521680898048673
"Line_2416",5133.11646300267,769.828697629473,72.2764588365759,2.18126692289161,-1.1729343924154,0.565633190693907
"Line_2418",5528.74602569327,769.828697629474,73.9816442950978,2.09337946018175,-1.18173200497622,0.542918938010329
"Line_2433",4141.75007841611,769.828697629474,71.3172989640163,1.90613345954117,-1.01816070535253,0.491124979821045
"Line_2447",3933.68733873683,769.828697629473,69.2241982298836,1.98689287619767,0.396052620792987,0.5136373201
"Line_2461",3638.1562280164,769.828697629474,67.1863629630176,1.93305953422634,0.0970816461161507,0.498648889055147
"Line_2481",4143.25260036201,769.828697629472,71.2350123548924,2.00935045054646,1.38492210807805,0.520594712926213
"Line_2505",3577.06276569986,769.828697629475,68.23307595361,1.94195139289055,0.884512314765331,0.501357793272815
"Line_2575",4010.4603663631,769.828697629473,66.1275068820405,2.02451344096427,-1.1003390166647,0.524156662631244
"Line_2593",4761.50725783075,769.828697629474,70.3198119412778,2.11992250407933,0.271789155183884,0.549800405608299
"Line_2596",3753.14927808848,769.828697629471,65.7567649794358,2.05365988680093,0.980685608368247,0.531838484352836
"Line_26",4199.51879631223,769.828697629472,70.1079775308273,2.108124558957,0.724561361946697,0.547486076175085
"Line_2610",3498.0732861818,769.828697629472,68.2170245979319,2.1411882117914,1.36911911025843,0.554785880208126
"Line_2619",4144.63294612093,769.828697629471,69.948942819219,1.9292295705395,0.161008718019797,0.497470957314087
"Line_2621",4272.62032170037,769.828697629473,71.2936526061137,2.01069071801707,-1.11476857877666,0.520320199744082
"Line_2626",4110.28021646828,769.828697629472,67.9352231580655,2.08338582808201,-1.19111141965189,0.540437992773005
"Line_2629",4473.43998142201,769.828697629472,68.8173552220866,1.99733427604424,0.419487050207413,0.516999637161203
"Line_2638",4164.93147344219,769.828697629471,71.945400802949,2.13259860706725,-0.472651458725271,0.553444762616367
"Line_2640",4082.00825955718,769.828697629473,74.6329484764624,2.14746944571151,-1.23555428298344,0.557284442747005
"Line_2645",3354.51281657635,769.828697629475,67.9796236631164,2.06575748620755,0.839029792628731,0.535118607887998
"Line_2647",4205.9387536737,769.828697629473,69.8392365346216,1.94854852504803,-0.185489097070552,0.503271277087084
"Line_2737",4172.76213127801,769.82869762947,68.7051526699582,1.93268958083375,-1.058856899359,0.498993658642187
"Line_274",4928.18797564541,769.828697629471,71.5026254799311,1.95648554035021,-1.08675330891118,0.505804198633733
"Line_2755",4442.308030802,769.828697629473,70.1465760598827,1.98379868169428,-0.511182887365539,0.512962211307926
"Line_2779",3518.87978133438,769.828697629471,67.8892652631253,2.12435015375118,-0.395019627096461,0.54966278024187
"Line_2784",4249.30939182925,887.572585077808,70.3250173164801,2.33936275945631,0.14525351118895,0.619932541850873
"Line_2803",4362.3203298504,769.828697629473,64.8048643280973,1.9121268099372,-0.257155842538628,0.492894176746295
"Line_2884",5057.36469076445,769.828697629471,71.2628103333832,1.92942040079884,-0.229464978089594,0.497889145259787
"Line_2926",4424.27831950346,769.828697629472,72.168023169868,2.05663616628993,-0.119667490019065,0.533442479387743
"Line_2972",4006.49333400246,769.828697629472,69.8496813693959,1.96995808074637,-0.240167020024897,0.508939407191545
"Line_3008",3972.91862994285,769.828697629472,68.9372379722414,1.92926142960022,0.510253229245611,0.498053589574828
"Line_3011",4640.1453606503,769.828697629473,71.472425476427,2.05788978552725,-0.506022491455666,0.533267555819985
"Line_3022",4842.40054223203,769.828697629474,72.1391177107388,2.0711845494034,-0.938802005637162,0.536391540095092
"Line_3032",4166.28130451229,769.828697629472,72.1829252159519,2.23496843281923,-1.26793729600984,0.58055956838453
"Line_3068",4308.45188280299,769.828697629473,70.8464078392722,1.95543600256293,-1.01549196237558,0.505138616883536
"Line_3072",4770.87701963899,887.572585077807,71.1055758546758,2.19665775365263,-0.951485937173893,0.581323165973309
"Line_3077",4497.54721055461,769.82869762947,70.775333946268,1.93428725944491,-0.794850710893095,0.498777316093685
"Line_3093",3781.33391675631,769.828697629473,69.2538269978379,1.92123304468165,0.13595391283322,0.495547627855721
"Line_3116",4342.24027844987,769.828697629472,72.6636415307548,2.11867613501572,-1.26753608929515,0.550807831134951
"Line_3138",3446.96768794665,769.828697629473,68.5217101451542,2.00209502107184,0.209090390789683,0.517891805278628
"Line_3192",4725.62546492631,769.828697629472,73.1887820016594,1.97008805900097,-1.00961381929757,0.509438818471532
"Line_3200",5061.48701236547,769.828697629473,69.6000378636328,1.99029269552106,-1.10694529035771,0.51468594438444
"Line_3211",4267.57053853725,769.828697629474,73.3723761878394,1.93467531029418,-1.02814624052407,0.499613937681891
"Line_3232",4667.39803453187,769.828697629471,69.4603659667962,1.90992675327279,-0.291390287599627,0.492183712278267
"Line_3234",4230.29388505488,769.828697629472,67.5582070217562,2.03236500315563,1.36829340480967,0.527034569652025
"Line_325",4977.18489523951,769.828697629472,71.4216429602918,2.15074824060835,-0.0139383750368102,0.557728334218845
"Line_3268",4094.65185388016,769.828697629472,70.667325235055,2.0453132301745,0.432561778466698,0.529841033471551
"Line_3287",4694.59390485583,769.82869762947,72.0712360041673,2.13144331118572,-1.18143590020032,0.553457611635974
"Line_3302",3761.20003928832,769.828697629472,71.1478418118954,2.05279648058496,-1.22883397263493,0.532148835430978
"Line_337",4452.79910704277,769.828697629472,71.5590267454834,2.1646916251439,-2.66388246042513,0.562156852563478
"Line_3379",4446.40559851665,769.828697629472,72.0035518099078,1.93072395178917,0.15341397979339,0.498113652616249
"Line_3394",4810.98316554765,769.828697629471,72.2473532830401,2.08216416026248,0.658756600253185,0.540150742331897
"Line_3409",4761.50725783084,769.828697629472,70.2629112523946,2.0332143980414,-1.15124512475601,0.526112869561218
"Line_3422",3731.88845622442,769.828697629472,69.9466714254036,1.98165560153728,-0.512735345260788,0.512464326513773
"Line_3447",3915.65943982611,769.82869762947,67.2140137190017,1.96329726920114,1.4100816309435,0.507250676558943
"Line_3458",4461.73248524257,769.828697629471,70.9043099325937,2.01714157621969,-0.99103865168969,0.522490757495676
"Line_3466",4172.51502056535,769.828697629471,71.0730997817082,2.17733097996223,-0.957933176921015,0.565043844389852
"Line_3480",4954.89027552387,769.828697629472,70.2934619432363,2.00732697239913,-0.938985493732364,0.519691499583192
"Line_3498",4547.41081477901,769.828697629472,71.8975253368067,2.10294625245791,-0.441427145827177,0.544668591435406
"Line_3503",4788.35467539106,769.828697629472,72.2966274197361,2.060285435804,0.179373240234576,0.534090672981568
"Line_353",4775.05042236529,769.828697629472,71.9373136430443,2.20388766857617,-1.18838003175599,0.570398175620283
"Line_3539",3659.93277583867,769.828697629472,72.9746454171518,2.02932815443979,-0.275144320673431,0.525337785680866
"Line_3553",4427.31287294519,769.828697629472,70.2275402231066,2.14199670713425,0.330689082553739,0.55480533094811
"Line_3595",3853.58315490666,769.828697629471,68.9624455724132,1.95724922881728,0.874654381751432,0.505614648763586
"Line_3597",4129.03519068771,769.828697629472,71.2010315435794,1.89503119417163,-1.05093178105878,0.487675626757378
"Line_3602",4263.66660038208,769.828697629472,61.4593377530909,1.89671435341674,-0.259248019476303,0.488109891453258
"Line_3616",5062.17574736047,769.828697629472,72.298942410974,1.91135136971408,-2.40970487014542,0.492702639414778
"Line_3626",4815.49434875952,769.828697629473,71.0143187335658,2.01337385929551,-0.205022756291535,0.521138434872463
"Line_3664",4685.68086978273,769.828697629472,72.3939010718941,1.97036659018114,-1.16038634128135,0.509052689394516
"Line_3708",3261.49579717029,769.828697629471,NA,NA,1.23714388142385,0.534557189861421
"Line_3728",4864.54662939262,769.828697629472,69.7491328343806,2.08804210595531,-0.12345419387943,0.541863277412615
"Line_3737",3866.74417013843,769.828697629472,68.690452213278,1.90040947382675,-1.03871096854852,0.489286264139503
"Line_3750",4434.1128953642,769.82869762947,72.0576172619529,2.0986415051684,-2.53492741462227,0.54415248325989
"Line_3762",4468.49198138248,769.828697629471,72.7597499941666,2.06844531266653,0.30020197263766,0.536230807963102
"Line_3763",4446.40559851902,769.828697629473,67.0527953043143,1.9014034094491,-0.955763242575547,0.489550980374421
"Line_3780",4147.27157888898,769.828697629472,71.7671641843447,2.04413534911261,-0.492082368809663,0.529990537814754
"Line_3787",3931.64633427337,769.828697629472,71.1783094924388,1.96553230001266,0.692524328058416,0.507652654645006
"Line_3816",4078.29804343305,769.828697629472,69.217140711763,2.03853407713765,-0.350803901392384,0.528260432516708
"Line_3827",4801.93176948405,769.828697629471,72.3173336756965,1.95980889248032,-2.40673217875649,0.506400226585436
"Line_3849",4797.25753890126,769.828697629471,66.645717576343,1.97212412275916,0.430364090763258,0.509373529743665
"Line_3879",3944.35943457936,769.828697629471,66.4868486710516,2.2107169208383,0.671081245844217,0.573442890999055
"Line_3886",3541.96818978572,769.82869762947,67.3733700289191,2.02219107987025,0.178978450963569,0.523607054179617
"Line_3904",3906.72606162856,769.828697629472,70.7759027311956,2.21364799957421,0.349321659846676,0.574095253362888
"Line_3923",4891.42797651258,769.828697629471,72.1389598597011,2.05944095214003,-1.14220089749449,0.533780624117316
"Line_3925",5336.47402003137,769.828697629471,71.149458851027,2.05369570849552,-1.17480708738146,0.532597053822082
"Line_3960",4223.90715818778,769.828697629472,70.0248961210332,2.21596758147893,0.352004190222248,0.575040639636028
"Line_3979",3875.71823458489,769.828697629471,66.6781519173977,1.99029421245372,0.793303269827245,0.514782256463287
"Line_4013",3316.64738128112,769.828697629471,68.5814415936769,2.05492474315077,-0.223639090749946,0.532740175571313
"Line_4022",3821.95656120316,769.828697629471,72.7352076960534,2.1767463205262,-0.0200180690271884,0.564259041832446
"Line_4097",3999.83058421859,769.828697629472,67.6092989647455,2.04113456569421,1.31512102978461,0.528783516057651
"Line_4160",4235.49663650267,769.828697629472,68.076819581601,2.04366998761579,-0.177608381175715,0.529238335309876
"Line_4178",4631.17129620546,769.828697629472,70.546572944689,2.18495519590508,0.744716125219944,0.566474530555317
"Line_4181",3974.68641976568,769.828697629472,66.5736155419331,1.94479246688885,-1.12344994936554,0.502284808929197
"Line_4204",3576.1649829113,769.828697629472,71.0075113372603,2.03836418663188,-1.21498585521221,0.528171358676406
"Line_4209",4207.17651261992,769.828697629472,71.2442675673486,1.9756762049379,1.07177096650746,0.510379999631119
"Line_4215",4485.53410516173,769.828697629473,69.8574599633873,2.03163900552525,0.157012079220658,0.526016537689704
"Line_4252",3774.60663025704,769.828697629472,69.9419225035291,2.21886050234397,-0.027435699425279,0.575593255777669
"Line_4330",4568.18968026968,769.828697629472,69.6930805369588,1.99469009179499,-0.362045787148342,0.516273541170672
"Line_4372",4323.42155904799,769.828697629473,72.8607945452616,2.04747726341141,-0.435829384169819,0.530914972081816
"Line_4379",4272.62032170132,769.828697629472,73.6867084425325,2.18642677549351,-0.0278150437823527,0.567658860695338
"Line_4421",4842.61623483834,769.828697629471,69.9561007217424,1.96686404877759,-0.285111149971033,0.508309008506491
"Line_445",4265.87691790017,769.828697629472,70.3821259238561,2.14819714988825,0.0275280813447585,0.55633535419645
"Line_4458",3929.98926653412,769.828697629471,68.2313539990769,1.96711104299122,0.478267836556973,0.508583855896066
"Line_4469",3744.16504207618,769.828697629472,69.089490709423,1.96422994607876,-0.307711194761649,0.507742668651016
"Line_4473",3902.72201033209,769.828697629473,67.7509443990794,1.97517458917725,1.35788813367713,0.510570519335832
"Line_4508",4716.50440291064,769.828697629472,68.0073940172207,1.94923527520988,-0.309424928450672,0.503657275011994
"Line_4510",3908.19992380955,769.828697629472,71.1313886032034,1.93713077360642,0.335639512472321,0.499747183732
"Line_4523",3620.78492196401,769.828697629471,66.686254132838,2.00291849307709,0.873170150628838,0.518332469969896
"Line_4627",3390.13976560692,769.828697629472,66.6393584352239,2.14546209637349,0.632771960051619,0.556167340607813
"Line_4629",4563.94943327129,769.828697629472,70.3919775338206,2.03731747747733,-1.08661911423164,0.527728160833798
"Line_4658",4202.09602983231,769.82869762947,70.1292197250399,2.0191008649634,-1.15852244049468,0.523181543582626
"Line_4701",3872.26286233888,769.828697629472,68.3132186512854,1.98861844610055,1.46285296031891,0.514254615229122
"Line_476",4365.38412469004,769.828697629472,70.4698000726462,1.9827375626745,-0.349089079907373,0.512738017486207
"Line_4761",4716.66157204675,769.828697629471,72.3155488508231,2.09233370745793,-1.01288151833593,0.542669410870628
"Line_4800",4690.08423166211,769.828697629471,71.1053124509922,2.20360394725288,-1.19376167221377,0.572353191077439
"Line_4854",3614.44489458639,769.828697629471,67.4489495330717,2.00293707737133,1.60452442048242,0.51844476714963
"Line_4856",3712.13435716219,769.828697629472,66.6347999128104,2.07907095324996,0.484284756126287,0.539089709707802
"Line_4858",4904.99912486638,769.828697629472,70.2182485204127,2.06973422595302,-1.10177894701055,0.537011634477739
"Line_4862",3662.4649123508,769.828697629472,68.1304650327064,2.02390798818668,1.43787683545352,0.523845203458796
"Line_4887",3432.13572171496,769.828697629472,67.6180058153426,2.009729865334,1.43798757471071,0.520325227941678
"Line_4899",3515.64244762395,769.828697629472,69.0755558969583,2.01523781344793,1.37373039478274,0.522198076295342
"Line_4901",4833.43664934942,769.828697629472,68.2726646337236,2.11055294038398,-0.260925126428536,0.547778366048645
"Line_4921",3919.1760263901,769.828697629472,70.7389931416737,2.21110421448881,-0.827737266847372,0.573690583636428
"Line_495",3387.45315080539,769.828697629472,70.8190447942301,2.03715718066324,0.0143642516738886,0.527803357230366
"Line_4972",3602.77564625968,769.828697629471,66.8319006641249,2.11461022793791,0.343248451794551,0.54897346261428
"Line_4987",5034.68687777939,769.828697629472,70.9963132452267,1.96310210674233,-0.274628239546561,0.507128695187076
"Line_5017",4218.73519883996,769.828697629473,67.6242769409195,1.96949092986184,-1.04342970518807,0.508778328600942
"Line_5019",4190.46314946126,769.828697629473,68.0711890144218,1.95886545637558,0.497945934027616,0.506412723424483
"Line_5079",3604.93485352622,769.828697629472,68.4306337328629,1.99773267229322,1.45960578850936,0.516945291742937
"Line_509",5011.33093874094,769.828697629471,70.4920080925179,1.92889634128159,-0.999760589504478,0.497800413280949
"Line_5091",3844.0299891942,769.828697629473,69.6262176877968,2.10475070826306,0.489588098622276,0.545801512203657
"Line_5116",3922.69261295211,769.828697629472,67.0395128669706,2.08136527351452,0.720337616248779,0.539490690507506
"Line_513",3492.01861736997,769.828697629472,64.666849925259,2.04660910172671,0.879342239603004,0.531006555278203
"Line_5138",2823.54996939363,769.828697629472,NA,NA,1.17636769468983,0.526067401372566
"Line_5142",3883.32052235416,769.828697629472,67.6653595429045,2.04764631125493,0.807259437112354,0.530471985471964
"Line_5150",4316.42638133316,769.828697629472,68.9189362881642,1.98530911184045,-1.02554790477211,0.513393108598603
"Line_5158",3901.59309357684,769.828697629472,70.0918180308058,1.99905106092799,-0.849929431011284,0.517139416041168
"Line_5195",4127.11226003306,887.57258507781,71.768458734724,2.21865520403165,-1.02616048754171,0.587829097818004
"Line_5267",4064.58149999196,769.828697629472,71.7870819854793,1.97436956963239,-0.889207317506451,0.510641462802183
"Line_5283",4176.58451199839,769.828697629472,72.1381893569835,2.06466070920259,0.365032807974578,0.535232455452642
"Line_5312",3985.05975554975,769.828697629474,69.4615942961954,1.93003953266802,0.856878400155199,0.498053707030461
"Line_5325",4058.83712856354,769.828697629472,68.9738910114249,2.20865285837286,1.45037333202826,0.573085487933256
"Line_5350",3584.39353377983,769.828697629473,68.1767429156668,2.19538684572202,1.37502421190027,0.569059088717412
"Line_537",4185.49754707,769.828697629473,67.6818175110468,1.93418797718111,0.167584763371962,0.499207198691252
"Line_5395",4075.58981220844,769.828697629473,72.2746373121077,1.96924414727484,0.112848076798006,0.509341122792291
"Line_5407",4698.45425601746,769.828697629472,68.9074472603624,2.0453474833462,-1.07748192905797,0.530291823419007
"Line_5430",4447.90242716209,769.828697629472,67.1892827698719,1.98017000349654,1.4230381711209,0.511955061203349
"Line_5433",4326.42404710005,769.828697629473,72.5088605234503,2.07013342481904,0.0496842562450551,0.536805940265076
"Line_5448",3620.78492196034,769.828697629472,68.4698364869546,1.96663925609833,1.79564914338777,0.508389609014606
"Line_588",4264.79210226412,769.828697629472,71.0361251280107,1.97969490620848,0.0389836098750489,0.512187420899443
"Line_60",4006.83170767399,769.828697629472,64.4690075453969,2.14714809112137,0.707207669863472,0.557724933178421
"Line_63",4214.88230343129,769.828697629473,70.0924550113856,1.99742345464152,-0.384455460353854,0.517070782204179
"Line_636",4363.22168748847,769.828697629472,71.8881429215643,1.91907173701636,0.150214481930654,0.495009160669141
"Line_637",4301.61008577725,769.828697629473,69.3622120561181,2.12930219017016,-0.360053701158329,0.551994284023439
"Line_661",4321.43538577775,769.828697629473,69.6620344774288,2.06074167638047,-0.183992917860776,0.534422757713048
"Line_777",4406.0969631523,769.828697629475,70.4298157469262,1.95290508246185,-0.363652793577715,0.503888636951336
"Line_795",4578.48136614616,769.828697629474,71.531223268246,1.97650048256275,-1.02880647716139,0.511067996627387
"Line_804",4107.97977243097,769.828697629474,68.5472792446793,1.91760086161785,-0.98073710931748,0.494555722643359
"Line_836",3677.88090473273,769.828697629475,70.5274994837046,2.02272455412383,-0.348641976577665,0.523705775635694
"Line_871",3960.13911302773,769.828697629474,68.9936106587483,1.92250696443182,0.814533053081812,0.495672483326072
"Line_889",3278.77716164365,769.828697629475,NA,NA,0.169317144658816,0.49080362285706
"Line_916",4364.98318665802,769.828697629474,72.8810220456893,2.06593728930845,-1.1348431038932,0.535874165212014
"Line_937",4632.04060416792,769.828697629474,73.7621656266666,1.96589159422139,-1.06864149194681,0.508253225091559
"Line_967",4585.15066826538,769.828697629475,71.8433844623313,1.98446269053362,-0.8627553171803,0.513095955080391
"Line_97",3985.45005966694,769.828697629475,71.3462867248911,1.94543817701157,0.777048725788688,0.502354428782255
"Line_972",3177.0581023541,769.828697629474,NA,NA,1.42806461651866,0.522375720573751
"Line_984",4362.32032985008,769.828697629474,69.949588714195,2.01711348578281,0.357167815802316,0.522314529564432
"Line_989",3951.47416513727,769.828697629475,71.8413960364358,2.2125059087884,-0.0859605757087416,0.574696285953452
"Line_3445",NA,NA,NA,NA,-0.333129524400675,0.51354041533065
"Line_565",NA,NA,NA,NA,-1.03204964435824,0.499621459121143
"Line_1009",4024.63305084065,847.455217705161,69.3066832569875,1.74066759018304,1.09840872319157,0.598634159849509
"Line_1074",5406.12625591656,813.408310294737,70.481981051213,2.15860321819284,-0.386821519703558,0.598634159849512
"Line_1094",4347.37766610999,842.587246437036,69.1652627990501,1.98371670411385,-0.637989936673804,0.598634159849515
"Line_1298",5114.58458854155,840.623371448971,69.7959769573748,2.17076464630161,0.50780871095103,0.598634159849512
"Line_1438",4637.36257101901,845.776233794508,66.9293141391844,1.98789984805686,-1.40045062245485,0.598634159849515
"Line_154",4506.14574612067,419.019805001353,71.5821546403293,1.13322414375336,-0.553071760727543,0.348003549864614
"Line_1613",4151.14678086759,832.420517091066,68.4561946261172,1.73092239261719,-0.131437864827161,0.598634159849513
"Line_1766",5056.12271148081,580.955700053543,72.5484377257691,1.28794205168542,-0.64220517458058,0.598634159849513
"Line_1825",5037.52950285705,835.958886084622,72.4132217522555,1.99017773920165,0.123945790050283,0.598634159849515
"Line_2228",3958.25961249651,570.036847112878,72.5646623429817,1.50669063843566,-0.386821519704584,0.598634159849513
"Line_2245",5149.41854819263,824.917509204155,67.6385834669394,2.17178705762917,0.123945790049589,0.598634159849514
"Line_2352",4113.39553508265,816.356017422438,70.6519593417114,1.71113192203744,0.751185484644583,0.598634159849512
"Line_2439",5158.44317959293,828.809425272672,70.7365370328592,2.17217708390591,-0.642205174581618,0.598634159849513
"Line_249",5131.39509570528,812.152053612919,67.01468855596,1.97532155735951,-0.642205174581812,0.598634159849514
"Line_2747",4175.8948637016,810.873033074404,70.0279664455021,1.74461955723148,-0.386821519704305,0.59863415984951
"Line_2981",5126.14182163048,835.576018294187,68.8077580771289,2.18953559873162,0.251900097017007,0.59863415984951
"Line_304",4536.27809770859,578.662939068841,70.2238495008583,1.29449339709565,-1.021327898518,0.59863415984951
"Line_3161",3946.43787673568,842.963239414476,NA,NA,-1.02132789851807,0.598634159849512
"Line_3443",4190.55827472954,826.063624667263,71.0276018623393,2.00602867779856,-0.642205174581319,0.598634159849512
"Line_3474",3875.81893199871,844.63190297165,69.8230369642725,1.97818388216389,-0.131437864827541,0.598634159849513
"Line_3526",3846.21061373801,829.153160764983,66.8370881860763,1.7272729883925,-0.131437864827071,0.59863415984951
"Line_3877",4701.41384710485,574.899712946027,71.4370902559531,1.32012667475845,-1.0213278985178,0.598634159849512
"Line_4066",3829.92874327854,832.48207956079,NA,NA,-0.131437864827459,0.59863415984951
"Line_4172",4430.34439871239,799.05702051847,70.333918269403,1.99423616466242,0.837860004716327,0.598634159849512
"Line_4224",4815.44568419196,573.834016068752,68.7032236057631,1.29282750208211,-1.02132789851797,0.598634159849511
"Line_4354",4722.97789787417,846.093929134399,66.2687074476018,2.18287629603645,-0.386821519704467,0.598634159849512
"Line_4530",4941.08812887854,810.54111586885,71.3587772811367,1.71490627533619,0.379854403984729,0.598634159849511
"Line_461",5232.80924553767,850.598396205806,70.2617097400883,2.19287118730098,-0.642205174581506,0.598634159849511
"Line_4706",3416.79448761322,834.131707482284,NA,NA,-1.0213278985179,0.598634159849512
"Line_477",3445.7285778073,821.665005984732,NA,NA,-0.765944243640908,0.598634159849511
"Line_5376",5204.31238773608,822.734084825204,72.7422677740445,1.97834985518506,-0.642205174581356,0.598634159849512
"Line_1032",4804.3127808813,730.688910641114,71.7219168961883,2.26460657836633,1.18897263312661,0.465271183329618
"Line_1033",5189.77278666363,736.23880277666,71.2839284005009,2.29735226732929,-0.751143835592762,0.468807064656985
"Line_1098",4375.04525447337,764.877366961642,72.2338103173678,3.10354520328175,1.24671797844093,0.482373681969151
"Line_1119",5184.94663028079,776.800534856183,71.3522260078583,3.10307830542075,-0.684922119576328,0.486751421288954
"Line_1264",5111.41945049771,740.46123367018,72.200892993846,2.32769046197997,-0.728509495455203,0.471544874797239
"Line_1345",5211.24874440358,736.425881187069,68.026279806985,2.29799920542161,1.15826968600044,0.468945221530551
"Line_1412",4444.96199807935,761.751372889029,73.2489541618985,2.66359310937369,-0.633263580148599,0.480641590461405
"Line_1502",4561.23616142742,757.657465299137,69.1792035392849,2.84995130249555,0.00845983472698197,0.477550844576615
"Line_1609",4858.32101238698,773.268515578636,72.2965311488511,3.08484354427475,0.493351107479723,0.485345498364343
"Line_1636",5440.5806381118,730.009788057577,72.8155341638625,2.26108628511266,0.554955443148767,0.464817053857934
"Line_1763",4396.77808072634,761.201151470501,70.1855013062141,2.67625086091781,-0.778149142688074,0.480817065499218
"Line_1811",4927.02877860064,736.050647049288,72.4889994600215,2.32144338745822,0.229634413306435,0.467821100123959
"Line_1815",4585.56992359664,762.439984480777,73.4001862312568,2.68857895516497,0.0409437415298849,0.480821016745995
"Line_1874",4889.93076415434,775.834321929425,70.9896169867268,2.97984118944686,1.00584445590568,0.486648254483439
"Line_1892",5341.83252156121,734.045810302536,74.7450211461516,2.28194272558781,-0.754017765491121,0.467511311541383
"Line_2095",4659.29337367202,746.896100502971,72.1673596602773,2.41147930265882,-0.750508604812426,0.47437771839904
"Line_2103",4915.57193603069,736.098394426625,71.0154020647891,2.31889280249529,0.106130336632366,0.467862246345926
"Line_2213",5135.57799673703,766.333659118015,74.3724380295142,2.79397935662296,-0.794219631331445,0.483189710660473
"Line_2354",4560.88226883421,732.24369541506,73.8451842627369,2.27244991567302,-0.752334743327911,0.466316759642029
"Line_2425",4138.0508325684,741.65806066935,74.5635215632043,2.32754772941785,-0.759008210571002,0.47235474305088
"Line_2466",4512.67437140565,741.219515996978,71.501084794186,2.33255695410872,1.14091264019754,0.472028733567599
"Line_2500",4976.22688244621,749.18327780709,72.3844869980954,2.41952401889322,-0.865670325675348,0.475901099052518
"Line_2501",5189.9488750605,748.096594008362,72.1849091349995,2.45934611216507,-0.66419675565959,0.47408807899443
"Line_2526",4181.81794653765,775.20076527497,70.2683437628573,3.18006229221528,1.4011437502646,0.486240633335857
"Line_2544",5455.78684404978,732.245114965401,70.9431308437031,2.27246055603756,-0.753783297409194,0.466317508306503
"Line_2558",5037.62221902477,758.995283129096,70.2748363568816,2.60912170108513,-0.574479679087484,0.479416342851661
"Line_2582",5333.42110988417,737.092859420665,74.7369762476438,2.29919920202424,0.781994850925872,0.469502490151365
"Line_2612",4912.09777792297,784.266941229674,71.650745626901,3.40620419709558,-1.00803223350086,0.491175365564853
"Line_2624",4694.17649519951,755.393579125214,71.8018826873873,2.69242637010205,-0.762895106016894,0.476720574932985
"Line_2902",4981.20310954618,561.813125198206,73.9616311861587,1.64493570138539,-1.21821451906568,0.292250442036389
"Line_2942",5121.81086898066,734.789432978366,74.2452303461169,2.2858942973286,-0.75303420270586,0.468002347859037
"Line_3026",5250.80853257893,737.208647909621,72.494427505545,2.33364684376001,-0.685153327828454,0.468393878706542
"Line_3060",5530.41456384334,735.650116906571,74.0441768408193,2.29051267324785,-0.75272083519369,0.468568768852842
"Line_3109",5459.63954651408,732.313867573016,73.5045362558593,2.27320946462074,-0.769701900788888,0.466350979738192
"Line_3128",5048.57859638613,754.687470979748,73.3469523628148,2.6064389952408,0.128540462770727,0.476561370844365
"Line_318",4918.993507672,730.688235304962,74.1318084070379,2.26457580800351,-0.75243673042594,0.465271036497944
"Line_3289",5149.0457390548,741.796323417389,72.03179356981,2.32843791239609,-0.729695030668734,0.472426226087292
"Line_3305",5454.30073583907,733.937039509304,71.4120829583988,2.28619658571394,-0.792308240111055,0.467298966284191
"Line_3346",4933.93499814668,745.421411567438,74.3418209449315,2.39126289741262,-0.765346154100506,0.473557294098322
"Line_3385",4940.27719155355,743.407659777204,72.5994845443779,2.40975087006377,-0.856840860585475,0.472427463214499
"Line_340",5471.8301030194,758.736316117058,74.2285592159153,2.61205193344993,-0.881962720681843,0.479123885943574
"Line_3457",4548.12176009379,735.826967567601,71.04331207661,2.29146015883408,0.174913581175093,0.468685200052216
"Line_3470",5179.61832393701,735.029291693405,71.0057197316935,2.29115236101172,0.742221895476136,0.467998645489864
"Line_3688",5389.10051921578,736.367634570293,72.4180386747613,2.29460222048939,0.180987969048751,0.469031533003047
"Line_3774",4997.07241166686,731.367545377336,70.2462956254765,2.26788884082732,0.17457422871776,0.46573334105525
"Line_3850",5704.05164164211,741.205099778706,69.8440965799523,2.32115471503791,-0.752861283718105,0.472186977022466
"Line_3943",4110.9293129433,741.207884017054,73.0593584171881,2.32117805088045,0.565789527410799,0.472188412835035
"Line_3985",6041.925738311,740.862510250582,73.5527342040017,2.37653896687203,-0.873424926485938,0.470563795497476
"Line_4075",5063.03687463908,766.212402196779,73.3724630497298,2.75210254147254,-1.10809301857233,0.48270248289137
"Line_4094",5619.93782792335,773.724439552145,73.5919273371248,2.92444563045024,-0.872564446316962,0.4855304756691
"Line_4096",4931.68452844964,744.674790935281,72.3945987104807,2.42687368022272,1.23666451022613,0.473153030502487
"Line_4162",4320.10625476265,761.508348979915,67.6511616882787,2.69707714665874,0.665982166568566,0.480399697401113
"Line_4167",4727.01206681112,740.928389105308,69.3401386485361,2.31961263429935,-0.755443076790379,0.472008043003359
"Line_4240",4335.35081872271,735.876259266093,72.0342849904122,2.29196472691545,-0.752051557720897,0.468709121124034
"Line_4299",4640.57555249354,740.399543835989,72.0426334290666,2.31664179950763,1.96638369286257,0.471666037307153
"Line_4496",4431.55079536972,737.594938919823,69.0055998581372,2.32871370725742,1.11129610633338,0.468801470088345
"Line_4543",5323.45358425553,735.97392267836,72.6861281924794,2.31741357969336,-0.748588238564512,0.467804834321709
"Line_4622",4196.00761821636,745.221178565394,68.9168449588024,2.42498224687495,0.808563326223703,0.472968434741228
"Line_4647",5496.0238985064,733.168459559953,73.8439665191246,2.27730571637476,-0.75226406510735,0.466930574712759
"Line_4669",3529.55195353712,735.652269701237,70.8457190838091,2.29053008727054,0.566610509217285,0.468569900560752
"Line_4837",4988.29201038289,758.747920803842,72.3156511200495,2.64982396203991,-0.955097113491294,0.479143445427287
"Line_486",3879.05792941584,748.988693308531,66.9637499513475,2.50943338368304,1.85936110495878,0.47453911822254
"Line_4955",6232.41416490713,734.78939265981,72.3450136477035,2.28589367666921,0.175734511192639,0.46800232882241
"Line_5155",5010.82257664632,772.970470548119,72.5817615824191,2.98418678763771,-1.17030472783939,0.486285219429631
"Line_5192",5528.82066239161,754.878423924434,69.9730668574472,2.69889451950396,-0.742165324234888,0.476337389004559
"Line_5224",5291.92352109028,736.250419288132,70.8460397992292,2.29791344993019,0.196447934534331,0.468809551615059
"Line_5371",4331.53547932536,731.367220662849,69.8470117768875,2.26788423473981,0.175422170608058,0.465733184971377
"Line_5382",5531.5795894718,760.263474767205,72.3779981419346,2.83394872233683,-0.972765453993825,0.479086361441683
"Line_5398",6532.97472630568,741.409168459337,71.4500160446755,2.34920873908833,0.234536038428013,0.471386135087555
"Line_546",4379.28565923331,733.169008676726,72.0436640604298,2.27730662878576,1.18360726944361,0.466930886092157
"Line_602",4865.37385930491,765.386677644788,72.3764710588285,2.69522637964859,1.29727102842075,0.483117719125637
"Line_603",5131.58162595037,761.133409371642,72.1373446897041,2.65160201025317,-0.744762436017923,0.480329684730083
"Line_706",5007.30379781192,736.509132448784,71.5311191681683,2.29953687569317,1.14555626677286,0.468983911917747
"Line_744",5318.63831950513,765.692985291598,72.9368404926635,3.04642950820192,-0.921461673782096,0.482942624698961
"Line_783",4487.59937680886,762.389937220772,68.926329530907,2.76290827097975,1.20367533320073,0.480112189086843
"Line_790",4958.49001138837,761.74882717281,73.7545641522294,2.6705113951442,-0.78970950161498,0.481121357515205
"Line_843",3951.38367201792,734.044646466103,70.2470595481707,2.2819289527283,1.96536846825386,0.467510735471397
"Line_99",4928.13018840795,742.184416957002,73.4396234249123,2.36018238907404,-0.773803128535729,0.471798416856441
"Line_1005",5013.12764700932,760.782400819717,71.291555049781,2.30137473621995,-0.468458033459232,0.43085564455642
"Line_1042",4580.36462794079,760.782400819735,66.4156818329938,2.12479428273229,0.24393941467657,0.383684591221643
"Line_1048",4501.36806253875,760.782400819731,68.3329036389044,2.05082190670584,-0.116137025763224,0.36454717421806
"Line_1061",3359.01218020651,760.782400819738,66.3803523612777,2.33541201096542,-0.108714710049985,0.439650777418057
"Line_1076",3500.64104234736,760.782400819736,66.6898112811666,2.31466198445386,-0.353474049133148,0.434372465520949
"Line_1083",2849.923318861,760.782400819733,68.996037666964,2.06923459563256,-0.0833529753744178,0.369266837111011
"Line_1101",3018.61578957622,760.782400819735,66.6998881083732,2.38685415279243,0.69097997870817,0.454220597129714
"Line_1107",3594.84190217814,760.782400819733,66.7414640037942,2.09478977190007,1.57591784005983,0.375736331691673
"Line_1282",3290.10107040457,760.782400819735,68.6087537292912,2.41105169060328,2.72594078664949,0.460488609588871
"Line_1292",3456.63090418717,760.782400819736,65.9278850686055,2.29220703076126,1.56523665814632,0.427779833031381
"Line_1416",3535.46099162578,760.782400819734,65.3511372747657,2.11614019562351,0.71920790179678,0.38185924511108
"Line_145",2950.33179081583,760.782400819733,64.6622674768977,2.07338071576926,1.98885568050667,0.37025873442103
"Line_1515",3395.25889178231,760.782400819736,68.6175775767532,2.07261350130646,0.897283427240595,0.370065895645879
"Line_1543",3656.38427900795,760.782400819734,67.563459604183,2.07808188601271,2.04815631673845,0.371499225476562
"Line_1552",3541.94715383937,760.782400819737,69.510980776795,2.1358000164846,-1.09937980125225,0.386499260907074
"Line_1565",4631.33624543015,760.782400819733,71.7667468795237,2.07260072542609,-0.11376245989436,0.370062593434121
"Line_1648",3470.49344931259,760.782400819733,69.3646988956934,2.0828052314295,-0.128112720560082,0.372643602965559
"Line_1653",3899.09170916895,760.782400819732,68.6739170543562,2.26086418633004,0.278091800513096,0.419899481395282
"Line_167",4589.34809368601,760.78240081973,68.8580189400405,2.09689176244386,-0.791892796873568,0.376205752694025
"Line_1774",4320.61128925409,760.782400819733,68.5286598871124,2.07246774788427,-0.754138411461524,0.370132746340885
"Line_1852",4176.37295898766,760.782400819735,67.4763785531908,2.12340659487821,-0.642292578066948,0.383363314046586
"Line_194",3661.80073128192,760.782400819737,66.1601384460805,2.09689194587911,-0.133643580195442,0.376205797750947
"Line_1973",4056.65586819458,760.782400819733,68.4502389454573,2.07043310296659,0.472553305150576,0.369608896141757
"Line_1978",3782.41853242807,760.782400819732,69.6582525195822,2.07558329375864,-0.129123526103276,0.370816153559169
"Line_1996",4737.61658472586,760.782400819735,71.2865544230648,2.13641904413138,-0.209248202156013,0.386704314105241
"Line_2133",4352.4001406477,760.782400819737,66.3178571718011,2.09348393804344,0.566773619675269,0.375704425584222
"Line_2148",4840.20213815689,760.782400819731,67.7497533336565,2.09820767575835,-1.47652362653956,0.376538419588753
"Line_2160",2130.19174354416,760.782400819733,NA,NA,0.00336864287775296,0.379909369398248
"Line_2180",3450.774028805,760.782400819731,67.3557348127551,2.0725672891266,0.923129196800833,0.370052765715861
"Line_2326",4274.23277674086,760.782400819731,69.0168990916622,2.10328138520742,-0.863035168791491,0.378222724246643
"Line_2345",3843.51545030193,760.78240081973,70.5031683836849,2.10813792414222,-0.710676234508548,0.379183143202689
"Line_2423",4279.63224897825,760.782400819731,66.8574884125287,2.04750785205988,1.42564231750824,0.363704138743648
"Line_2574",3873.80873709988,760.782400819732,66.6728289132497,2.38079924670229,-0.547116173083918,0.453303978844872
"Line_2576",3352.32557995619,760.782400819733,65.7575529858931,2.09440637308986,-0.126748587589309,0.375577475533552
"Line_2604",3797.18788807001,760.782400819731,68.3056670178371,2.07374491106951,0.957084226594651,0.370353785546006
"Line_2652",3111.35499310068,760.782400819735,61.1465106124271,2.13316242429552,1.66567840066062,0.385861700477711
"Line_2756",4520.0728049585,760.782400819731,60.1490324263883,2.26102636519499,-1.65901503601575,0.419944737325485
"Line_2799",3324.49541099297,760.782400819733,65.2665544333697,2.10289942236091,0.000967247642588043,0.377771883694268
"Line_2862",3305.99801772409,760.782400819733,63.4736313799974,2.0547038021028,-0.968010039681929,0.365573738203718
"Line_293",4204.26434226337,760.782400819735,63.8997525913715,2.35308404755914,0.110200258435729,0.4445863861885
"Line_2961",3697.07146016767,760.782400819733,68.3619414728973,2.07886612268686,0.443850834735321,0.371646992509704
"Line_2978",2928.8350562054,760.782400819734,64.6679840017558,2.30894249433632,0.107396021424942,0.43274994593601
"Line_2990",4552.58802334979,760.782400819734,68.9569287832277,2.07258469019969,-1.48609914834536,0.370057317658228
"Line_3217",2506.51277986773,760.782400819732,NA,NA,0.758021383107728,0.367512851739739
"Line_3266",4766.46886626413,760.782400819732,65.9569525569956,2.07558341796703,-0.788604896808891,0.370816185152027
"Line_3351",4029.96333948764,760.782400819732,69.0487308818271,2.09125171433018,-1.49771109438925,0.374781749766319
"Line_348",3847.3989528646,760.782400819735,65.1298603900973,2.05101567606853,-0.188609924169407,0.364598407740214
"Line_3508",3061.72879592377,760.782400819734,67.2317389710406,2.32460988493258,-0.63484076206989,0.437542482535815
"Line_355",4080.33751915745,760.782400819735,65.9373834598321,2.37826847029628,1.20301123958572,0.452127435189852
"Line_3657",3225.79221073764,760.782400819733,66.4764534091117,2.73111541962659,0.587625742655052,0.551512932756894
"Line_3668",3693.37172352622,760.782400819736,66.6300775696669,2.38392393637831,1.65466425783005,0.454652490951219
"Line_372",4446.25748276997,760.782400819734,66.0134732434204,2.29890196152135,0.711882547647976,0.430126540331601
"Line_3776",3497.13462734765,760.782400819734,66.3236528701494,2.05468654469137,-0.0417270780910436,0.365569202469514
"Line_3786",3942.82280438196,760.782400819735,64.0089503551166,2.38288471929272,0.0873304408721599,0.45294810554957
"Line_3798",4977.34975199475,760.782400819734,70.9746565291616,2.11824252228632,-1.58682248695015,0.382076296161374
"Line_3806",3132.88348425395,760.782400819736,66.9068349254006,2.0899137846989,0.345561899708513,0.374493354339517
"Line_3868",3719.27916203046,760.782400819735,63.4037874024716,2.05411371009686,2.00731650891062,0.365387396251979
"Line_3892",3552.64976437054,760.782400819736,66.7588943965065,2.09821897432862,-0.135241654354298,0.376541377263329
"Line_3996",3402.04739259478,760.782400819735,68.7540600745061,2.07795993782997,0.721530234497325,0.371467930495658
"Line_4033",3321.85175717087,760.782400819735,64.3645977142541,2.09822178940985,0.427045716436676,0.376542072100432
"Line_4086",3810.27930854817,760.782400819734,67.8196684216494,2.11896359086566,0.556562836716667,0.382614868251376
"Line_4230",3680.40263920449,760.782400819733,68.1970762694435,2.31387853186725,0.498384789183468,0.434161605226771
"Line_4284",2184.55151127605,760.782400819734,NA,NA,1.39799160550876,0.367388575801862
"Line_4407",3364.09568672506,760.782400819734,58.0463594062748,2.04752033107253,0.922243882958141,0.363707398419973
"Line_444",3265.6675810016,760.782400819735,68.6099065640001,2.31216709210397,-0.151787961136699,0.434183922900486
"Line_448",3312.5827174118,760.782400819735,67.690009779768,2.09324755979016,0.40816966653608,0.37564298363948
"Line_4501",3247.53091110036,760.782400819735,66.9647623423756,2.09099243236178,0.442713096386704,0.374714332974553
"Line_4544",4802.45423341206,760.782400819736,68.9576070267813,2.07886651409385,0.444063050146536,0.371647087476781
"Line_4563",2838.85052170999,760.782400819735,NA,NA,0.450584800824666,0.446287950629091
"Line_4581",3370.82297322513,760.782400819736,67.6582268178708,2.07436905434713,0.878951552030882,0.370551469920979
"Line_484",4142.51138634912,760.782400819735,63.8514744506197,2.10556461674523,0.802275330349968,0.378829983682026
"Line_4940",4098.89855589291,760.782400819736,66.2589526007503,2.07337961668733,-0.134804260686357,0.370258462717566
"Line_5059",4306.39230761221,760.782400819737,60.2042751628771,2.13965874008109,0.468037955027929,0.387659451116213
"Line_5162",4115.57437026811,760.782400819737,70.583887459788,2.12427205434045,0.675863692418368,0.383589298651189
"Line_5240",4649.52143645841,760.782400819737,68.7008840743185,2.0535639906728,-0.587850040641686,0.365282472008099
"Line_5258",3950.74620837689,760.782400819737,70.270409076271,2.12606176700961,-0.34015867451861,0.383952259644663
"Line_5272",3108.24986473513,760.782400819737,68.4594435292563,2.0944059207496,2.0011040372172,0.375577360487588
"Line_5275",3108.24252271656,760.782400819737,62.5650757920394,2.07258741954968,0.906959683515947,0.370057992061396
"Line_574",4816.05127024129,760.782400819736,71.6873268136901,2.2654504281693,-0.508036942339717,0.421181084706912
"Line_71",3962.76372453326,760.782400819737,64.4698647916502,2.13321963348061,-0.644061902568887,0.385877038818745
"Line_724",3000.11839630768,760.782400819736,66.2181545486156,2.08729811648996,0.953276706915651,0.373782369824705
"Line_782",3758.42352983797,760.782400819736,66.6051461245513,2.35077961110851,-0.546201052728186,0.443958263027425
"Line_797",4321.4342056479,760.782400819736,71.918475961969,2.12788869088309,-1.09239187312997,0.384644261717109
"Line_811",4344.03809634263,760.782400819736,67.1386587493576,2.14619438678393,-0.712753671456288,0.389289388412013
"Line_875",3556.21730121421,760.782400819736,64.7279120652471,2.13829436310549,0.674026032180199,0.387074162876249
"Line_100",4866.16957024455,464.216058783724,71.7817916030318,1.42107524106428,-0.393214404335176,0.427717146782432
"Line_1194",4145.03675404537,460.725310003278,71.1368466566041,1.39462312217918,1.14441607349872,0.425551412271679
"Line_1368",4046.4660334614,463.368310959924,70.8235246916653,1.54835353092017,0.427191802910402,0.427280788746715
"Line_1802",4314.65233290681,462.980481172623,68.7012111965534,1.42288664716804,-0.642267768791626,0.426999781182951
"Line_1805",4308.42555704226,460.405961707404,70.9981265046875,1.41616080618913,0.263658140638593,0.425336716298527
"Line_1870",3988.70491585922,461.357272925067,71.7013743926122,1.41720972952156,-0.583989691145593,0.425704261941285
"Line_2368",4490.14668753491,462.421116010902,68.9760381585968,1.35230099839925,-0.187120304540872,0.426440097576866
"Line_2378",4208.30475453562,462.967771450908,70.4315662406974,1.39284308109949,-0.00167497419394835,0.427215694604509
"Line_254",4458.63675017091,460.019974442989,71.0825009837883,1.41214780891469,0.0662730885754056,0.425066836343691
"Line_2543",4037.35473851087,464.135221717843,71.9579703955134,1.42172877338836,1.48034194184283,0.427356052138841
"Line_2848",4063.18958365824,462.709345952569,71.7854711764359,1.39806766431727,0.770782817804513,0.426601540031113
"Line_3006",4507.13652463046,464.289726757088,72.6708724329212,1.39849271959006,-0.431194163893169,0.427748893337347
"Line_3090",4817.48632585009,462.930922337109,72.5304057576539,1.39056486940922,-0.623637249081467,0.426987489242602
"Line_3152",2786.35516177288,461.936016684227,69.1897730593976,1.54579540448572,2.00572605210412,0.426488126299066
"Line_3297",4249.01511950187,463.502540569751,70.0334806564555,1.42386913689691,1.57920319828919,0.427213024158325
"Line_3318",4052.17247610398,461.047403711226,72.0887953592341,1.39388851345338,-0.320032423958735,0.425523752838498
"Line_4054",4122.77059033825,463.201914531114,67.7674661930625,1.38674660288285,-0.862585882328299,0.426965846088089
"Line_416",4149.65751560888,462.616615461371,71.6315441157145,1.42103720026626,0.569161247814717,0.426701418151051
"Line_4338",4080.12707083185,463.079058391761,71.3067306096888,1.40282847886079,-0.264185108580327,0.426528628432826
"Line_4366",4167.32801063647,462.864668896389,69.9079204058545,1.39701608633816,-0.370595054633152,0.426920748445181
"Line_4393",3708.38324271394,463.198112021678,68.1042311464322,1.34879369948986,0.774287949471268,0.426771707631828
"Line_4414",4621.01452676416,462.246262625477,68.5358528676814,1.34902968855636,-0.352152580143399,0.426346382967647
"Line_4628",4697.87561717833,463.380066886064,72.7405466759331,1.42015255962278,-0.428567723499591,0.427160939051899
"Line_4768",4486.22980116891,461.469093263361,71.0043714218699,1.3971983195985,-0.349563297607672,0.425879730030068
"Line_5070",4592.44130903283,462.930237893217,71.2212507224747,1.39061878272237,0.333189673282084,0.42742077009055
"Line_5096",3401.6603995982,461.681748261676,69.3836082068803,1.54789317629259,1.16798058842057,0.425949810045642
"Line_586",4011.15071067752,461.647996351365,69.3840933206339,1.34215141669209,0.360108819916939,0.426004796105747
"Line_608",4702.6232271381,461.924470077812,71.8114979061667,1.4198345468945,-0.512322144183963,0.425992228351887
"Line_682",3879.93235958599,462.396871586896,72.3627906235696,1.34879496430121,0.515308435210286,0.426013138186944
"Line_691",4926.05268590586,462.168304966705,70.627784545162,1.41171598975251,-0.225752170767334,0.426312275088044
"Line_7",4083.19335347467,462.612164826353,69.1331944461997,1.4170133124551,1.24394133775927,0.426458641256606
"Line_746",4138.03392954296,461.121553352071,70.1409668096524,1.41690547405558,1.23339773824654,0.425917161404509
"Line_2419",4225.41365720611,959.371562297396,70.1869789897112,2.4335557689498,0.906909256756079,0.560918802671978
"Line_115",NA,NA,NA,NA,1.64842630295653,0.68604489328762
"Line_1602",NA,NA,NA,NA,-0.0147165875392554,0.685729230912843
"Line_2479",NA,NA,NA,NA,1.86755756676804,0.498115902269362
"Line_2767",NA,NA,NA,NA,1.61983249340149,0.498038243165157
"Line_3030",NA,NA,NA,NA,-0.575900943242558,0.685764091735323
"Line_421",NA,NA,NA,NA,1.52290491966442,0.498632888874921
"Line_5137",NA,NA,NA,NA,-0.230571773793261,0.499145558851993
