"rID","GY_predicted.value","GY_std.error","TW_predicted.value","TW_std.error","WSMV_predicted.value","WSMV_std.error"
"Line_1055",2518.64220460853,392.769592199238,64.0875975191939,2.17928581842372,0.262036336603416,0.457011756422902
"Line_1060",4043.74178112253,402.408541039783,70.3024776346264,2.20770478073881,-0.95231613443365,0.462199805711769
"Line_1087",1872.56312069947,410.814408980421,55.4056505269257,2.25583040089194,1.75180548992371,0.494647464484719
"Line_111",3063.87620405432,416.640548986161,67.9794389935315,2.3065230581601,0.590416699590383,0.485235521249898
"Line_1119",3396.81565790216,386.543916663124,64.6000808081787,2.19437286186298,-0.496432939725772,0.450964700170211
"Line_1131",2307.49301286652,402.333708057159,67.276689029042,2.23315106591129,0.315420171132951,0.460125147665499
"Line_1174",3774.53641342788,426.907633575283,68.8108574517329,2.42407708411462,-1.03683758215431,0.486020106920147
"Line_1241",3650.27889694901,395.364711960745,70.5700809539648,2.21567954348626,-0.00944487094746271,0.457499841325628
"Line_125",3984.43819547844,427.215773498226,71.2840078793632,2.36936112720236,-0.319561265501173,0.489463158796323
"Line_1289",2533.30453918567,390.205329399198,62.6615072081025,2.16043233002425,-0.249410614430141,0.45679526586247
"Line_1361",3628.22675634914,413.541930573966,70.3036927718152,2.29714470133153,0.267952951965582,0.465961786581432
"Line_1409",3669.21885025619,379.156805174804,71.3295226249,2.11991295172613,-0.792497897112061,0.449484315298022
"Line_1447",3429.79418441648,419.829067530721,68.8327656473182,2.34661710553448,-0.276469568222654,0.484595159008392
"Line_145",2805.28855390741,392.204000242802,67.4910974307655,2.2069128864014,-0.243261467290068,0.454434908526935
"Line_1464",1713.48580901547,396.933781735566,58.6994522385851,2.24692667952333,1.20261642518447,0.456859510723915
"Line_1465",4187.05611364302,386.63699751371,72.2099543295474,2.16763021861219,-1.02983000988866,0.452167011016655
"Line_1478",3185.42411199505,393.446286271174,64.1983707159132,2.13828082497281,0.949336646617316,0.460391326158635
"Line_1497",3452.82411241535,399.725236429229,70.6099594652751,2.25335880774662,-0.239064843390423,0.45793888714133
"Line_1521",2560.36228339216,413.206000270525,63.3060293836044,2.27738518887977,0.447040904354249,0.4948888296467
"Line_16",2339.87857419829,404.034260075544,63.100281609158,2.25203296658748,0.893350265928242,0.461958108649235
"Line_160",2092.98744236618,382.718805737625,63.4841667994618,2.15445083451901,1.65695691160515,0.449783585950211
"Line_1618",3473.59950702232,387.499105502619,67.9027926978676,2.20783972264861,-0.152676716013833,0.449936628006853
"Line_1672",3912.55323319993,184.151227780306,70.080154630598,1.35438455256241,0.0955838687405325,0.176078316996407
"Line_1682",3509.31674326067,184.653138011179,69.3482625946458,1.36236017852643,-0.143177307783153,0.177909406409538
"Line_1697",2224.99004321878,393.215182088787,63.7083600189288,2.19216124415513,0.707850960848048,0.456710596479146
"Line_1703",2963.70793124414,394.016673539638,68.9893068347023,2.18932829476802,-0.225546726922976,0.458262264754672
"Line_1707",3565.46033072625,412.615141987339,66.3805677714027,2.25401287063861,0.170529500170051,0.496112141668058
"Line_1709",3484.8993608488,386.845676359172,67.4743532564338,2.13597346392338,0.619638701938233,0.455098253570031
"Line_1715",4384.77711749828,397.142637896513,71.015958883047,2.23854937449593,-0.2639227403311,0.456964014963882
"Line_1722",4062.40167763244,421.248682315223,74.3056988605993,2.2851452520127,-0.89578404287748,0.502609869694036
"Line_173",4055.66722031554,385.644199482767,67.8197958533673,2.15554188786841,-0.902832362493712,0.4517964881798
"Line_1730",2269.54188936572,432.463908918237,62.7350371628151,2.38629083143509,0.750818859174109,0.492151383878415
"Line_1733",3541.50177022998,388.803988340942,65.8465092530347,2.17716013838721,-0.105535248916786,0.453833939133904
"Line_1747",3122.76935740051,410.099587071909,68.2500278517007,2.25926636429453,0.236848281766275,0.493227222061943
"Line_1782",3142.81269323353,398.028126495482,62.8804792218958,2.20480269576519,0.0395170838864257,0.45923838626905
"Line_1824",2644.93166858005,394.604855923977,65.7712010279433,2.20686716937077,-0.382050411074531,0.457194277171847
"Line_183",4359.56609107247,422.896486332168,74.3347786754833,2.35582243557495,-1.702133906229,0.487026155914291
"Line_1875",3570.20665597918,394.198474881335,69.4392412659647,2.19202820177359,0.321556714699786,0.457191299993746
"Line_1889",4545.44693339156,391.69902360898,70.5604467142744,2.21133280576404,-0.755253941075062,0.454016502169369
"Line_1917",4163.29397427203,431.7888746015,75.2187377033284,2.37844290479387,-1.34484662571773,0.492343880676749
"Line_1944",4037.47276453422,396.803381538926,72.5407199080947,2.20872369785175,-0.437670151311986,0.457737085076404
"Line_1956",2145.40785450826,382.956483621406,59.7203895522346,2.13050398039697,0.700907222969647,0.452752789278943
"Line_2034",3565.37056389101,400.163233315567,69.3735458313453,2.21715144039107,0.23769447489455,0.460274307687637
"Line_2055",2961.0862307056,392.197779170556,63.5885224122126,2.18530242815544,-0.342617403542302,0.455880389074695
"Line_2064",3473.09338444266,390.279968290741,66.3145216943716,2.13415850339495,0.519576936480867,0.458639930767493
"Line_207",4223.64940581431,393.723006021418,71.5550910281318,2.18499955101879,-1.00458438590137,0.456310175342745
"Line_2083",2359.35488583679,396.329476526183,61.7371530190208,2.22955605923974,1.30218943961284,0.45695508462517
"Line_2093",3557.28576979733,399.626060253809,69.841792233206,2.21781532968346,-0.471995973322513,0.459242545963154
"Line_2094",5144.84343790654,401.13339930047,74.3312204531433,2.22160708295769,-0.998345184403441,0.461069108991455
"Line_2098",3240.31184882284,396.999248184255,59.9627385998577,2.21676512890809,0.762854861425086,0.458360383440041
"Line_2149",2336.41158631963,427.637314380116,62.3902094721686,2.38042753487713,-0.124661319058769,0.488517503389975
"Line_2153",3026.64229874184,386.449924386325,63.699025950131,2.12699207105988,0.398590474926575,0.456277894328397
"Line_2158",4057.06943174173,381.781770119022,70.7965911795235,2.13939309920492,-0.556216656292763,0.449588586349924
"Line_2223",2835.95658192944,395.866818478958,62.3822771505651,2.20395845239912,1.05171897637074,0.458160999346276
"Line_2226",3449.89568114139,400.505775918076,73.6132116276167,2.23636584557591,-0.546725712804971,0.45851159209568
"Line_2231",3406.18478661968,435.902978774173,71.8371023538683,2.39609790667555,0.401329582820421,0.495040323206778
"Line_2282",2917.07580461546,391.576485652755,67.6214382673475,2.20981983362049,0.0744032389784919,0.45381214242682
"Line_2333",3134.60394231132,379.453574564032,69.2617643623229,2.12128832400682,-0.606887870218396,0.448557483953703
"Line_2353",3837.50060799532,392.807359550651,68.0898482956457,2.22173073964186,-1.01557710161085,0.454332383575004
"Line_2364",3868.91425694592,395.433673718634,71.6603691326234,2.1677766945172,-0.765171696764811,0.461035970679248
"Line_2395",4180.56684263972,400.762714222964,76.3211126728907,2.2301153863541,-0.687564559298915,0.45873785917148
"Line_2435",3794.85292513048,392.069238940397,71.7869263413431,2.17844512770941,-0.92137373095532,0.457477817875561
"Line_2457",2353.65168223287,396.414163777851,63.7870658010869,2.1572850976744,1.72288535171399,0.463446244002077
"Line_2502",2639.58068108947,416.045238210451,61.8930983428104,2.24661915178672,1.34468855970398,0.501295088504802
"Line_2505",4617.43660290481,394.703847592294,76.1819974931707,2.20976472773307,-0.43512215216652,0.456848503146019
"Line_2524",2329.62675549014,391.262549662902,62.3558300835712,2.16733492004393,-0.428215376140544,0.457099423879827
"Line_2547",3777.15314176891,418.914323668523,71.5188444315446,2.31414829348355,-0.833238211803718,0.485998291647742
"Line_2562",2923.82701243255,438.322453188589,66.050235228384,2.39723325618342,-0.119586787943711,0.495551646010523
"Line_2566",2883.11781019637,398.110884900712,63.6946591266564,2.17492694379673,0.730643666415062,0.463194329595258
"Line_2586",3344.72736063433,385.252657565484,70.4340665547162,2.1590107354532,-1.88898427804364,0.452860266635617
"Line_2602",3439.66289643293,400.522884227324,67.281912052285,2.19117994458533,0.0388414655549417,0.463654637607229
"Line_2621",2617.88289106263,409.706345173118,68.292567885594,2.24736884510602,0.587157775379347,0.494712330349831
"Line_2631",2813.96897964484,399.838359281431,71.8627275789923,2.21609983863091,-0.523022139401384,0.459875001158997
"Line_2637",3419.66061439765,392.198454381993,67.0799079959023,2.1922366613913,0.200857635041663,0.45661720178382
"Line_2649",3853.71017303782,377.785559605692,69.4082500771506,2.14503854410717,-1.51131082002699,0.445813243307125
"Line_2685",5468.82486003211,397.566499958686,68.4541166618237,2.19818289973389,-0.368727355832804,0.459273339120594
"Line_2726",3262.28792332684,397.120894088404,69.0439334910212,2.20522025650472,1.35387328630755,0.459475325971911
"Line_2740",1767.64858950005,386.856497892927,59.9962704517318,2.18546235596369,1.77842981509961,0.451214309900918
"Line_2744",1598.80451668574,397.711105033305,55.8307904929488,2.22977510803803,1.83893585790925,0.457436791355865
"Line_276",5873.05414177422,405.110224162343,74.5880173202912,2.22932603678972,-1.25236176793201,0.492667473517448
"Line_2782",4747.31985333021,193.699046763038,72.7207609417829,1.40406586401827,-0.699704011632508,0.196587293626956
"Line_2798",3035.6773877449,414.753838085866,66.4646837233012,2.26610270961436,0.0538920797116719,0.49651953077122
"Line_2802",2441.40562089934,410.944806457412,58.446300980318,2.26469645759834,-0.452983087623652,0.493332161481162
"Line_2824",3588.39371071111,400.953919856096,68.1697653276906,2.25773681560095,0.0654651402627483,0.485880184627521
"Line_29",3847.76417885376,396.823612477928,70.1346565596375,2.20568070122053,-1.04988116848633,0.458149090446455
"Line_2920",3120.1078240771,396.649324565457,70.7537670195587,2.22068267976925,0.423972576996466,0.456778049381791
"Line_2921",2174.71476510477,391.459865916508,67.0906690561023,2.20636184812424,0.739054570089571,0.453192141648825
"Line_2923",4608.76151860626,403.169498716964,74.1177658455859,2.19970291789826,-1.85942245632595,0.464218943547609
"Line_2943",2317.63770428465,414.21204255795,65.5009258279825,2.26001243190263,-0.014077067270385,0.497401804596377
"Line_3029",3919.34552826748,392.51214009654,73.5604292723024,2.17913160218061,-0.737869736005044,0.458581578855837
"Line_3048",3477.29611842737,379.123037084471,68.1068024050463,2.15954316348614,-0.931084689545966,0.446053026154388
"Line_3094",5470.33748387284,391.365320739572,75.0443715258038,2.16942445731833,-0.544660731749426,0.455356459818223
"Line_3108",2302.97837443798,388.029897951213,61.5853052838458,2.16193632359342,1.70398918944456,0.4555556438721
"Line_3123",3122.99110974011,399.155756881456,65.1932172122649,2.21974111020977,-0.382924921233524,0.459387420267655
"Line_3192",3971.75468729781,398.018052231795,71.0885385867916,2.23529672942591,-0.122699949333565,0.456385835541439
"Line_3197",4079.43254429622,424.873376057099,71.2292754933115,2.34732384393246,-0.309474627141438,0.490055917280491
"Line_3212",3388.24347878896,387.869013011435,72.1014590086573,2.2008837792217,-0.426771276070903,0.450738120271929
"Line_327",2128.95545286663,407.365663806213,60.3634964146511,2.25616005875585,0.998312214598684,0.463107776032126
"Line_3302",2496.34611614516,388.273814443832,66.4067689389991,2.15543808001321,0.214399186604468,0.454587179537596
"Line_3307",3784.89212271286,389.820097850004,71.0955739017318,2.19745689604199,0.137728102829043,0.453016343746377
"Line_3324",4181.60630549936,381.406429184757,69.3150564387113,2.11547660515723,-1.04435549221354,0.451946466852113
"Line_3346",3068.69067432489,399.864463054892,64.9391235392618,2.26678100428172,1.12557931182361,0.456744662882155
"Line_3379",3704.370549333,401.443959619304,71.8467152936621,2.22449017406409,-0.57414710912051,0.4605149590073
"Line_3383",3180.6874273958,421.141263062825,67.6135538591711,2.26918143094544,-0.762843776366923,0.492524150487663
"Line_3401",2524.23213744836,435.327809890491,60.0226424100509,2.44684846480926,1.43161966186055,0.490114983004472
"Line_3445",2711.55129127554,382.403965165142,67.1391785952563,2.14922683725742,-0.00913752203889473,0.451170012009217
"Line_3463",2214.44947918261,408.337304270002,65.5262510394207,2.26708952680133,0.234080094069115,0.464463310992006
"Line_3465",3725.35584522354,423.69186579744,68.4087891764252,2.35576203504512,0.224564543005163,0.487295160725619
"Line_3472",2389.80054083868,403.58824972486,63.9661254979674,2.23688181824413,1.20797595608148,0.461434834372222
"Line_355",3390.69071818194,391.136745765502,66.9623538451577,2.16082334409944,-0.457649576556144,0.45651933017617
"Line_3578",2642.13949865435,422.117469536316,63.5704416427458,2.28718330671482,0.129008493819309,0.49094630486748
"Line_3589",3421.96447826474,409.732273514991,67.5826185143185,2.26294209472291,0.582041057788644,0.494157920847415
"Line_3622",2221.9721114534,430.115274125856,56.6828310223169,2.35517403320023,0.931068871366378,0.492429817632247
"Line_3668",4633.29483333966,400.497504275788,72.1810196150663,2.2343794936303,-1.3103993464898,0.460218377795402
"Line_3678",1643.19931609167,420.365099068247,61.5843010436149,2.31553206352552,0.953722950234033,0.498880269488761
"Line_3705",4238.14159815798,403.504304309268,72.8563698769822,2.22891240090534,-1.29744703233928,0.490221490614576
"Line_3711",3915.11382810138,385.875139096845,72.7922178100866,2.12841050059057,0.354733677398391,0.45511285494314
"Line_3719",3460.19424460482,393.407490516964,69.143396413292,2.21621514484863,0.322619184802561,0.454996583805294
"Line_3744",2196.34014639566,396.642727484291,59.7520069500546,2.22419932058136,0.686068535736032,0.456692640399782
"Line_3752",2491.75383672251,387.039018992816,64.1215566745792,2.19638193182288,0.677981000222367,0.451389210666162
"Line_3760",3067.20172900402,383.485072179365,64.7416049897218,2.16127809646999,0.561741005351948,0.449965186625368
"Line_3776",2471.12836912389,401.130826017076,55.0793582129017,2.21746804277655,0.897881246563289,0.461677510908186
"Line_3778",5481.16130838289,400.373117603394,76.053696557545,2.23621672053191,-1.64649179172889,0.458092271954102
"Line_3802",2882.53654018073,386.398923226728,65.7170474116032,2.14194423807945,0.0385150829901204,0.453284779987735
"Line_3807",1995.63484014057,395.905959941633,60.6409853584228,2.20257119277316,-0.296345158790223,0.458006677430656
"Line_3858",3159.66996916465,397.567794450318,71.3813550280451,2.22313965740274,0.564230318646821,0.483893576573801
"Line_3908",2388.87734316746,390.5065849156,61.4176594350677,2.1776115302771,1.28574159535683,0.455620269364504
"Line_394",3711.27814231609,400.159899659694,70.0772056515518,2.22679386223105,-0.350085702572939,0.460846553425295
"Line_3967",3757.57618580683,379.62098979462,72.7317346281239,2.13389907927172,0.191285647239385,0.449291767915082
"Line_3987",4279.46694253184,191.817224124303,69.9514195767774,1.36012228006537,-1.10666115862369,0.189582014671779
"Line_3998",3626.23791626507,395.182807649872,66.4604870659982,2.1475263232608,-0.373048372429428,0.46189462780579
"Line_4026",3876.02530492953,399.224052796661,70.1574992047799,2.21120606116332,-0.519164752340125,0.460585625259045
"Line_4032",3160.36674494785,418.944549019091,66.19727148078,2.31331649334624,0.0753123592016958,0.485416172613267
"Line_4035",5429.70952713024,405.175699712396,76.7198258704586,2.22052182082631,-0.952042660461078,0.464609293346838
"Line_4055",4353.76937983121,402.045460232794,71.5323514024686,2.23512924221397,-0.0399392755685577,0.460960149594867
"Line_4090",1747.00812315393,429.001554965464,58.0358141184959,2.35298246081052,0.746584651621805,0.492260239698664
"Line_411",2618.2667412907,403.551648345136,68.141776366571,2.23647560335193,-0.152456599976369,0.489800184173086
"Line_4115",1747.27725892333,425.960502821062,58.1427006633048,2.34751995941502,1.23305977345724,0.489679733500202
"Line_4122",4251.45904213307,394.817921273558,72.3684847563097,2.20481073141828,-0.141994431055725,0.456232509383365
"Line_4138",2412.95322017358,398.390687371496,61.3173151960313,2.23267610076237,0.959450021994094,0.456820694383054
"Line_4164",2714.84598547104,408.575520626255,62.9180352020519,2.24605385421701,-0.103205345834595,0.463878055490355
"Line_4227",4128.04341608701,181.63105888502,73.2354667737802,1.33644248526688,-0.305972732871386,0.184706157877424
"Line_4232",2867.12838041332,393.859353808113,64.4689380581721,2.22005396109741,0.242927835007054,0.455311619727472
"Line_4298",2272.85366408026,391.705384414714,65.0454542716979,2.22778233367717,-0.474081450040333,0.452599829753518
"Line_4323",2132.52047695444,375.527883425157,63.3369546032923,2.09088169197173,0.498590784612067,0.448837863433945
"Line_4342",2640.86697147238,424.176721326618,63.60797953785,2.33992544948821,-0.321107419649545,0.488087005302341
"Line_4347",3525.36809089383,403.930154125155,65.4992989454044,2.24601770729037,-0.488601353263745,0.461627626031069
"Line_436",2734.97814678279,439.298968107304,68.5584507241517,2.45817448119107,0.520918366239321,0.493254313337463
"Line_4375",2802.88336949122,397.05020410564,67.7557607969989,2.20167471162147,0.385775919819975,0.458594335507866
"Line_4411",2816.23421311951,391.075801767162,67.8536013956185,2.18809603580999,0.0909466309222339,0.45383157376266
"Line_4423",4355.81961836188,403.28234621581,74.1225430971881,2.25676652570044,-0.741929835865475,0.460876405121826
"Line_4446",4521.21087940854,397.530318736993,73.6839766275559,2.2033720821642,-0.435041210201276,0.458590639537989
"Line_4471",3440.4902659793,404.472515992247,70.6264546419441,2.23299552266819,-0.553384483709126,0.490519491766579
"Line_4476",4429.99833845986,394.312614883418,71.6816220870271,2.21909669494088,-1.17751867434353,0.45592037247205
"Line_4486",3604.52430579941,401.096125836311,65.5945718189278,2.25136289377111,0.251877262010184,0.458749150339153
"Line_4510",3109.84626601832,390.904845704969,67.8983532700968,2.20376459416323,0.79481440856763,0.45421889670167
"Line_4532",5921.08938407761,389.891802289061,76.1693882212202,2.16300575371447,-1.02037408767698,0.455147273201328
"Line_454",2311.39500596666,387.713535547178,59.8826450595529,2.20633240188454,0.985256828813903,0.449711964997969
"Line_4583",2346.04438363183,414.576083328121,59.7998222796383,2.27650498440459,0.280257871833628,0.495641419548976
"Line_4614",2805.13474532371,419.24649651483,64.0006587248477,2.27295659929139,0.643260300342862,0.489960486094837
"Line_465",3944.13346779411,399.711131262441,70.0443459578833,2.23867493843565,-0.933212205230973,0.458559818702898
"Line_4650",3294.88812695529,406.428150145884,69.2343569443086,2.23921401523741,-0.447814424490892,0.464871276615979
"Line_4663",3281.11426508681,391.57816855239,68.6022776264175,2.17687104806742,0.160174380842946,0.456058718588013
"Line_4668",5729.12204317318,395.467116961473,78.0447294443178,2.22020697776618,-1.58610620191355,0.456559659758697
"Line_4672",3625.7605449733,417.377630035614,72.83369893195,2.26196464767851,-0.0290512015239306,0.501463593450873
"Line_4707",2529.6251917712,386.997596618665,65.6693141096751,2.15975690214846,1.62345763238055,0.453237388217126
"Line_4725",1808.92676702258,410.676244214079,55.9922800798358,2.25269511254592,0.829672360651286,0.494433641862829
"Line_4744",2285.65808945339,390.901931125463,65.3608661643921,2.15448455077611,-0.216718279651341,0.457463720657636
"Line_4773",4735.91024738698,415.18300830363,73.8458457129492,2.25268764735926,-1.07984051140581,0.499494689233007
"Line_4778",3581.78578612712,384.693340104537,70.1733274120701,2.10581238948054,0.526209193245845,0.456034802036978
"Line_4812",3101.68291550102,388.997106664937,63.5824885201337,2.16742456319744,0.326851672489274,0.454537392571345
"Line_4826",4304.81491232002,397.044905456689,68.8278385481677,2.22223197527485,-0.636924502143097,0.483505537241903
"Line_4836",3884.18724862578,420.806959374835,69.4577501531891,2.3140656249933,-0.286371028425165,0.488445541896893
"Line_4848",2499.83251026197,381.199607471972,65.5930329413458,2.14282860059605,0.1360286739316,0.449560550795144
"Line_4858",2807.46272862509,399.80442268203,63.4208527294273,2.23405964130785,-0.253653689748502,0.457810529072819
"Line_4882",3398.16575836494,427.718044671467,71.5804090115005,2.3433889759806,-0.416723128932255,0.490410288229139
"Line_4927",3172.71384422004,395.11782903894,69.1659331548343,2.14120002235451,-0.582487592014976,0.462949138100866
"Line_495",1734.64408866635,430.758778514444,63.4271852019383,2.38037578605293,-0.560492730321331,0.491237370371934
"Line_4974",3343.94897957706,395.103805145163,68.8918923081158,2.1946050786041,0.0165127595168701,0.458772127945047
"Line_5038",1983.6551846317,401.058596737135,60.1866735517233,2.22782231947723,0.532855061268588,0.487873077202347
"Line_5080",3182.48649376132,418.656477849279,67.4621461367201,2.26543072074574,-0.693043823445595,0.490320310224075
"Line_5110",3414.90106246941,401.542468115248,70.3880111107433,2.23583129575719,-1.23990577653435,0.487153235502018
"Line_5154",3352.53461598248,398.718356004598,66.8373823380091,2.20532273846325,-0.875372575312047,0.46085982750319
"Line_5158",3678.37898919734,398.471663196088,68.6838725717134,2.25405975708529,0.113522941284513,0.456418559556239
"Line_5175",3189.30599612316,418.42769889685,71.4116282555349,2.3234916804455,-0.0150680637704602,0.485942909318148
"Line_5187",2836.97868319985,399.385697195585,66.6815056238428,2.24779223155554,-0.199012205595537,0.457319220097404
"Line_521",3109.2469847474,394.926927829282,69.9570826015259,2.20433788763926,0.462334381143344,0.458557806305497
"Line_5270",2311.11740463859,398.791763149694,68.1783719696598,2.19146896249343,0.746373902797014,0.461498353563762
"Line_528",3391.36625262925,385.943175230502,68.8253531107575,2.11632976140647,-0.751145636322095,0.455921382117051
"Line_5282",3133.53322770607,403.899780864906,69.1522033978648,2.22083586377808,-0.723287619680162,0.463361554229017
"Line_5305",3066.07061243827,399.190763682662,70.3477010305053,2.2167118439927,-0.0609921019128844,0.460404840990227
"Line_5323",3668.74087199461,397.353777603701,71.0792820480664,2.21985473573235,-0.280134445108362,0.457273563869883
"Line_5407",3507.49338231098,409.269036851859,69.1326449511502,2.2837958661977,-1.06012146377332,0.462152075159185
"Line_5458",3958.1354860805,382.680269382195,71.1268815583678,2.13641424458305,-0.166107691041399,0.451017083710928
"Line_5548",2330.52303227228,416.06686634072,60.746508064871,2.27765553868829,-0.184388495842982,0.498727097623919
"Line_559",2924.81542014544,402.603949737623,70.2979830708989,2.21268324722923,0.0732685808479884,0.463082156564449
"Line_5636",3390.69685368842,405.603311392387,70.2186274094927,2.23847844507182,0.441166491695469,0.464520095598245
"Line_5645",4178.41494980486,391.692649979892,76.8520927001285,2.15655039644631,-0.757264888376167,0.45881409298371
"Line_572",4322.78104402595,418.266924881809,73.9538542913361,2.2988416839393,-1.03078039092651,0.498781132304353
"Line_5739",4950.97914591944,192.731530445996,72.3997926955317,1.41208026409678,-0.675968676217248,0.182850104069314
"Line_5797",3011.10326327205,397.927925454902,65.0625204155113,2.22152133348705,0.652821162155201,0.458093026806857
"Line_5798",2721.27191474472,388.643019380778,63.839340995001,2.16331331798655,0.511935522482817,0.453785584721536
"Line_587",3631.94392054391,386.812526975146,68.8121893686881,2.20189517380714,-0.407317748973746,0.449240700635214
"Line_5874",3199.0072162955,388.257633999923,69.5439384546549,2.13605176618192,0.344439258058222,0.456767647871622
"Line_5889",3708.72289183127,389.933535494686,70.1334473640057,2.16716125090224,-1.505656714784,0.455957323277486
"Line_5927",3458.44370307071,391.624313468417,67.7966869391632,2.16494223763794,-1.41120055251402,0.456652328424448
"Line_5939",3850.42645531499,397.37678769735,70.0431416410046,2.24318576471217,-1.30522107146651,0.455753898791506
"Line_5962",3159.8762488576,399.03410742564,68.4460625607225,2.24628675463137,-0.399086383858177,0.456956627424037
"Line_5981",2846.29045170855,404.600636374112,61.2774632898465,2.20147703564546,0.0464024888447789,0.465375951347706
"Line_5986",3435.22758443889,433.931167192322,71.5887807404194,2.37502107761317,0.113540929578671,0.493452693094788
"Line_6022",2526.79674860528,403.049269565258,67.7103741879203,2.22059369563795,-0.496395372708839,0.462391986417661
"Line_6039",2263.63970196231,396.358284618525,65.7777641230534,2.2319330813528,0.621822650001889,0.455097928423786
"Line_6041",3450.88640740681,410.432395539901,72.4951228339901,2.25011631585508,-0.797448866450428,0.495222248186122
"Line_6042",2493.45053790226,398.944523259264,61.3047123316603,2.20708948706236,0.606952781046986,0.461289547934064
"Line_6052",4077.29122660701,410.467234138243,71.0035863662419,2.2540047812775,-1.2590436776905,0.466124241300885
"Line_606",3367.52152424259,394.072667206542,68.6986069847489,2.19340703914605,0.399694247080524,0.456932683804377
"Line_6078",3345.51560005518,389.654847921703,68.3378122167113,2.19894935540731,0.714729148718725,0.452917656228824
"Line_6128",2903.6570320608,399.823618363231,66.3139388658402,2.24387132756031,0.453509493150199,0.458242782255755
"Line_6164",3197.18558579941,391.232040475525,68.1557180481222,2.14503417835922,-0.0100590016312374,0.458943138514738
"Line_6186",3098.51139566603,409.682956473202,68.104941570993,2.26879933847495,0.58014324987555,0.492587648486529
"Line_6194",1440.47536026525,404.712742758352,52.7097502597507,2.27260417259175,1.41345604801163,0.461183808071527
"Line_6195",2982.91961256226,425.805812373393,65.628249677173,2.36878963586147,-0.073227016616367,0.48822360237413
"Line_6219",1970.64020227934,408.480276387616,59.3708906062602,2.26281003591812,0.24080017281365,0.463600047919365
"Line_6230",2968.04832184862,407.935316003741,67.7261825051053,2.22830707654743,-0.300841484963624,0.484522071516093
"Line_6237",3442.84852818852,401.485849650138,65.8093899518413,2.22846374433092,-1.34163229466885,0.460242822449181
"Line_6240",2619.75282684518,386.424102100324,65.7255031121102,2.17632144066536,-0.234351076034768,0.451177545673818
"Line_6277",4830.81878883394,413.755143253375,71.9832175164578,2.23940960959565,-0.791134072557909,0.499682962293752
"Line_6282",3104.39463261864,407.276394745134,70.566990029397,2.25284121383245,-0.732426618636735,0.491473989964539
"Line_6298",4491.76463038567,411.72122432888,73.0713909268584,2.25954112305117,-0.399082749322072,0.496058182668721
"Line_6307",2789.65683160194,393.996071956666,63.8355626757885,2.18117249906863,0.658762271109245,0.458088427033343
"Line_6323",3041.68723705522,403.207973683074,71.2040381633939,2.26664163853234,0.129926502658516,0.459951944716197
"Line_6330",2846.84389888787,400.766804490906,61.3676213693073,2.19432041654954,0.210513606510319,0.462261027350902
"Line_6344",3525.93304605401,392.19695406411,68.823167165425,2.21355557753981,0.411402085741346,0.45432593055553
"Line_6359",3446.10843694151,406.367209658833,72.5064539903782,2.26251944559465,-0.0547198989317439,0.462116688624731
"Line_6386",3103.63502671333,396.158003376453,69.9640358339348,2.20238780465638,-1.12868255514576,0.457467121759254
"Line_669",3422.12493696968,396.93827092112,69.4040962910676,2.20285570909213,-0.655370545417649,0.459080380121428
"Line_708",2762.70346656891,402.57974806708,68.468963727032,2.19725357967086,0.15129089742065,0.464383967822057
"Line_782",2153.43123447752,414.732077488585,62.1124573164582,2.30268700092089,0.848726610195422,0.495159531548271
"Line_809",2557.11262420833,419.285230697339,61.2876880129377,2.32034253844458,1.12253168867621,0.497026603871245
"Line_810",3626.26932769672,391.259574147803,64.5513771011272,2.18569375444877,0.377472345799696,0.455344214699987
"Line_877",2588.58659331403,430.764393396749,66.2124623445231,2.36486232260239,0.395063807841476,0.492316564146884
"Line_883",2594.29308312992,429.606488611023,59.8084309882586,2.36393513760674,1.22327459961235,0.491744310290788
"Line_956",2172.67661393938,402.091205388983,64.4016302187322,2.23953640316499,0.722428880323412,0.459992730883821
"Line_981",2815.9662072675,400.124883230697,60.7842848178837,2.19128909023294,-0.281404228032166,0.463396099752178
"Line_2230",2431.7355949903,596.302701193998,64.7714473954742,3.00146129333222,1.06124910329626,0.632331960479785
"Line_4151",2593.12064648275,717.133040417871,68.9932517287963,3.60722991494568,0.290013813517311,0.748424774674466
"Line_5001",2690.75363700838,635.418168817616,55.902676235666,3.44201582690542,1.82582781304107,0.632331960479784
"Line_5058",2802.36894460576,627.84860973835,61.8819140516445,3.2988040653134,1.06124910329629,0.632331960479785
"Line_5484",4085.07235462268,642.793549541701,70.0122779304282,3.46645245672498,-1.18841047679106,0.632331960479785
"Line_5606",2282.30490061226,612.810477324514,65.1676511362094,3.13515788410866,1.82582781304105,0.632331960479785
"Line_707",3497.35445872466,630.512152968786,77.2442365501747,3.26031125427683,-1.18841047679108,0.632331960479785
"Line_1134",3526.13932624244,517.758849578698,66.4573958688987,3.0610589547709,0.368407592263144,0.528692536126931
"Line_1205",3121.76885149713,445.317733487957,67.3433644112286,2.69490338113886,0.515788804999235,0.447957428460458
"Line_1295",3125.14371279559,486.355655144997,65.0961418539826,2.87043955487767,0.450415881053247,0.483989597057743
"Line_1299",3881.28156686653,528.419697870127,70.2848041241522,3.10006403102189,-0.956012326070523,0.534163565919449
"Line_1313",3422.755941801,484.593278682238,67.0771988834634,2.86701438478625,-0.196252993114301,0.484612184789389
"Line_1317",3533.13788778754,522.635729896135,68.5897671838364,3.08216345536327,-0.687097087640747,0.532347745005271
"Line_1517",3437.99026766499,480.93177201546,66.8670266454893,2.856148854596,-0.96193157971842,0.483407978199359
"Line_178",3479.18167755837,489.486815737353,67.6068871147379,2.88295577099116,0.0849337045558121,0.486056910703307
"Line_1815",2687.19109157686,476.863060156252,64.1479408183456,2.84276976952711,0.709767216995925,0.482069996646914
"Line_2032",3822.59391824411,480.093886645282,65.4981900194714,2.85101011443674,0.0851917126503282,0.482551721139336
"Line_2039",3171.35475504362,454.733858570323,63.338698956045,2.66802411606719,-0.00896914563181861,0.437907923545707
"Line_2163",3250.83055388816,431.229613615666,70.0287535872065,2.64211785910176,0.0239693155974144,0.440579265463451
"Line_2296",3620.37845212458,495.029095193976,68.7127597378124,2.90207040958842,-0.51940005484326,0.488896992771527
"Line_243",3515.61379961312,429.039370998883,65.469563345545,2.63810558479559,-0.878616060929845,0.44153982747795
"Line_2453",3040.9371495126,479.820669371498,69.8248687194505,2.84945973980457,-0.0378773701250296,0.481867532510843
"Line_2647",2039.31584794482,445.522445925199,61.9764428048284,2.6916502646063,1.05441791984683,0.446667796877978
"Line_2729",3447.13491292095,221.772330269761,68.8205015105202,1.64056616143787,0.8544764842818,0.226244881542343
"Line_279",4253.08169045718,496.921466741965,67.2006010505781,2.96944164272671,-0.0241507046520705,0.509511968927552
"Line_2868",3234.37399771797,485.78214590928,68.6566148665213,2.8684122168951,-0.21141116133287,0.484358806544463
"Line_3011",3426.55995411441,533.169366413666,66.5892507432532,3.11674481213689,0.115158942308587,0.536410983210863
"Line_3022",2988.37478523085,524.524751170386,62.2845384243953,3.08708080315575,1.082069257032,0.532787856127965
"Line_317",3103.44342213726,532.078976647053,60.8873640386204,3.11122251158804,1.08621216936998,0.534865850465579
"Line_3501",3481.94045912367,486.577557351907,71.5779428729347,2.87197279245577,0.000735130672276263,0.484560437226114
"Line_3803",3594.31205865994,534.421224063033,66.7809147976402,3.11959133453441,-0.0714941057752344,0.536453446548154
"Line_3870",2420.74268333009,482.717881485045,62.1595490004616,2.85695293925785,0.794259878279278,0.482161188992091
"Line_3975",2938.79763176971,443.717385179608,66.3806079341921,2.68435254194102,-0.0535006042569381,0.445617235681141
"Line_4023",3898.74533757622,491.263403366192,70.6323245265878,2.89063734645431,-0.215658418152473,0.487885800830473
"Line_4080",4062.82682920808,221.277090424433,68.1628090873789,1.55131164799008,0.0604701568393994,0.219634746363646
"Line_4237",3403.45886969222,526.759601631223,69.6226910527576,3.09476984285798,-0.505679792873075,0.533810474374925
"Line_4289",3258.73062851456,488.914013172908,67.6820841113694,2.88257575135828,0.356938626528116,0.486417600636211
"Line_4482",3025.12050270717,488.642721066625,69.6015396548801,2.88377709154015,-0.48360760915635,0.486822890845894
"Line_4569",3622.93049676696,488.400510173815,67.415216917796,2.87953525065602,-0.459518785861187,0.485767622706803
"Line_4595",2634.32049973549,527.004263329844,65.4551022703917,3.09611969342374,1.3872615850071,0.533649761055633
"Line_4662",2881.39897758245,445.867314010493,67.8966647353083,2.69708008014606,0.0505190376446875,0.448465726632595
"Line_4731",3537.45882900307,524.581981632986,66.3865238236361,3.08218499930609,-0.165583687906802,0.530233250161737
"Line_4793",2743.09467611905,521.571192072951,64.8285367202898,3.07921254730307,0.752864817330234,0.532935244786614
"Line_4819",2434.10157036448,492.630983237004,58.806774922145,2.89536510965973,-0.108009930276541,0.488759619119228
"Line_5113",3364.73055638678,464.537915696616,65.5369532267766,2.70314797177824,-0.0814946514407259,0.444119000030433
"Line_5200",2943.4197718391,516.156845498339,62.9047206420166,3.06124048845953,1.24495388246789,0.530774962812412
"Line_5223",3660.54247045548,531.519021852417,71.3617515196385,3.11219290887493,0.189568644380821,0.536118954743275
"Line_5242",3086.93515503905,476.453034619188,64.3415099061329,2.83996076501613,-0.37196505559811,0.481037638603787
"Line_5327",2455.51234653851,481.714156184626,60.4572730836549,2.85082573097339,1.51770038938699,0.480405958495929
"Line_5339",3844.03656146549,482.852559996193,71.0550159720916,2.86770287154936,-0.809772394812188,0.486107236259446
"Line_5472",3757.80291690245,523.290029471611,66.0784781290843,3.08443863249966,0.301092441151681,0.532499693891525
"Line_5474",3743.82986029643,486.5892738438,69.3285692667953,2.87786547602974,-0.801510174174081,0.4869801421192
"Line_5514",2896.73820149231,528.692216590081,61.9903576284231,3.1019198831368,1.27745152461592,0.534392444612427
"Line_5531",5385.20497523482,514.949728544045,72.7485675717405,3.30110997092554,-0.85697651718557,0.592105609579008
"Line_5632",3494.86630748445,485.518137750579,69.4063422770658,2.87006718711644,-0.194327986391115,0.484972962733756
"Line_5660",3134.18998496353,482.096964021438,68.8963367759296,2.85984142147145,-0.350560927305555,0.484177583283024
"Line_574",3510.70786005352,460.765286376635,68.0069910169026,2.69532641514653,-0.220204888841066,0.444278054985147
"Line_582",3234.73420891681,494.985522456966,68.1463895504912,2.89778478367978,-0.548618528687922,0.487100234621794
"Line_5901",3098.46794787768,488.196722295898,69.2142308543737,2.87397835568111,-0.352856073654861,0.484075458652694
"Line_6105",3773.88802520297,531.577713624117,70.0371733336545,3.10882437751548,0.335490671745085,0.534646099377409
"Line_6385",2790.66145753809,481.127011762746,64.9988142322888,2.8571999081069,0.816939868925786,0.483391577539886
"Line_790",3074.01441894216,459.287682009475,65.9616737492869,2.68302598942818,0.194417811285608,0.439714972943284
"Line_814",3707.12664017653,489.419202203601,67.9602375264943,2.88366756859552,0.0250689922819252,0.486906015875659
"Line_898",3224.49203398989,460.808089861576,68.3769840226886,2.69390107260847,-0.0717929727929129,0.443441508171353
"Line_90",3041.60207354183,485.448769907756,66.8496359576718,2.87125729287699,-0.0190512490096092,0.485087917607965
"Line_960",3882.59632453381,520.969024365289,69.4458219470655,3.07522722668592,0.318805453462014,0.531066543538947
"Line_1030",4620.86605284118,352.769918105824,70.2912946624062,3.18829632217349,0.0687472901398801,0.443610955309609
"Line_1035",4933.33758829417,354.803243874212,71.856730380858,3.22943387532925,-1.16841522407692,0.443761115196878
"Line_1086",4378.46701119619,347.362293399377,69.684573102003,3.09012583819646,-0.639157464242883,0.443588665258254
"Line_1090",4373.44579918807,354.441276056384,73.7136390835425,3.20417976805463,-1.16913390103385,0.444049769035238
"Line_1103",3376.51405784728,352.726961188866,66.6520852429404,3.19657711983834,1.20331512500616,0.443804561845528
"Line_1182",3820.94103371427,348.463347598519,69.6623343975639,3.11060718871184,0.980153869902109,0.44351294344587
"Line_1348",4046.74162053144,350.546412443835,69.902934836336,3.14412683104852,1.17320684584801,0.443653023966695
"Line_140",5234.5604658309,352.684200099523,74.8118244183116,3.19967581950401,-0.901396492851688,0.443524386962336
"Line_1438",3404.85174591035,353.244629735171,73.1364039210358,3.19495553892172,-0.626770648972654,0.443680951884536
"Line_1632",3801.04601433673,353.546171750334,67.846233256178,3.21427671098641,0.211717412724433,0.443692745079438
"Line_1859",4598.32159306391,350.501381570392,71.6531346862874,3.13290940426895,0.442734252518229,0.443858601349526
"Line_186",5789.9941545852,354.984788786943,72.6439146335983,3.24074515480767,-0.891654812699145,0.443718449236235
"Line_1887",3670.90017260065,347.935932051927,70.0696989215731,3.100820750509,-0.18110011165749,0.443426349793065
"Line_1986",5464.44363820062,354.66182552437,71.0149033765058,3.21481115499357,-0.239046804464016,0.443962761184663
"Line_2025",3511.43000649213,352.742485306735,47.7229876934635,3.18355166851741,0.849972148410516,0.443578643081072
"Line_2058",4510.0908617488,353.53483651555,72.1711887686445,3.19181223383014,-0.666466809423693,0.443960367803618
"Line_2106",4613.98217756989,355.565836386924,72.7017958445402,3.2398450904617,-0.267649469905892,0.444080350359855
"Line_212",2650.13405391186,352.217260634721,67.6986869201359,3.19259564447043,1.1931446435282,0.443633588552303
"Line_2306",4989.95002751072,349.872292124279,72.1843653047631,3.11926833867775,0.465755311990005,0.443891703284882
"Line_2359",2939.07363211662,352.583603852655,66.4754635763878,3.18004739089466,1.16947627566473,0.443815424032901
"Line_2369",4554.69538947569,354.177728868143,73.768650338638,3.22275645806555,0.0411029741606705,0.443731083392537
"Line_2440",4111.60470794179,350.311009514738,69.0080640910955,3.13051980733812,1.37624105402561,0.443863605771326
"Line_2522",3898.42636412302,349.537282147961,70.2415003792559,3.12214820707313,1.02348958491611,0.44361262994714
"Line_2553",4772.6695012267,353.499981115386,72.8995723104259,3.19572742582422,0.347817092909893,0.443824179742602
"Line_2597",4155.06373918641,351.867373182093,71.5703508524732,3.17673646451408,-0.230080549375783,0.443809065247223
"Line_2620",4848.45729872596,349.554821983275,73.2278440137414,3.12373578173047,0.0269809359555192,0.443623245398357
"Line_2702",3685.8115896755,350.932734996054,69.8314328705947,3.16014270831526,-0.776490565395254,0.443468359144606
"Line_2741",4172.77384660257,354.155965695102,69.34479440034,3.20381777646899,-0.251277623977098,0.44401217578998
"Line_2870",3898.20850971896,353.762247187429,69.9152674552587,3.19886852822818,1.01041937047793,0.443792243294334
"Line_2878",3384.48989359014,352.834352785162,73.8285976108633,3.17718581617648,-0.594864762434593,0.444050083294047
"Line_30",5191.49789460865,349.360344530477,72.5850608419169,3.11803229291869,-1.1551624157064,0.443506086018612
"Line_3020",4598.58450073138,356.254372477752,71.5044083374882,3.25810950228411,0.638387917904429,0.443930357294686
"Line_3263",3178.7366930016,348.473920996504,68.9672954117456,3.10307249752447,1.20233005527499,0.443539224850213
"Line_3298",3076.26408906533,352.283944786133,68.5906857068637,3.17763340121453,0.821004900809484,0.443656522885803
"Line_3336",4586.84160313309,206.55665283431,70.8335184017428,1.4885801129783,0.0771863611089796,0.204364647701905
"Line_3434",3779.38030842338,353.236309342256,67.2746947493437,3.1957670126163,1.44191564294691,0.443727127153489
"Line_3567",4705.78772102245,351.236273270087,72.3018545097233,3.15550742358922,0.349277045557822,0.443875843424025
"Line_3631",4431.79546714089,350.884078206745,69.4285766999077,3.14524026814776,0.463330900722224,0.443733516218776
"Line_3644",4838.13962982942,353.059164924912,73.0929482204002,3.19259800556778,0.520479239707589,0.443781389599444
"Line_3767",4738.29930979296,352.265297582998,65.9998474370972,3.18619444122039,0.752165483014947,0.443683735196359
"Line_3798",4161.4293724593,352.053066670779,67.0432693336392,3.18210029975722,0.153461930780469,0.443704224335296
"Line_3857",3357.64876761833,350.319006706076,71.3256598431511,3.13874520786872,-0.256970048425912,0.443705292431237
"Line_3919",4092.89628336435,351.755372421942,73.4705573538876,3.16678222281195,-0.353020593451459,0.443728409749181
"Line_4123",3334.9474592796,352.942165697839,71.0904239526349,3.19374698920908,1.00085079637076,0.443539293952805
"Line_417",4075.46802743596,350.178765047778,69.4698548541853,3.12616620898321,1.47099315738276,0.443786651152378
"Line_4208",2481.40521538212,355.812021853832,67.3454270830071,3.2570045118603,1.01758274202173,0.443718808576437
"Line_4303",4655.73238210294,355.683643018261,69.8639273885363,3.24640080089382,-0.3550092031835,0.443611267129111
"Line_4559",4848.26675046887,351.575554788954,73.031624733603,3.17374412752013,-1.1744113493508,0.44352930516213
"Line_4642",3275.14542405653,350.84632253731,68.5494361753464,3.14680457684144,1.01603678871357,0.443582735776897
"Line_4760",3655.50678913649,357.241431040171,70.0103885661033,3.27334807543225,0.125944064752932,0.444029023882503
"Line_4827",5436.15546808697,357.156608753891,70.4881508757373,3.26769228676938,-0.652619371803795,0.444018172581654
"Line_5107",4746.37023615094,356.289160476035,75.7279341160353,3.24288454595803,-1.177068219757,0.443934383259319
"Line_5203",4362.10177687806,357.153852928782,71.3619275467071,3.27018723021253,0.464930177678957,0.444102267873204
"Line_5397",4405.0454540558,445.333634776317,73.0670402907471,4.70507096336898,-0.815412269921091,0.784857345804264
"Line_5415",5040.44018905807,354.108817855276,72.6942641143462,3.20021102161598,0.0776824865258121,0.443834269774025
"Line_5437",5235.19022886403,351.795632997537,72.3773685610406,3.16786402417611,-0.653120197014495,0.443675972923167
"Line_5454",3065.15529027223,353.824883643754,67.6524758767324,3.20108287298895,1.02302071486591,0.443982663558606
"Line_5564",3175.79584792286,352.198693234849,73.8861361434572,3.16220441680622,0.463111886228219,0.443915415444577
"Line_5584",4587.61402655989,354.257186970865,68.1893029674652,3.2194430573884,-0.253409940168369,0.443945715130455
"Line_5590",4210.76441737835,353.200468967219,70.321925476231,3.19806842562739,-0.695742286867479,0.443573927147717
"Line_5599",3502.41772603033,352.991396041874,66.0893933465583,3.20379777514531,0.749512672409816,0.443514822704255
"Line_5695",3884.68138028278,348.165968576043,65.2862000153618,3.10111402640896,-1.23416103873592,0.443531994479094
"Line_5806",4254.53777515745,351.421537153281,71.6121283002992,3.15064270095021,0.0147686021480892,0.443737376122168
"Line_594",4856.80063830124,352.533705256256,71.03169445659,3.18050828715456,1.36901122937017,0.443780906235134
"Line_6015",3766.01851515281,350.178748820094,66.4407895847488,3.15597653271473,0.0666500296109032,0.443631699412125
"Line_6054",5334.24522282134,356.599961934015,72.3196803039072,3.27153923759031,-0.653429126686621,0.443800330474869
"Line_6180",3351.40651320805,352.24374135121,64.1547357011111,3.1739519546504,1.18049119470424,0.443708352231048
"Line_6187",3146.17159255822,351.998536367637,69.6498198787531,3.1697457724125,0.857038596245753,0.443881805523792
"Line_6315",3836.65811451248,353.20354022183,74.5303857507615,3.18358236981346,-0.0969027187145044,0.444062515856368
"Line_6334",5613.07788926065,355.368791561512,74.245451639806,3.24650093943223,-0.610689980146885,0.443728494706048
"Line_706",2860.24574144683,351.148337158184,69.1814508325379,3.1396239727035,-0.626962629132217,0.443693642291942
"Line_987",4726.58520690697,390.543654564714,68.7809334931761,2.16391351605675,0.757615360672368,0.442612796576135
"Line_1029",4454.23844276126,487.127455544298,70.496107093123,3.79061522703803,-0.532217121799207,0.5302194619156
"Line_1326",3809.84591650912,487.12745554433,69.9812376265855,3.79061522703828,-1.3296534887474,0.52987799734939
"Line_1448",3096.86469494653,487.12745554433,66.5058687276119,3.79061522703828,1.05512288011949,0.529823556871524
"Line_1615",3892.66925119668,487.12745554433,70.6248244597517,3.79061522703828,0.0021356896904805,0.5298753536033
"Line_1819",2551.68836338413,487.12745554433,70.1099549932157,3.79061522703828,1.80496977501842,0.530133579763824
"Line_1862",4299.5835336968,487.12745554433,73.5853238921983,3.79061522703828,0.00516659169483136,0.529976640091457
"Line_1952",3657.33628244666,487.127455544331,69.3376507934537,3.79061522703828,1.78458995758796,0.529925006269325
"Line_2675",4546.86716369693,487.12745554433,76.9319754245542,3.79061522703828,0.00468066185218241,0.530142001667253
"Line_2750",3833.88686682223,487.127455544331,69.4663681600736,3.79061522703828,1.04038462437844,0.529826676760394
"Line_2863",4196.08141244722,487.12745554433,71.9119981260214,3.79061522703828,0.0193491853768646,0.530145841441589
"Line_304",2936.95663619737,487.12745554433,59.297696196395,3.79061522703828,1.79462369626026,0.529928651791168
"Line_3095",5666.51300213481,487.12745554433,74.486345458596,3.79061522703828,-1.32751295957096,0.52993459732013
"Line_3389",3617.47115494752,487.12745554433,70.8822591929893,3.79061522703828,0.469286067961797,0.530059017320216
"Line_339",3667.02053463503,487.12745554433,71.9119981260155,3.79061522703828,0.00415092919660009,0.529913014590507
"Line_3473",4540.17704963475,487.12745554433,73.4566065255629,3.79061522703828,-1.34433783913009,0.530073698215964
"Line_3517",4414.01268713465,487.12745554433,70.1099549932162,3.79061522703828,-0.556387139609433,0.529890287648641
"Line_3671",3206.94319369703,487.12745554433,65.9909992610906,3.79061522703828,0.47215595495567,0.52974611028914
"Line_3683",3695.88835369712,487.12745554433,69.0802160601817,3.79061522703828,1.02354451065103,0.529709657525536
"Line_371",3261.9611752595,487.127455544329,68.9514986935553,3.79061522703828,-0.572646192237724,0.529784561342051
"Line_4000",5243.07640338446,487.12745554433,75.3873670249917,3.79061522703828,-0.556191224832546,0.530312195467833
"Line_4071",2318.89828525932,487.12745554433,59.8125656629034,3.79061522703828,1.75638447957526,0.529725889217631
"Line_4101",5081.34116213462,487.12745554433,74.6150628252179,3.79061522703828,-1.32263162975061,0.530182685318855
"Line_4148",4302.70250463458,487.12745554433,73.0704544256712,3.79061522703828,-0.545726030206607,0.530107260551684
"Line_4462",4356.73754338438,487.12745554433,69.4663681600598,3.79061522703828,-1.31384566572493,0.530212320894158
"Line_4521",4372.8086121344,487.12745554433,74.228910725329,3.79061522703828,-0.567956790749039,0.530069902643853
"Line_4598",2245.27374182196,487.12745554433,63.5453692951354,3.79061522703828,2.56779706302317,0.52975851830123
"Line_4829",4693.59902409708,487.12745554433,71.5258460261279,3.79061522703828,-1.33769305926386,0.529927337585332
"Line_5059",4403.80413713458,487.127455544331,73.8427586254468,3.79061522703828,-0.546268568745077,0.529720659869056
"Line_5162",4752.4852996345,487.12745554433,69.2089334268054,3.79061522703828,-0.555065697622269,0.529886046017505
"Line_5275",4035.39384213445,487.12745554433,71.2684112928716,3.79061522703828,1.78582071703431,0.530046686484076
"Line_5287",4122.85540932206,487.12745554433,70.2386723598424,3.79061522703828,0.474491729064555,0.530078059355034
"Line_533",2589.36383088438,487.127455544331,66.5058687276066,3.79061522703828,1.80352297191743,0.529931401488096
"Line_5950",2651.56201088414,487.12745554433,66.3771513609779,3.79061522703828,0.478266603369395,0.529934571512598
"Line_6162",4705.7774846341,487.12745554433,71.7832807593963,3.79061522703828,-0.565922165197133,0.530024432656547
"Line_6189",4562.30482150924,487.12745554433,71.3971286595107,3.79061522703828,-0.557125723985302,0.530022382314175
"Line_6229",3733.15418463424,487.12745554433,71.2684112928832,3.79061522703828,-0.00093545087678748,0.53018329698815
"Line_6317",3758.85587369674,487.12745554433,70.8822591930006,3.79061522703828,-0.556418206311308,0.530012980466136
"Line_639",3583.49073869663,487.127455544331,64.7038255948152,3.79061522703828,-0.557133846923881,0.529659074442174
"Line_72",3211.72197869658,487.12745554433,51.445936832046,3.79061522703828,0.00195905873485991,0.529665271862759
"Line_758",2444.83702400908,487.12745554433,65.7335645278479,3.79061522703828,1.04915054884271,0.530165747303846
"Line_101",4256.19423991107,400.872904642773,73.7334777043669,2.17281836994913,-0.288028808811944,0.522402630369152
"Line_1121",3750.56299382631,349.559919984887,68.5996796562019,1.9464657751957,1.43497218338344,0.443002909754174
"Line_1129",3234.57740037252,348.894180045507,67.8464214720393,1.94195857785744,1.16180823858564,0.442919402407895
"Line_1178",4481.97372071261,344.215243648446,71.4398375259924,1.93262580298659,-0.848869709644223,0.442854586442747
"Line_1195",3023.81973585104,350.085658165285,63.4784575583024,1.94387056151838,1.43530803611156,0.442889192013412
"Line_1268",5126.78215172832,399.081620421073,71.6484395898049,2.16969695618972,0.287212788888107,0.522435815924733
"Line_1306",5103.77483075587,348.191715260004,73.1571361379894,1.94327888853087,-0.84702252674233,0.442921268815011
"Line_1328",2923.10763743055,347.117852506432,67.8352997775318,1.94170778445548,0.789432037260982,0.442911538492941
"Line_158",4081.82700364533,347.978235347186,67.7113259415615,1.93998034957546,0.658760367915049,0.44292569222013
"Line_1622",4522.68835382264,348.011262895118,73.2333714889174,1.94144856784535,-0.09510724140251,0.44290310731427
"Line_1631",4986.6759212189,346.906957979907,69.782333750662,1.9428836840928,-0.442190628024779,0.443007334396811
"Line_1690",2408.4723205046,399.81321698429,57.6667825507639,2.17153327003776,0.842020284194092,0.522442122433656
"Line_1713",3126.13428415517,402.450430403183,65.8839214872393,2.17418289315743,0.165688212698736,0.522359623175193
"Line_1754",3719.56240969494,401.460144653647,67.0474086201839,2.17496501407582,0.331533651705401,0.522446622189784
"Line_1758",4464.99263235641,348.662167549539,74.1200808191369,1.94460741451483,-0.485453996184889,0.442978514682947
"Line_1767",4213.15747359306,348.931412252707,77.9338950840418,1.94382552710813,0.543583266222401,0.44293854313157
"Line_180",3827.23511343082,399.481256652487,68.5435496452239,2.17317906258677,-0.021784404683787,0.522475745182137
"Line_1849",5557.00810331183,349.426731715032,78.2739871342197,1.9496365485675,-0.84309221320512,0.44307141970295
"Line_1868",4395.53190911646,401.461790292096,71.7904154051536,2.1762204386151,-0.118144638005617,0.522514784837674
"Line_1888",4368.798230104,378.219716724292,68.5492908949064,2.03589043491526,0.554436302615819,0.522401409835602
"Line_1918",3130.5056139233,347.456084876502,65.7860255946843,1.94112840202792,0.0484846996004278,0.44288467428033
"Line_1930",4038.2957946317,401.893665866223,63.0008305585126,2.17742727084646,1.22061688214789,0.522454555163737
"Line_1973",3635.67308187052,399.505573410648,65.4978626549225,2.17179552210139,0.159750568499222,0.522469080239253
"Line_1990",4656.68195409296,348.613681300509,70.2222142813389,1.94542040605151,0.5524345267017,0.442950746552947
"Line_2069",4438.64547136869,348.248346615503,74.3567192318431,1.94365185486309,-1.37721141766019,0.442928371294368
"Line_2108",4627.68128066986,400.804326199515,73.9744198816089,2.17350690263889,-1.45842942443541,0.522512955624885
"Line_213",3312.15462511155,399.371293586027,56.7231205185094,2.16887709951793,1.43875825527826,0.522385266405249
"Line_2152",3585.5795805482,399.94929030322,62.9769371107708,2.16167948494969,1.70597650859067,0.522231959170731
"Line_2203",3708.41141014284,349.343106149024,69.547537168737,1.94606046650884,-0.91220322911228,0.44297001572777
"Line_2208",5455.54431754401,399.486133437355,73.4590260498172,2.16661673942734,-0.631304342758049,0.52233646352336
"Line_2229",3848.00457291678,349.069081269037,68.2259176365451,1.94249476028315,-0.48499597842105,0.442933453245927
"Line_2254",4061.08710604095,347.810794696192,67.7438662790015,1.94439896325942,-0.481513405330101,0.443034989625144
"Line_226",4409.09184878564,350.01321730609,69.0390466995634,1.94676693000073,0.407715621635407,0.442955174755828
"Line_2305",3227.27000526399,398.669931314475,68.1254155789554,2.16684441534204,0.633870537667344,0.522355520170734
"Line_2323",2620.31675195006,401.391316981311,62.6075308960167,2.17492656573256,0.774674805086707,0.522466863594443
"Line_2337",3121.18402149536,348.711049071677,74.376757729131,1.94514891754444,0.642532686654501,0.443003090065626
"Line_2346",4039.86517499942,348.760441984543,72.8066253920905,1.94039206324514,0.254338389219393,0.442912727101812
"Line_2354",3620.08299085468,349.375398789301,70.7429706569806,1.94664338581893,0.773576510528114,0.443027849090273
"Line_2360",3113.82732741463,400.288172709547,69.5099853812641,2.1716811608158,0.740138449215011,0.522485354996024
"Line_2379",6266.58003742007,400.444355535801,73.473569488051,2.17403895531502,-0.512271643878127,0.522516358652444
"Line_2407",4558.27539852211,346.652939221723,75.7130636045786,1.93928918783599,-0.610383622233793,0.442935781386547
"Line_2541",4172.92035378373,348.133022262549,73.0649301399385,1.94240658887548,0.365826975091883,0.442936913290499
"Line_2576",4036.79127876816,348.775880232489,63.6829714442036,1.94446094027451,1.28661408343335,0.442955511088527
"Line_2606",3876.57517821566,349.958532831705,68.1539611897542,1.94422090437538,-0.214684776369609,0.44286262396115
"Line_2607",4440.77788762361,348.636066028342,76.448699254469,1.94499638608292,-0.416257683844965,0.442954716077742
"Line_2645",4795.80276808891,350.2554240663,72.1736466264289,1.95090776495606,-0.414933044120774,0.443084494295268
"Line_2670",4088.34080165439,400.384844002384,69.8271265182482,2.16474378218781,0.732352199652394,0.522331114928378
"Line_2688",4843.2092196834,349.495377254851,69.094119920069,1.94624497038719,0.193919655229225,0.443000127627448
"Line_2692",5111.95229051568,347.730550614367,72.3321790555786,1.94118810734097,-0.086446657191797,0.442874973350045
"Line_2792",3122.57869595223,401.300216338646,65.2655750823039,2.16729064961807,0.968443084031242,0.522323541629084
"Line_2859",2932.62535801699,348.143372253324,63.6574338607385,1.94252146831318,0.92259978951541,0.442963352818103
"Line_2916",4073.54207561223,400.574013811665,68.0681938207915,2.16615158394969,-0.0931319570796209,0.522312532915738
"Line_2945",4321.9253396405,400.6770983236,72.7600250739944,2.17271622062066,-0.219270158278622,0.522416731035962
"Line_2985",4023.64699082322,399.486200651761,69.5565689744357,2.16750967466612,0.858640547901288,0.522389217813398
"Line_3061",3163.48166544938,399.750384022516,66.4244732868972,2.17273924562436,0.423835927598452,0.522493200104757
"Line_3148",4106.11521278344,401.608443089662,64.9775760080552,2.17219727973055,1.34933106463113,0.522354014900727
"Line_3208",3906.53708167265,349.40765976151,66.7639730793125,1.94715183399669,0.193729029653335,0.443017519072773
"Line_3322",3517.84156569469,401.629318367064,71.1281655744313,2.17416192517427,0.331857846208565,0.522425097384244
"Line_3446",5264.32591582907,398.971407354373,76.0226727382821,2.16875084712858,-0.727526874526471,0.522388039442341
"Line_3523",4655.30039929279,399.989922778338,69.0864143912285,2.17295327171286,-0.0632903249028864,0.52249291858451
"Line_3562",4870.03305477301,400.611886545132,72.7268119180461,2.17382744165386,-0.464229624525753,0.522507957359459
"Line_368",3724.17619287724,349.824914158457,67.1241660102164,1.94535892621989,-0.48289453768515,0.44294196187169
"Line_3706",4142.17789061265,348.005511598616,65.2582431947549,1.94203953132769,-0.211155155451077,0.442895655004547
"Line_3732",3845.50839433815,347.538035267125,67.4753043139291,1.93671982819236,0.74787736784413,0.442828307629973
"Line_3796",4866.0568291962,399.053234655021,76.3634221122923,2.16875530886764,-1.25996859757526,0.522365363145065
"Line_3837",5373.30585140497,399.106757136884,70.8009358792446,2.16673158823173,0.101312635830116,0.52242720697917
"Line_3889",3575.79457867112,401.478772555574,69.9341402270169,2.17078309938527,0.297163697295458,0.522348432228848
"Line_3899",3897.3461528998,400.941544704408,72.0382225709333,2.17531022229543,-0.284449268020177,0.52249564750603
"Line_3962",4725.85827145935,348.78512058019,71.8651513344664,1.93783544976287,-1.36580189328876,0.442815694363401
"Line_3994",4491.65651631353,348.553906215276,71.6448188333921,1.9418825790366,1.73101723257099,0.442848273764187
"Line_4027",2959.24535140423,401.947705931098,66.4457485571705,2.16809095337551,1.33803662821217,0.522346552324919
"Line_4109",4320.29274099365,398.791141228823,71.5240093994858,2.17013099585067,-0.529655341587467,0.522469015455175
"Line_4110",4038.99133387155,348.367080299974,70.4692786421536,1.94527943381288,0.364595189416567,0.443005017977174
"Line_4118",3425.79361017287,399.445054918918,68.0334377528273,2.16836433675746,1.01887176748268,0.522363945469094
"Line_4169",4418.62794585656,398.321069211092,67.8295276070829,2.16465092581888,0.423935869326619,0.522357697248102
"Line_4170",3401.4739463263,399.793177298972,64.6529398671413,2.17020368116603,0.24383134496808,0.522407102501907
"Line_4199",3582.58226430618,349.632761014329,68.6974750856306,1.94709719168214,0.530725256390197,0.443022073430624
"Line_4222",3858.14030703334,399.426864235041,70.6324720321487,2.1708760466378,-0.0115934255941669,0.522463931702752
"Line_4238",4907.4461731972,401.20623465829,69.2503704856253,2.17003093228721,-0.860387532140977,0.522415075008701
"Line_4301",3982.18755128827,400.991082256007,67.6114401370588,2.17104584538046,0.696713961210227,0.522412777921833
"Line_4330",4077.09637484907,347.997999199252,68.5594886748421,1.94329413840199,-0.214832240391826,0.442913276868142
"Line_4353",4798.89554816672,348.574710459594,73.5246979059922,1.94315020277024,-1.360258217145,0.442867405774831
"Line_4354",4387.67598712116,348.963126958512,72.7736149122918,1.94187555766123,-0.834936478554451,0.442811078308228
"Line_4360",3844.22607712111,350.079554028315,66.3926631845877,1.94932732752477,0.287600575184329,0.443081230067106
"Line_4385",4403.92161032622,348.753527388282,66.0728197073028,1.94198307259049,-0.106155862818217,0.442849377710839
"Line_441",3823.69500127061,400.799499691466,71.0632285739927,2.17654013319306,0.436777920975432,0.522528078397772
"Line_444",3872.16203104117,399.497768509321,72.2239499702842,2.17091601004749,0.866102819891273,0.522498180730634
"Line_4520",4346.59413890402,348.517426490327,70.7814250357826,1.94500325912858,-0.609749644885787,0.442969683736592
"Line_4721",4355.91758973498,401.178845126685,72.5291153982891,2.17031577381815,-1.09934041063299,0.522379612275553
"Line_473",3507.44624144229,398.423647184134,66.1121188266393,2.16670613546241,0.739948864774057,0.522392696353846
"Line_4741",3858.6161372105,401.783712282558,71.5247789578838,2.17445464719553,-0.499880124995556,0.52243008908585
"Line_4759",3619.12067378707,349.512558080303,70.8755650656687,1.94331188403282,0.809040347123505,0.442911747625394
"Line_4775",3350.76590740038,402.041998306945,69.7203209883214,2.16557269981908,0.117386847575025,0.522311052024163
"Line_478",4350.04219107601,400.5968679577,70.8538872940624,2.16615378314713,0.653677647956682,0.522357915431777
"Line_491",5600.51787312923,400.748697127737,74.2476421454885,2.17103699529664,-0.171519206305155,0.522374988621909
"Line_4920",5583.72674673341,346.955970832007,73.2349715270176,1.93600931924619,-1.86959917232021,0.442820147125762
"Line_4945",3622.7269346001,364.981678809553,66.055226748558,2.04940934972232,-0.127319449017085,0.522405992299831
"Line_4967",3945.99497768566,400.471657746239,67.4388777854187,2.16846428093141,0.239678407873965,0.522366385533041
"Line_4976",3204.98224896692,348.322760454885,67.6460123562225,1.9420361486156,-0.237744968072698,0.442919522280928
"Line_4991",3975.23122672934,346.569491085301,71.2044922981939,1.93812234836788,0.746330210419945,0.442935064114663
"Line_5031",4306.68303329174,349.8010805004,71.9912122115665,1.9468062639975,-0.49077668307405,0.442982764806034
"Line_5068",3464.09755920446,398.262490207764,70.6730178248524,2.16865620186823,-0.579236728450928,0.522445690843461
"Line_5078",2719.03399265512,348.664551807829,66.8176097169142,1.94235008764339,0.460453529995092,0.442899778815934
"Line_5112",4942.48317658333,347.429416568179,74.006753370078,1.93953506876717,-1.63557834981595,0.442910713098233
"Line_5219",5114.05395249187,347.822280800164,75.7418336652024,1.94372157095988,-1.02645364317151,0.442981654603895
"Line_53",3832.45061451022,400.489872212853,69.9291680381293,2.16735554891264,0.285806859729944,0.522389188810549
"Line_530",3655.59974110791,400.916217526614,68.7456521837228,2.16877281314206,1.05442527586991,0.522338047040157
"Line_5338",4120.94536633311,401.210602468615,69.7477535783393,2.17778627361415,-0.008512230105025,0.522529560488586
"Line_5440",3665.2018619877,348.608365038985,69.7584604291706,1.94118935744588,0.489187639952625,0.442845604754583
"Line_5444",3796.69519795672,348.299928256464,69.7863212202323,1.94560383854147,0.385483858499162,0.443074156314831
"Line_5447",3757.49038545616,350.182850228078,69.5044012385022,1.95064517842764,-0.396947811564959,0.443015803809314
"Line_5482",3386.79608248391,347.272570038721,65.8976166316243,1.93844962426159,0.751103204032275,0.442886445426052
"Line_5490",4268.47267314711,400.243260569342,67.005590527551,2.17334238538509,0.994752131879173,0.522539825207575
"Line_5691",4579.08188304237,400.131871682403,70.0300293229723,2.17339975672776,-1.33231441421704,0.522497040564292
"Line_5712",3931.11425235361,350.21220848968,70.8595145629245,1.93918638607892,0.893163758075233,0.442819955263564
"Line_5741",5735.25271982542,399.718951773416,74.4696028147158,2.17374441692201,0.132708943726219,0.522503065448152
"Line_5764",5116.03409536191,348.331894752982,72.1345153081948,1.94197517240953,-0.0571224904601447,0.442931225903833
"Line_5800",6196.96705249124,400.052596450144,75.2967355859486,2.17275239844574,-1.0730184195576,0.522444917203801
"Line_5854",4302.65860845861,399.681113576312,68.42845014403,2.15648963113766,0.280431239913272,0.522207366970772
"Line_5923",2499.11346106322,346.434053907709,64.8762961125356,1.94392719385636,1.69424477111896,0.443013675566003
"Line_5925",4148.05093442648,348.313260977701,68.8621620177396,1.94331324222394,-0.180115029729702,0.442882279118947
"Line_5933",3360.6193245243,349.443307921989,70.384483854488,1.94673762044456,0.194751322014822,0.443043903505212
"Line_5958",4949.41774985078,400.419835287178,74.3718104980501,2.17414985553586,-0.438935831495644,0.522474211766932
"Line_5961",3836.85537321081,398.59723440158,66.2904931688507,2.1721852055949,0.179435606667627,0.522499427110587
"Line_5989",5386.03419205008,401.148752414702,74.0313963070315,2.17157540183875,-0.649934969203152,0.522399615792435
"Line_6026",3896.4449283444,399.069979084007,70.0077891495417,2.1651622735598,-0.310436651752244,0.522329325516676
"Line_6030",4171.5043928004,346.971517246414,69.7475574782252,1.9460945817285,0.635981752314011,0.443091719216964
"Line_604",3828.45095525992,400.604404761994,69.5845066468747,2.16949169548277,0.469025257187127,0.522399479929625
"Line_609",4010.51852284079,349.220957168444,70.0355406529462,1.94403349048565,-0.870069620707701,0.442921929902839
"Line_6108",4854.12511425683,399.537481511631,71.1240996486365,2.16647294975175,-0.517153425007074,0.522344149039697
"Line_616",4395.64460445873,349.951628239046,73.7692537160417,1.94680370835427,-0.384788983562514,0.442985176582896
"Line_6265",4270.95263264434,366.603246717084,70.5183089219141,2.05261416595571,0.55400352149739,0.488193908831873
"Line_6295",3249.70970825846,349.383209990007,69.9160210971596,1.94475178044607,-0.241376788832712,0.442956356302177
"Line_6373",3852.16200861521,400.191493294825,68.7888322105767,2.16931268283746,-0.0192268310518647,0.522384340413244
"Line_6387",3631.06580923591,400.516445539933,64.6924430324274,2.17260828042029,0.256364061794617,0.522445541503648
"Line_685",4549.62842268539,402.180503863133,70.9806498316906,2.17216641620139,-0.510427649296207,0.522409153139775
"Line_695",3909.40761616355,347.270130169333,68.97028820941,1.94202590865983,-0.22410628039186,0.443021398344851
"Line_751",3849.11215014755,212.154128563264,66.6966634428066,1.49547590913324,0.834158756823912,0.223517288075806
"Line_779",4419.41487093057,402.167975544617,75.248125846761,2.17424747800509,-0.0247182578225327,0.522450571897748
"Line_890",3303.90512164725,349.052949500952,69.5915379097518,1.943155936932,0.190954208208705,0.442935327000409
"Line_908",2107.63964028394,401.10057930485,62.6147717417773,2.17339425934589,1.15118151751537,0.52246611686114
"Line_930",4331.22402722186,348.825915442089,71.8361231184347,1.94178135511404,0.161862009020868,0.442847183375086
"Line_936",3729.30682566757,401.325278226146,71.716958992352,2.17432987213411,-0.0545935465270952,0.522436991334742
"Line_972",4258.65609688478,349.446821634038,71.372701285933,1.94582279031924,-0.591308020266626,0.442978048950626
"Line_1391",4374.92493249026,533.513927860587,69.3457317047438,2.40293855376047,-0.702650415395115,0.552098950598726
"Line_1493",3455.57667022406,532.407063271329,68.3041763216149,2.38951396595773,-0.689973644713052,0.551815958261686
"Line_1501",4619.95138384625,532.857699259135,72.5245804873024,2.39649542160925,-0.701678419330864,0.551909432632628
"Line_1737",5199.70322793088,532.280076958395,74.3483420664546,2.38716186492711,-0.691642396127913,0.551804791887642
"Line_1891",3005.36892287108,532.849008980082,64.8578208023418,2.39596387535621,1.12724843094391,0.551905313960491
"Line_1968",3692.80639929058,533.084775816466,69.1124443321935,2.39800025178462,-0.704151865890871,0.55197807734708
"Line_2234",3392.28329955831,530.987120914849,68.4240792910408,2.37304388213497,1.15555102020011,0.551503705528354
"Line_2780",3057.20686502685,532.347759110864,64.5965169674112,2.38918590039538,1.10483782006911,0.551810663628961
"Line_2888",4573.31980264716,532.407392042491,72.1689325330727,2.39211742753914,-0.658699528767455,0.551781685600387
"Line_2911",4151.81193156953,532.467795752286,66.186363932375,2.39229817351812,0.00206309380045744,0.551808951926962
"Line_2983",3503.2558149816,532.060412057593,69.1197537074304,2.38299364181024,1.13147628572042,0.551798972227201
"Line_3137",3659.12245012144,531.675296494289,66.0094789986551,2.37930547451005,0.524121669278877,0.551693410478062
"Line_3237",4829.7384111333,531.806737129996,71.6314645094844,2.38309082777939,-0.66479182341523,0.5516460405022
"Line_3270",3383.59697125694,531.599249818231,67.3535992752527,2.37625450452836,0.00335882086202821,0.551690503106242
"Line_3338",4413.39081800201,533.132766911502,70.2484474272076,2.39998920628629,0.517074706903494,0.551980623721862
"Line_3397",5466.13729367343,531.621938857576,77.388352821092,2.37905130109613,-1.5367589327664,0.551687946815986
"Line_3402",3192.96526743964,533.30149746451,66.8784446241403,2.40094626891144,1.11555567988551,0.552014772477452
"Line_3421",4346.31966059256,531.848422127334,72.0145319586369,2.37924623499916,-0.0275408562415127,0.551754636543148
"Line_3496",5209.51598634051,532.806661532235,71.0161983708449,2.39452919490336,-0.00608785516750321,0.551903510623821
"Line_3729",4474.44505667328,531.570729965127,73.4282295887638,2.38093024875064,-1.53464346344344,0.551582844576261
"Line_3735",3302.41548005017,531.617711683249,66.0204406686016,2.38019613850448,1.1516105090277,0.551642289055558
"Line_3797",3771.96689921981,532.590127763651,64.839985558473,2.39224135858915,1.15132936730678,0.551843496404481
"Line_3863",6098.96295851374,532.911664084862,77.6133029791825,2.39436834232374,-1.51260593377025,0.551971665867371
"Line_3896",4786.8994546667,533.009569323335,73.4508960431524,2.40036369984396,-0.631791476848435,0.551906860702077
"Line_4046",3641.42000125459,533.429194113317,69.9944288414406,2.401462029592,1.11935897661335,0.552091001269921
"Line_415",4419.23367582413,533.339333663533,72.7952791678941,2.40146456199562,-0.00489875757994784,0.552034488312927
"Line_4246",4995.48025042244,532.266965978827,73.3315244514835,2.39021535838987,-1.4930407608555,0.551748697162949
"Line_4275",3934.69076334046,531.874009222858,68.0282733522001,2.37916749534638,0.559733100040929,0.551777251229728
"Line_4390",3857.32973194507,532.715414027815,69.1162016659875,2.39549982909052,-0.000107503951371601,0.551864421493616
"Line_4749",4029.54808559674,531.50410353113,71.2611584027343,2.3812426587565,-0.00196027153730149,0.551572950013155
"Line_4863",4712.47731377354,532.173138554446,70.6916650872079,2.38718844630937,-1.53711477334464,0.551730215971289
"Line_4936",4941.7958822745,532.900165937688,72.8356744972473,2.39883982232105,-0.668454650044441,0.551867274660758
"Line_5212",4206.22609776118,532.792133634912,69.5821981025552,2.39743591655285,-0.659677205139434,0.551872364560531
"Line_5313",4124.80967983235,533.166008904287,69.8348734293111,2.39983980575875,-0.66735707170474,0.551999621906109
"Line_5763",3873.74123022991,533.009929226453,71.084924406392,2.39890957061055,0.49765877082118,0.55191977927834
"Line_6028",3219.19884252454,532.954327933488,67.1294861363975,2.39514138617996,1.16280144656747,0.55199217573912
"Line_6067",4842.15591021266,531.328485630924,72.7077332894044,2.3765660044388,-0.70738485837636,0.5515777069203
"Line_621",3445.95660454033,532.867731175605,68.8522388402638,2.3965616301815,1.95163508945374,0.551881849515667
"Line_6222",3572.03162041491,533.661221096244,66.8974524235405,2.40478800560161,1.15141819537562,0.552106465064563
"Line_6352",5112.98928794715,533.111899623717,72.4459832317867,2.39907008146541,-0.0359729013689203,0.551956990314471
"Line_799",4181.06430997968,531.81283907709,67.8099161632013,2.37964636000698,0.00599406147133363,0.551750042492481
"Line_4445",NA,NA,NA,NA,-0.671342331519367,0.551660408150726
"Line_1054",5578.80838287862,431.534020384525,72.8854915225,3.44636655166459,0.156700988484702,0.529395495865687
"Line_1059",3511.60259263952,432.104327255253,65.3445336676524,3.51613828898049,0.233598180268111,0.530581014765829
"Line_1104",3561.18965476077,432.786421704594,71.2162009881421,3.72470895374003,1.71020456526168,0.532361808540789
"Line_116",7681.17848130933,431.777387804974,75.285964397678,3.46587496569623,-0.708418812227373,0.529909095407684
"Line_1457",4628.3341738891,432.163244228144,75.9017572842539,3.52077871895993,0.0448941046895968,0.530785018068169
"Line_1641",3539.68293650405,233.016297038169,63.6115685341586,1.73233835065607,0.435511188098922,0.246541689818279
"Line_1692",4373.22183727436,431.5992003932,67.6480702624473,3.47389896243264,-0.753155229005435,0.529505256278655
"Line_1693",3051.73730917426,432.176599148888,71.1899697850278,3.59118487001197,-0.136361680317009,0.53105424320474
"Line_1772",5350.03025330075,431.317974255616,73.1143484975201,3.45834120007342,0.295412527068937,0.52906987811087
"Line_197",5355.37936005753,432.671638207076,71.6746052571178,3.55026539010954,-0.789387584659276,0.532313858267696
"Line_1981",5294.18505427211,431.394326472026,75.5305030282472,3.38021190280172,-0.807373052702768,0.528851470227488
"Line_2010",6221.72683455155,431.820768431533,74.2250008349766,3.46820070553526,-0.993645188618876,0.530030445281255
"Line_2200",3854.05055649443,252.377519883356,68.9479353716678,1.97213855688549,-0.380335074383972,0.292679785667097
"Line_2316",4564.74125678436,251.659219306085,70.2100703922621,1.93123056536946,0.247183141934479,0.284457092592602
"Line_2335",4171.362719382,248.000782300583,67.5885743022141,1.89960192338419,0.459415703553811,0.283675139632029
"Line_2358",4389.6626024346,248.598926095719,67.7928481566593,1.99191820257868,-0.0499607000397695,0.286770760334672
"Line_2532",3589.10008949787,237.725735085993,64.7787776842459,1.76988749903246,0.0256148689467639,0.243756110764171
"Line_2552",4464.47693704275,432.957428560891,67.7698906596683,3.72232175260869,-0.0333481986152542,0.532776862873459
"Line_2585",8052.38367206918,430.917214756365,72.9176707656687,3.33406221365794,-0.874051739906563,0.527812875231302
"Line_2681",5100.04304750485,246.172238144611,70.9966660739517,1.91128199532622,0.172247047323519,0.278455561987516
"Line_2785",5007.23324700556,432.362180324542,75.1751938730901,3.7884083294814,-0.923716447591513,0.531731808495447
"Line_2803",5262.17967676317,432.380933917775,74.6584895499457,3.7667344668291,-0.928696002851711,0.531668849727786
"Line_2950",4732.82348750793,431.693580611533,71.0429570495581,3.57779810692663,0.302230347478617,0.530058006002281
"Line_3041",4235.59472111605,431.820903554806,68.2039667715935,3.44637550172789,-0.654873966257955,0.530040584689118
"Line_3286",4063.51819636283,431.174077048497,73.4915826468575,3.42540298816329,0.602463248562746,0.528624113170007
"Line_330",5203.38918857383,430.943169306677,74.4043557482278,3.36711185738521,-0.798612375120302,0.528048421604883
"Line_347",5326.10565579351,430.486969064602,77.1281637975865,3.30088296404216,-0.866358764083719,0.52683228645655
"Line_3521",4823.33642886749,430.381468785117,76.6964180867621,3.33929425179727,-0.81593831398402,0.526839129994331
"Line_3684",4702.5240222389,431.283894909055,74.0081061304821,3.56947565632706,-0.800727088819617,0.52931571720577
"Line_3750",5966.49571129454,431.483689500857,74.3389136061376,3.48132677950081,0.110064851202003,0.529391425873611
"Line_3853",3274.39276862206,430.612750459092,63.1683298096334,3.33868335770536,1.32200237380903,0.527703990529475
"Line_3902",5016.23250596879,431.832923355614,73.3831277375578,3.45603733434788,-0.88090441469898,0.530929698582834
"Line_4253",4122.57640531298,430.997022819593,68.1615728896035,3.30027674574471,0.0478999382252491,0.527812194645123
"Line_4264",4931.48035914975,431.557509794429,74.7343052996747,3.44928932724633,0.815989619538326,0.529442568502133
"Line_4293",2399.5714651324,429.922605356797,59.2496593391513,3.20608307879214,1.33785999258685,0.525921971864836
"Line_447",4090.51661815337,430.283285037681,74.5127150507309,3.26646999067336,-0.827889780172122,0.526361530883002
"Line_4506",7860.26635581224,430.776849600076,74.2771716151351,3.3648794737391,-0.637251513629489,0.527709315558784
"Line_456",5103.47379120514,431.433412598288,64.7014532699797,3.34349869039446,-0.72794930121732,0.528806545283523
"Line_4597",4874.13896242407,430.883991593648,72.4312756709267,3.37369528643901,-0.883908084122293,0.52787728030577
"Line_4666",4951.27206346306,430.240492270594,78.0304309129188,3.2469979277384,-0.80876917964358,0.526222448704092
"Line_4811",5079.40682956481,234.263126084005,74.1336001699338,1.80322610343442,-0.292526585561065,0.266438415815384
"Line_4898",4298.13995520216,431.971024525081,72.6079447614373,3.40933139219216,-0.674446145874063,0.530613679452436
"Line_4997",2902.20992722402,1030.76870154675,60.6645836886539,8.43349813588978,0.55511943613454,1.34201868003965
"Line_5051",2803.95572033829,433.003334762114,65.2755869370292,3.82706327496688,1.68087774583788,0.533048901955735
"Line_5092",4538.9539171032,258.407200970194,70.243114444693,1.97436027607982,-0.243723671597198,0.299882521930301
"Line_5099",3325.89199046987,431.138358736139,67.2559900749674,3.355973094216,1.72583092944176,0.528270781546592
"Line_542",6162.9220053285,430.702481558377,78.1644788013277,3.32879680246885,-0.823386993728032,0.527296693564159
"Line_5735",5347.82306941188,431.772642578689,73.9772088353429,3.53871325248519,-0.747779430448804,0.530065244878713
"Line_6391",4519.67950976152,259.198093346545,70.6896410362661,1.97037380062741,0.251006013627129,0.29279203199838
"Line_889",4013.54573584855,431.644960092006,67.8252957025828,3.51299752024491,1.15457306613913,0.529828066696749
"Line_918",5435.98871389946,432.456817362916,70.95398944408,3.84405844594677,0.053065414084387,0.531964859186194
"Line_838",NA,NA,NA,NA,-0.0252374914195914,0.530538894841238
"Line_1100",3306.06795499277,302.83967275775,67.1357867151052,2.19761765070377,0.101691267722644,0.363286363384561
"Line_1461",5197.96431409796,285.455367710658,72.7181433453895,2.20456696479044,-0.478939576747126,0.335867947808278
"Line_1522",3214.97883440211,277.657900367055,68.91988094486,2.09462020112328,-0.027683521921204,0.325408146066966
"Line_1573",4175.87653751298,261.501314007125,69.9396393480875,1.87783509435331,-0.421646400278327,0.266871464620905
"Line_1688",4786.01968172034,257.526555550831,71.3614611780381,1.86476543436863,-0.581809545123448,0.266609439206255
"Line_1696",4367.41467164446,277.119424600815,70.4239908146701,2.08190239830859,-0.512473998805508,0.326128824466261
"Line_1736",2153.7949564147,285.701147486592,61.6878480328503,2.19899433341543,1.00050991271955,0.333816734169055
"Line_1795",3440.57052927773,250.41602338769,69.0781671563002,1.77751418378525,0.470427282881075,0.249302311360245
"Line_1913",4797.21080016659,288.814998464783,72.6838572502292,2.11922953943221,-0.893939242228062,0.334327126427853
"Line_1997",3907.25829041998,279.013833249778,68.0187845102721,2.09845677800098,0.0947938758073443,0.326896671939234
"Line_2016",4707.97745577856,276.484193766492,75.324440288891,2.09557567921043,-0.425625836524961,0.334032947777402
"Line_2125",4341.88554374519,276.953320778665,72.4795469961603,2.08481663767931,-1.10435567301323,0.325064126897913
"Line_2129",3276.6960161311,258.873964255944,66.2148053039385,1.86698854071654,0.495200804300277,0.266276345623235
"Line_229",3668.45328168401,280.461052503162,70.3003614722401,2.10839608770398,0.036208057037207,0.329386778940051
"Line_2309",4543.46517817818,277.541030788755,73.4391289953316,2.09878340091538,-0.38855182552443,0.325988959340584
"Line_2377",4475.71057582475,291.336473915997,72.6016603554717,2.13858512873441,-0.212152457009582,0.339101013268227
"Line_2418",4297.11662790626,260.016731403498,70.789378325187,1.87496335008178,-0.562894997767791,0.26799999646601
"Line_2671",4071.65812307916,255.71034429652,70.0652734137035,1.86452276923474,-0.212601925340025,0.265597926223973
"Line_2747",3937.10043752305,287.021402085658,68.1352579322525,2.20223597609575,-0.356243031454274,0.341275848251202
"Line_2834",3607.60286173412,226.874233093886,69.1439039873116,1.61706210284786,0.932978638694079,0.232135317639876
"Line_2942",4431.24193761035,282.792962910452,69.9810889612458,2.1778454537536,-0.151782378066153,0.336701072468062
"Line_2984",3621.82810671949,283.081160318499,67.1260503154395,2.09195199710344,0.305126890858962,0.329516415265463
"Line_3092",4109.48670618305,285.725212230432,72.3668053099493,2.20731050491416,-0.458878409479379,0.33685722425915
"Line_3105",4528.78254138721,310.642537841186,69.2063236946769,2.32514700445173,-0.21476762907706,0.379332470403138
"Line_3329",3785.15209951437,282.635675336557,69.0004618619603,2.08405223494816,0.429668779416598,0.334710936347586
"Line_3393",3353.84313673881,285.16185606162,67.6143531158189,2.19941602923682,0.012255035461084,0.333772158900397
"Line_3458",5179.04436539992,282.471146104389,74.6510501297663,2.08151757128149,-1.07942090145061,0.334914053725961
"Line_365",4908.87996781688,281.266237410663,75.3620616573183,2.11314595783624,-0.782008457731673,0.32828576809468
"Line_3785",4943.94711252516,259.608326606495,72.7230703640162,1.86758522907922,-0.662775901295437,0.266723957462975
"Line_3818",4131.53072247057,271.402721626448,67.4180021023812,2.06133197440243,-0.103715615429685,0.322595771743078
"Line_3819",3761.71123673457,277.448589207019,70.6790912472418,2.09380712285203,0.341005691248494,0.321470254252691
"Line_387",3473.36030053776,285.866721194139,66.9339438089313,2.20006185946084,-0.249705301252565,0.336339708260433
"Line_3874",4592.06123723673,289.62830569822,69.9620118958882,2.17204563037595,-1.20992267830824,0.338265275138814
"Line_3929",3813.20709063707,261.217919625808,69.8539723734843,1.8765738221806,-0.114893391456521,0.265736612545225
"Line_3938",3656.07784073379,312.677888682446,67.4167147251601,2.33997359745204,0.153324602444538,0.379345176176932
"Line_40",4904.96691078565,315.071192755051,71.9399346636099,2.34660296934798,-0.272039916439404,0.376360387191851
"Line_4085",2860.12800209627,276.821214248617,66.3713195312489,2.07451860600567,0.865215172499275,0.324298075512332
"Line_4144",3582.58526850672,314.77573465972,70.4712151796143,2.33675393049178,0.232334081500303,0.383092494421265
"Line_4160",2974.97465209139,288.801391607184,66.0378520768448,2.16251152399146,1.08799961807093,0.34906227458099
"Line_4163",4631.48237671249,273.188420671768,70.9705250150308,2.06018478866431,-0.273090122964327,0.32439321112568
"Line_4203",4493.17903717853,275.717521175325,68.8744581637364,2.06780613400251,-0.909376838893725,0.325319213408771
"Line_4282",4999.84863408821,249.091224931117,74.5370227937252,1.80476835372924,-1.26743587758297,0.257096600700783
"Line_4326",4017.05352864152,279.766953774757,64.3320884547773,2.09755003414321,-0.606204492777431,0.324860377249667
"Line_4479",5003.20075932757,228.934997818557,71.7526355357957,1.61005593835422,-0.463445659588765,0.233524944064721
"Line_4514",3899.86827554059,258.796387657336,70.0626147593616,1.87310799920696,0.135915010295299,0.264692214404916
"Line_4570",3345.1042736172,280.18868702563,68.4376977363478,2.12474609331884,-0.0753636586854141,0.331682344345219
"Line_4591",4391.37458699392,285.593863035694,69.0527223679021,2.15595772775442,-0.468553271353255,0.336313335673739
"Line_4603",3796.13234790622,310.911795468874,65.9940947544436,2.33449799508386,-0.0577421274356985,0.38110003693421
"Line_4623",4007.62620602399,288.963437824463,70.6518248631881,2.17184359436702,0.202496536793472,0.347333906599196
"Line_4659",4253.00988257342,290.269595729827,72.097744025556,2.22846429342397,-0.634767087558788,0.339185113301062
"Line_4692",3844.34286246579,283.04598192294,68.7249852045121,2.08515083247575,0.0255214601190104,0.333908756741789
"Line_4715",4224.70137898511,284.613138553585,69.1415716901016,2.19011271656251,-0.3039526656228,0.337075101204119
"Line_4747",4227.23025045245,276.591958350081,72.1568760509886,2.08831752051824,0.0554290750705423,0.323063123022448
"Line_4750",3970.64912987305,276.034146489101,61.6638958373527,2.08283316181634,-0.117232630552939,0.324751146414845
"Line_4787",3432.56589907213,277.3672766429,69.4843513386202,2.09925974734328,-0.104118654256653,0.333890231594334
"Line_4842",4218.16800414482,264.821543994514,73.1138634944287,1.98949391151375,-0.380717414491865,0.319538462393656
"Line_4852",2621.21598285806,276.392459692981,63.0261137621737,2.09679123945207,1.34814173081397,0.320951536097297
"Line_4854",2871.87152690155,279.081108537027,60.7490319297759,2.10000351970167,0.772623734524387,0.325246066453551
"Line_4869",3836.64521335103,286.583850421323,69.762863818357,2.1075069810341,0.319350732602377,0.347642883471264
"Line_4892",4677.20081331999,275.363640326857,73.8171510342219,2.0850212939781,-1.22953110219049,0.324567186630343
"Line_5204",4464.01048094225,275.418544959981,72.585929057118,2.07709871748553,-0.442576934775189,0.321221631408531
"Line_522",4230.73127372758,277.35697488226,70.0303790219002,2.09192086362425,-0.617385816627859,0.336989075114865
"Line_5416",3314.32539558074,277.446154847789,70.1109221952439,2.09431896372054,0.104909458450715,0.335117415324081
"Line_5478",4238.84186472295,279.89636645395,69.6850974815603,2.16128329536304,-0.00620111073184182,0.350648544429969
"Line_5538",3737.93207197695,284.569402651357,72.5543301648412,2.18798708259858,-0.208980027143001,0.334447692672882
"Line_5573",4103.14862996066,283.092009905734,67.6732142763974,2.13668111981883,-0.292865143545247,0.334714851961717
"Line_5728",4783.01492854315,229.037805887966,72.3934490022729,1.61738605257963,-0.473866749720811,0.233121956758514
"Line_5945",4798.56034052925,259.617234692365,72.7156345230215,1.8724970746863,-0.747919685755203,0.266856894017109
"Line_6118",3879.57952078499,282.818146392484,69.2837537416791,2.14586707292784,0.23983739296643,0.331019585706217
"Line_6141",4543.52983750113,237.23409227885,71.3145908294951,1.67629633778139,-1.2736957538341,0.24037921097482
"Line_6154",3463.11155370466,236.20315758209,67.7250302614792,1.66976729604846,0.94853606730344,0.239998572762795
"Line_715",5444.3182548318,273.097587831281,70.7168355555884,2.00646896328576,-1.24135840719789,0.327262416407487
"Line_727",3349.96042531859,295.724095493898,68.6315960641809,2.1694720654679,-0.265018260009367,0.346726918041541
"Line_769",4254.57351312501,285.237892072352,69.5881178831107,2.20561589406072,-0.0498670055314014,0.346746295343392
"Line_770",5149.77568524687,239.379287539682,70.5691967006861,1.65425880171551,-1.32453439565572,0.239942344797613
"Line_78",3656.649529654,285.978428639366,67.0438305780375,2.10685924004745,0.279994930203284,0.336911198855389
"Line_804",4850.31555606623,262.541770790485,68.9710666510968,1.88694302895295,-0.730435219074147,0.268285719939825
"Line_863",4714.44229452724,285.190100475215,71.2741933811374,2.19520407742934,-0.261536942969124,0.335563256888583
"Line_964",3658.51626203984,291.301887915361,70.6529651642933,2.16736797710624,-0.133844492847183,0.339397465129189
"Line_980",4184.92516931404,230.337234475924,70.3165336309464,1.62459890192942,-0.26967942359709,0.234186031077041
"Line_1110",3094.64309070442,388.791157840172,66.8801961559616,2.18550179708256,0.142011647977223,0.464872343604502
"Line_1197",4927.51070944503,612.720730845188,72.3272724232101,3.53690036039901,-0.612397669723594,0.91297463113524
"Line_1214",4336.47760823829,559.31040288728,73.5018841162484,3.2446838121195,-1.26236257835141,0.82641400614617
"Line_133",2511.97145564422,612.555721286812,63.737711122377,3.53412264441555,1.28365812259923,0.912150279546775
"Line_138",3840.38858313383,613.09464277176,70.81445512212,3.54213119631806,0.141970422740614,0.914522652673777
"Line_1592",3445.34660829168,611.932534484578,68.1489722026999,3.52470150845263,0.964749531803911,0.909359732393823
"Line_1653",4689.26648788489,611.780704251036,75.5136991600079,3.52277534548169,-1.27126062810508,0.908789745469759
"Line_1655",3138.42609238063,389.57034843592,70.8293910264183,2.18273205303591,-0.336533336986897,0.465212233925948
"Line_1873",4638.82476086362,612.188727804863,74.201647449662,3.53099526595357,-0.291069463873442,0.911228481839855
"Line_2300",3006.48927776981,403.91806691318,68.0624856158004,2.23881037941051,0.620902789084572,0.478029270502108
"Line_2423",4260.10774723605,613.237977778507,71.4023537820578,3.54440890114803,1.23143392225267,0.915195912286779
"Line_2963",4040.1155347588,612.411079602216,71.99278794292,3.53221330972198,-0.0309520571771232,0.911585984620811
"Line_3117",5805.24120368685,559.137090192777,74.8161329551437,3.24502523801893,-0.426378101770656,0.826522373761422
"Line_321",5333.42974558763,559.919418480946,72.7839846771869,3.25450951462571,-1.07029680819765,0.82936394389689
"Line_3220",3712.9368709827,492.244270572854,70.6515535699576,2.76044418418645,0.395005751701025,0.558968460326575
"Line_3354",5084.69385749511,611.925653705548,72.919940174597,3.52669355328166,-0.532807058278707,0.909954862707484
"Line_3390",2249.35553388791,612.039119533628,68.8653386215826,3.52667936487594,1.22247179670076,0.909946963627518
"Line_3457",4211.67874311525,558.65723595291,74.9560414514904,3.23566713425488,-0.416345892365045,0.823709323009204
"Line_3524",4158.54901647389,611.545339373035,72.5536208521812,3.5184743860014,-0.131460386399382,0.907514433157082
"Line_3639",4326.34926383059,612.490066529447,70.9898281207796,3.53658216929247,-0.465874765588364,0.912885570588469
"Line_3643",4999.154805832,558.672617004882,75.5974255744322,3.23794611533745,-1.22129716248724,0.824397887088865
"Line_3659",3089.6465473699,612.876850279638,69.0101121608222,3.53901992608866,0.150618820558943,0.913601443727636
"Line_3846",3922.45587141494,611.473598224961,69.9847342767913,3.52311139581175,-0.400211016522201,0.908897741800248
"Line_3912",4928.51859913972,612.881871497915,74.7706227889866,3.54033561829026,-1.24052811005544,0.913992811080493
"Line_3978",3308.02660499693,612.78369800897,67.5145069915702,3.53787553440278,-1.01832390838536,0.913263042483244
"Line_4003",3872.59417047217,612.930127839418,69.4208038261223,3.53958833455791,0.208126785504577,0.913769167411793
"Line_4020",4958.84371341906,612.11297175421,72.9396743529354,3.529869208677,-1.21478064807598,0.91089557400112
"Line_4050",4106.97377255258,559.312110288486,74.2987016628992,3.24614469509745,-0.771515144198116,0.826855947763532
"Line_4241",1705.74317637315,612.052601655083,62.4233359573115,3.5276762947907,2.13313493070169,0.910243912270129
"Line_4270",3291.81026763682,558.713402597768,70.1784059256173,3.23856569716855,0.582704088397185,0.824583496798316
"Line_4410",5756.32726852373,559.144514520057,76.0477599617334,3.24472017104384,-0.530406160295868,0.826429654330276
"Line_4533",3391.17185436354,404.749730095857,68.2186412365918,2.24080585773229,-0.204625095071589,0.478894479700689
"Line_4554",5434.45231645019,558.547082408091,73.7590120641259,3.23551034108791,-0.937100714945836,0.823664608561992
"Line_4571",3316.26719118788,612.277502365754,72.9786563117464,3.53058698434949,-0.328166251191785,0.9111054619193
"Line_4602",4829.21519807177,612.561062117079,72.4419203647114,3.53480057298314,0.64384066741913,0.912352867512554
"Line_4779",3610.87210573699,346.12044014579,69.5014269357756,2.1478554583311,0.54440940450398,0.343198802714505
"Line_4843",4560.67552789578,611.733271873778,73.6275774883235,3.5274229335257,-0.167322003412079,0.91017616842622
"Line_4983",4336.74251256324,558.79505552176,69.3699288853157,3.24064330262814,-0.195611171880968,0.825208574918641
"Line_5016",5435.63906716423,559.020231691905,73.4942202645003,3.24244160322582,-1.21393560420506,0.825745466489288
"Line_5109",4971.48660049686,612.681993948085,75.0531669434113,3.53728016912027,-0.713809977552145,0.913089033505208
"Line_5138",3253.74358752121,558.454345594427,68.4150247832406,3.2351333464445,-0.0358959386589341,0.82355403900006
"Line_5370",3867.23277314439,558.959134048428,68.2855797819236,3.24153188168547,-0.657804797422148,0.82547248358561
"Line_5551",4267.64982500275,612.955637801996,74.6680650602561,3.53980163510241,0.60185943583486,0.913831649751062
"Line_5693",4454.21905204307,335.526717897306,71.3345107766425,2.11819565626906,0.102729189668335,0.337774208636748
"Line_596",4091.86211855263,391.080204090493,70.5224674107084,2.18919194678496,-0.0177286589880343,0.465446441997146
"Line_6349",3777.45004305574,558.969960882143,68.843689406346,3.23946352313138,0.629472895004887,0.824847639997683
"Line_691",4843.0265826387,404.732015046196,73.3732787498571,2.24533498802079,-0.541557655799422,0.479086165248166
"Line_823",2939.67199766955,611.889027507297,65.0059884743711,3.52527298220831,0.972330520091645,0.909531575335605
"Line_926",3392.65803139825,388.975472549293,68.5081419034157,2.17152291857214,0.0209887898684205,0.464325866643997
"Line_1227",3064.37596031333,515.679919374531,64.2435985116457,2.63081882802084,0.410662324253089,0.561112184572214
"Line_1304",2817.70130554052,519.270438023137,66.5585429148472,2.65605556083363,1.19852912943791,0.562181892343791
"Line_1367",4149.76501170487,515.876287155777,73.3822338143208,2.63187030865783,-0.535507387125234,0.560958646667271
"Line_1582",3490.41906189962,441.783423321193,67.6737345597474,2.31432034328632,1.18987355614774,0.440222501653961
"Line_1708",3138.41994425329,512.219136988329,66.7183024777536,2.63155918456025,0.0801695088496894,0.560543300617331
"Line_1907",1915.84112697077,490.765162716476,60.6607772371054,2.54524003675173,1.47203866588447,0.534702207420368
"Line_1954",3067.51102682896,513.853012709898,66.2058094257919,2.6327274356319,0.372949508230888,0.561334834489432
"Line_2263",3266.25674333094,514.238202974633,70.2283006375505,2.64460361637483,-0.0959174113059812,0.560895806003565
"Line_2315",1264.40690611791,517.416194566425,60.7650860549132,2.64489240171287,1.17758578183563,0.561839680509741
"Line_2380",2354.01777084985,512.187729956872,67.5191959108059,2.64017429094036,0.840106561980682,0.560257894700756
"Line_2582",3752.95595428139,518.020080032279,69.2842957584391,2.65380004407558,-0.0765670344842753,0.561947325030775
"Line_2936",2873.2717945846,518.900792040869,67.0766211224546,2.65753315550475,0.536487467657246,0.561952184261582
"Line_2939",3128.49814891407,520.732229395391,68.847899049671,2.65237346415945,0.642151450530931,0.562549952832671
"Line_2948",2849.00318926527,518.806676153405,65.0427367720076,2.65366788322122,0.80916432972568,0.561847202815077
"Line_3027",3184.2807261976,513.05744335325,69.370772359569,2.63924166742838,0.514497506825887,0.560882166798807
"Line_3225",3353.691641441,515.309845862398,67.0187927797309,2.64119523406672,0.626057444473961,0.561151917407951
"Line_3450",2524.59074303665,514.525780360514,68.42599913236,2.63749207316078,0.566779970979666,0.561002273545338
"Line_3504",3047.14629494973,511.513019895506,64.2177492302922,2.63566814990609,1.2264330338696,0.560713164023502
"Line_3793",3505.27104301807,519.63691019559,70.0411752909259,2.64708303517788,-0.546381293917671,0.561865678157307
"Line_3977",2235.08865958732,512.702801719878,62.7367166918036,2.62638607717143,0.398369807476789,0.560566385928865
"Line_4013",2970.62235680876,414.322331025449,68.8103426037181,2.368575759109,0.534746306725196,0.482834086310133
"Line_4231",3061.94668134545,512.439887075463,69.9072317885692,2.64463456079415,-0.355547598981319,0.560643486363318
"Line_4256",2543.32850990243,519.420659276013,64.1473079753541,2.65501435118848,-0.100984905531787,0.562294640635308
"Line_4263",3472.83788466336,520.133787676419,68.1606258537454,2.65462865084783,1.21564229181109,0.562302090246219
"Line_4359",3394.29356804913,439.666864380473,71.7977675677784,2.30878464727682,0.172113241545973,0.43972427506191
"Line_438",3606.3494936486,516.874385950067,69.2226173376779,2.65059420511682,0.355060014612498,0.56146751806099
"Line_486",1964.96966236891,518.167075779573,58.4830900509527,2.65073447334257,0.28252803521965,0.562024028256638
"Line_5075",3517.90238117606,519.775341644852,68.9697359157421,2.6595374690679,0.741428590807631,0.562287666831843
"Line_5238",3685.7468731156,515.725709045081,71.764368086227,2.64919544859798,0.0273850413056244,0.561561906165161
"Line_5449",3793.46325341398,518.01870243076,72.8002366303095,2.64952306285021,-0.452755233467964,0.561290447394782
"Line_5497",2390.86375534285,514.551082116576,73.9575677354983,2.64320130033853,-0.822611321638405,0.561393857219318
"Line_5687",2494.52146291059,516.514326079405,60.4445193893467,2.65575216279297,1.075202090962,0.561624677224054
"Line_6225",3773.20026816106,519.272867003017,68.0513275370839,2.64572157996602,-0.510641721602217,0.561962387910426
"Line_6287",1933.56687230688,441.387483186152,67.2323851202534,2.34105374600373,1.45289703565499,0.484296989580107
"Line_861",1894.72829310018,514.739133135487,61.8247439437443,2.63878675462314,0.59526536477461,0.561268871722998
"Line_98",3017.80642857081,518.87097825554,66.4117995274393,2.65591004014235,0.4608003207444,0.561990622582588
"Line_1769",2589.40456387599,807.45003101033,62.4465429958241,3.66011385998205,0.630401916325732,0.779317338062795
"Line_2103",NA,NA,NA,NA,0.528186023148389,0.647113514487866
"Line_2569",NA,NA,NA,NA,0.971728299420382,0.638328717539741
"Line_3426",NA,NA,NA,NA,-0.066504580477278,0.631659569885592
"Line_3529",NA,NA,NA,NA,1.64611644494996,0.625605389505304
"Line_4337",NA,NA,NA,NA,1.17801035725097,0.619101201222297
"Line_4769",NA,NA,NA,NA,1.79921760198775,0.644496998800663
"Line_6034",NA,NA,NA,NA,0.812049406164833,0.662439270081398
"Line_1351",3782.05664852856,399.947597290503,69.4067888368234,2.4806053290883,0.318002558420331,0.369753225478559
"Line_2244",1949.68584845342,394.231644283544,65.6535526436095,2.55956504328122,0.933746824595134,0.370178992874338
"Line_2326",3702.40415970856,364.310905938774,70.0178008871258,2.24865100304659,0.415088003305882,0.32810935572521
"Line_2528",3769.96379781931,353.800298634358,70.6378175748525,2.31886703123595,0.241799045426172,0.34517316486607
"Line_350",3791.98563339996,407.465198382451,69.5524851407536,2.55657050101206,0.11792520335587,0.370209152327752
"Line_4149",3396.31590025528,405.613928687508,69.3373279482221,2.5529574550635,0.487154536485868,0.370185937881605
"Line_432",3742.45057802334,406.421092477616,70.6871734060438,2.55879460669443,1.02778702900974,0.370322170720479
"Line_4745",4048.44182944685,407.196467432967,69.500469927654,2.55687318827069,1.19786829441826,0.370247231666341
"Line_4832",3688.02784758816,409.173990234705,67.414818483985,2.56163194392952,0.305777514438602,0.370280263560434
"Line_504",3638.77301564757,408.226161370037,71.2385338736115,2.55959962251976,0.25988017142171,0.370273819727091
"Line_5423",4068.31558058714,362.411744607805,72.408140439456,2.24235259370571,-0.352733605192334,0.327976683485589
"Line_5681",4109.11527184714,398.861716966511,70.4483582318846,2.54739523963107,-1.38072507396421,0.369581804711703
"Line_5890",3296.01785235187,406.149559711434,71.1550343059939,2.55555891940751,0.749272043744469,0.370184492680894
"Line_1463",3106.40766559495,802.418435366526,67.2147090261651,4.04783092016359,1.19299394774809,0.706179324441382
"Line_1475",4127.557178564,802.4184353665,74.3368418100085,3.99504441509102,-0.266543593605746,0.704448596282427
"Line_1579",3545.1381332514,802.418435366501,69.4530729088486,4.07154518599972,-0.242302616944828,0.707411579850301
"Line_1679",3610.13042701144,802.418435366501,72.5396677864207,4.05478991268086,-0.349921370484246,0.706842541167734
"Line_168",3589.96790793895,802.418435366501,69.5863972431088,4.0715773508037,0.569444571128298,0.707201764008202
"Line_1695",3670.40739825156,802.418435366499,67.2456836863835,4.07374310858575,-0.482417512243505,0.707553218786799
"Line_1842",4706.84476965777,802.418435366501,75.985554661067,4.07732763663792,-0.98476624232144,0.707559792746485
"Line_1979",3795.13063528268,802.418435366501,67.8790916654572,4.04371554175664,1.017576147442,0.706248406515391
"Line_1992",3373.7246502827,802.418435366501,72.6456272458299,3.97064653163518,-0.175408605965916,0.703157821911581
"Line_2042",3231.71253106394,802.418435366501,67.8639994248915,4.0465139787147,1.06896124602429,0.706607469441428
"Line_2135",3196.51892481396,802.418435366501,68.7830229019008,3.90790698739662,1.69506464620655,0.702185204362439
"Line_2249",2451.45289637654,802.418435366501,60.9181948316845,4.00437658849401,1.03062004029946,0.704987440539918
"Line_2314",3777.21805137654,802.418435366501,74.173202738737,4.08560136088322,-0.368046615328487,0.708005436982078
"Line_2405",3401.08199231404,802.418435366501,71.2598454912723,4.03801880630799,0.230394933684213,0.705431979025824
"Line_251",3609.69981450153,802.418435366501,73.6996380345717,4.01850055811798,-1.25098760154446,0.705189898062535
"Line_2525",3773.92338981406,802.418435366501,74.1290429715376,4.06437607473087,-0.359523363144284,0.706742705474696
"Line_2567",4113.78488293902,802.418435366501,71.9836430296538,3.99490086776839,0.213169956433409,0.704313104380272
"Line_2710",3430.53421387646,802.418435366501,68.9932138926663,4.06866223746056,0.708207321563265,0.70706431910151
"Line_2755",3429.30114309526,802.418435366501,67.9650377369444,4.00642539520832,0.404503090706721,0.705596452195339
"Line_2913",3537.57095309518,802.418435366501,70.483785658258,3.98913650728685,-0.922241820703334,0.70390518520221
"Line_2989",3449.52683278271,802.418435366501,71.1977907415597,4.06214415056586,0.116174696148374,0.706655580908405
"Line_3009",3642.39214106393,802.418435366501,73.4194366696924,4.06609181422865,0.110301127315326,0.706981738471242
"Line_3077",3273.83944418891,802.418435366501,66.608998521838,3.99419010898172,-0.0353538736597708,0.704458966746117
"Line_3194",2801.8807935639,802.418435366501,66.0259930948949,4.05921002027091,0.777563578755824,0.706877271946197
"Line_3309",3348.63556668892,802.418435366501,68.9830681336077,3.99589226663098,1.11203194645644,0.704520805522531
"Line_3380",3396.07619653272,802.418435366501,70.406488017559,4.10702391405472,0.745253944348722,0.708960823689691
"Line_3382",3612.01476965769,802.418435366501,69.1880226101236,4.08922010755255,0.117875412725369,0.70820790956867
"Line_3398",3089.11554700147,802.418435366501,66.1093120364364,4.05959217753115,1.25593779112167,0.70650050656712
"Line_35",3129.4134282514,802.418435366501,70.5091728877591,4.02376652542452,0.0988331370674421,0.704742383015336
"Line_3686",3499.16174606394,802.418435366501,68.8199491375761,4.09731209599421,0.227547893489132,0.708182742680294
"Line_3687",2946.91756559517,802.418435366501,67.1253412520373,4.04220730960261,1.58829192860441,0.705862879698742
"Line_3741",3408.52942543892,802.418435366501,68.4528565636129,4.09297164544599,1.12152011672762,0.707897174360216
"Line_3780",3653.4130290327,802.418435366501,74.6415473347895,4.03600236288384,-0.285481516914156,0.705368214143282
"Line_4036",3494.51056793893,802.418435366501,70.3179983522946,4.05700958330491,0.0047536945646599,0.706209664013834
"Line_4386",3863.81688512639,802.418435366501,71.4591112863586,4.07333493723104,0.67395073507581,0.707916513443902
"Line_4589",3430.05522575142,802.418435366502,66.2706130220193,4.01020988002204,1.31534659862399,0.704221047584362
"Line_4608",4087.76460608014,802.418435366501,67.9892526146081,4.03269693768547,-0.497810378165554,0.705770765923669
"Line_4669",3752.39204137643,802.418435366501,75.7963737916227,3.99694725821381,-0.914578177195555,0.702749282732873
"Line_4702",4278.4111596577,802.418435366501,69.9963907065736,4.07286062129299,-1.51613551548306,0.707910038212313
"Line_4735",3116.09330481394,802.418435366501,62.4802259902935,4.00567956178953,1.16243921286137,0.704683041880399
"Line_4771",4164.74209934522,802.418435366501,69.195722662536,3.97628050362628,-0.346587295925233,0.703403211329554
"Line_5",3856.48365090772,802.418435366501,68.2836722786795,4.02293465719677,0.731256197292276,0.705410815096145
"Line_5283",3029.62207793896,802.418435366501,66.1234281975524,4.05236385168195,1.65108334687924,0.706415297314568
"Line_5365",2961.55768043895,802.418435366501,66.2249921554311,4.07981406318912,0.784586355835027,0.707640648482063
"Line_5547",3762.98294965769,802.418435366501,70.6126794233989,4.05742349471515,-0.73153558497496,0.706818212203707
"Line_5612",3549.59189059525,802.418435366502,64.9573451473796,4.04241667081831,0.586747682797154,0.705769454537491
"Line_5692",2975.60876934511,802.418435366501,63.4234775750861,4.0636445747443,1.66509115179616,0.706907425909418
"Line_5698",3322.39570950142,802.418435366501,72.5187748228412,4.03057138719065,-0.624557540807058,0.705068028931967
"Line_5941",3582.75257137633,802.418435366501,68.5172626545048,3.99722348799756,0.455849338714853,0.703837168401549
"Line_6004",3963.75063731383,802.418435366501,74.2712632313414,3.99175329329529,-0.961128877975268,0.704855998323227
"Line_6020",3033.87841450137,802.418435366501,66.6036448860101,4.0401530114245,0.230598488206577,0.705661299962603
"Line_6035",3171.5491259075,802.418435366501,67.5707029559262,4.060641099972,1.0984672335084,0.706599233143352
"Line_6106",3745.05372137631,802.418435366501,70.1314133294778,3.99945469873918,1.20366635318134,0.70440229968859
"Line_612",2880.91707059498,802.418435366501,67.0486220580647,4.08518202643231,0.816446528759503,0.708013767107969
"Line_6142",3609.48297528252,802.418435366501,70.3487588486365,4.08946862728851,0.108914500786736,0.708392052382509
"Line_6176",3428.01675215758,802.418435366501,73.3437731302422,4.02011942415066,-0.618774861639037,0.70530845386555
"Line_6181",3693.09645543876,802.418435366501,69.1030773919477,4.00569594840258,0.809049860255116,0.704105989136016
"Line_6215",3619.86952762638,802.418435366501,69.8759306519402,4.05614143213944,0.699605464032588,0.707123050433307
"Line_6294",3897.71546653262,802.418435366501,71.6582319058799,4.04023967266935,0.717522603084733,0.703682786328567
"Line_780",3333.00233747003,802.418435366501,70.7279393661236,4.04629062829927,0.351258411047614,0.706564235806618
"Line_852",3088.24587840759,802.418435366501,68.2217007119042,4.02422957032358,1.52502991993513,0.705675350871433
"Line_902",4068.22229340756,802.418435366501,73.2824059117156,4.05429830616464,-1.20465538247863,0.706934820124065
"Line_96",2520.39528465754,802.418435366501,62.6686929782248,3.97116161807805,0.528564600972501,0.703191767999864
"Line_1480",3437.97278023357,681.573792784054,66.9061257737383,4.67294984547352,0.639238770103525,0.952306744585918
"Line_2169",4417.83243887814,677.671314207132,71.4700802784547,4.65042133795145,-0.566317879042759,0.950487033128952
"Line_2269",2939.29538849048,661.687706779268,64.4550053459058,4.60362645870501,-0.504324971914691,0.947695515313339
"Line_2718",3624.44050653682,667.852969849437,65.6551960381348,4.61877400036281,0.387683183689683,0.949272747765838
"Line_2979",2276.44258083687,692.731064531112,69.9756462540781,4.69123404787753,1.40166498729287,0.953369073113436
"Line_39",3987.33985203644,700.474127147693,69.6694856695821,4.7135642243621,-0.205798928788549,0.953710789392156
"Line_4133",3985.78633680433,657.540101826498,68.8298563900813,4.58928441296722,-0.106333120166171,0.946533469614193
"Line_5358",4022.11598910363,690.791749998565,70.2313264740463,4.67168200739848,0.332625986249606,0.951417683291491
"Line_5682",3657.14080023431,672.880226236217,68.603360202668,4.64002316642492,0.208254874825407,0.95054568696713
"Line_5862",3244.17232557316,684.599522919417,66.8020532181838,4.66660590640678,0.098283145182968,0.951699423630681
