"rID","GY_predicted.value","GY_std.error","TW_predicted.value","TW_std.error","Virus_predicted.value","Virus_std.error"
"Line_1020",4469.8060521589,696.66034883731,70.0166026126683,3.91773658722678,-0.837427200243448,0.666671291892726
"Line_1023",3788.0765107394,538.827766804429,65.8670457521888,2.95681955463182,-0.369207910060578,0.477358181988507
"Line_1033",3388.75564498344,701.649827964111,62.5916841433046,3.94919987178538,0.607133981316236,0.666671291892732
"Line_1064",4385.81821494554,533.259039639604,65.9476382113802,3.17986037446893,-0.837427200248787,0.66667129189275
"Line_1078",4922.62504658932,687.966080204568,70.9911142124998,3.86592973275241,-0.837427200253904,0.666671291892731
"Line_1105",5642.92650889008,542.934467673855,74.5901847038229,2.94132308385876,-0.837427200242061,0.477358181988501
"Line_1116",4353.92294053296,609.077350134816,67.7983274078408,3.5036902293648,0.0990113801374626,0.666671291892727
"Line_1156",4320.5260299165,687.971198107675,68.4714812861507,3.84914643928898,0.607133981308734,0.66667129189273
"Line_1159",5245.3988117877,668.085496922877,76.8692804634417,3.77397658482846,0.0990113801298962,0.666671291892723
"Line_1200",4950.68023475668,642.482543021265,70.5054209632895,3.66072160490309,1.01682343712525,0.666671291892751
"Line_1238",4102.28017532496,569.87465937308,67.9704724987569,3.08488996817097,-0.837427200251216,0.477358181988496
"Line_1239",4415.03576211095,624.031541993112,70.0091416097302,3.54292123859694,-0.837427200252134,0.666671291892732
"Line_1257",4520.19550579467,638.782291766056,69.3475467018126,3.63131912395794,-0.837427200250896,0.666671291892727
"Line_1315",4832.34041764346,375.202412145908,68.1276288788956,1.42505400661318,-0.824591531545257,0.57188813202902
"Line_1318",4450.99474958832,632.952204157146,72.5246853043225,3.59563973569789,1.51765676589684,0.66667129189274
"Line_1343",3854.32188661001,661.81767064946,64.7812420354137,3.74130206501169,-0.837427200251572,0.666671291892743
"Line_1344",4520.50188851763,752.59364220863,75.175211424509,4.14132259785174,1.01682343712674,0.666671291892734
"Line_1385",4662.16029151864,679.291436206067,74.0338509575905,3.81853104190004,0.607133981305923,0.666671291892721
"Line_1395",4679.16479619513,610.457725027233,68.1236828946925,3.4972856102626,-0.8374272002495,0.66667129189272
"Line_1396",4706.82769521381,717.521083703357,69.7142140962067,3.9960446981693,-0.837427200246182,0.66667129189274
"Line_1408",3945.06854892486,631.062398860522,65.129685416652,3.6137781399326,-0.837427200247531,0.666671291892732
"Line_1439",4711.56251310286,785.950885025239,69.1416644684365,4.3219196799378,-0.837427200253429,0.666671291892735
"Line_1529",5079.46107621435,287.569331745402,71.5553186586853,0.996862094663069,0.699176971196821,0.223501670768381
"Line_1555",4418.49123533129,649.79530187434,73.7207602543678,3.70281257572991,0.60713398131045,0.666671291892739
"Line_1558",5052.6918059463,663.906047753269,73.637262929216,3.73107484553692,2.08233382594452,0.666671291892733
"Line_1560",4247.84881649352,642.851574875773,69.0479660658851,3.64859983421222,0.0990113801307204,0.666671291892724
"Line_1598",4018.08594546714,701.031293113652,69.2931231267443,3.91355584474395,-0.837427200249229,0.666671291892731
"Line_1602",4303.61355015129,561.054728489866,70.0752217879614,3.03602927116501,-0.837427200246426,0.477358181988509
"Line_1627",3786.87968863,603.486651405562,66.952928312162,3.45782780289838,1.01682343712328,0.666671291892727
"Line_1700",5422.53320171112,711.130703026254,75.187693245781,4.01103014712163,1.01682343712477,0.666671291892732
"Line_1701",4890.59562405351,362.067649374929,71.7618543912222,1.35532887006125,0.533046847209208,0.570383719014822
"Line_1711",4761.44164058601,619.405553861737,71.5577888169135,3.30181120544203,0.0990113801316268,0.477358181988512
"Line_1740",3928.78892437532,657.800029315185,65.1586219004127,3.72804440085991,0.0990113801309167,0.666671291892735
"Line_1748",5419.76700137597,365.955489629162,71.9531228379201,1.33475326343444,-0.819802499452245,0.570167271947021
"Line_1776",4080.28367699825,623.126707659345,70.776316097344,3.57001515530712,1.51765676589319,0.666671291892741
"Line_1788",4114.82913344762,678.497708865616,64.9836872820726,3.85231743449635,-0.837427200249372,0.666671291892726
"Line_1790",3819.48915809461,714.394081249713,64.4267079999682,4.00405563485486,0.0990113801274304,0.66667129189273
"Line_181",4637.72305509448,595.898590005948,69.3663692256246,3.44284115884459,-0.837427200253778,0.666671291892718
"Line_1814",4653.39832974014,665.594013826501,75.0414391213571,3.8052030355293,1.01682343711276,0.666671291892738
"Line_1817",4649.43711275424,588.727589224333,72.5129549915675,3.40430410891126,0.099011380123186,0.666671291892741
"Line_1821",3542.37323545272,717.800208115614,66.060207768197,3.99524658689644,0.0990113801302928,0.666671291892741
"Line_1822",4824.02508615345,387.860315489633,69.3622057992192,1.41533942153274,-1.08324494035305,0.57098973792967
"Line_1834",4048.603477741,683.228585491803,67.7012616106757,3.80860838843896,-0.837427200246148,0.666671291892733
"Line_1852",4565.25224940248,617.793003117109,67.2549791860123,3.52593463063903,-0.837427200251523,0.666671291892737
"Line_1926",4648.27182222625,721.957207049884,69.1052495359557,4.0100123467413,0.607133981301701,0.666671291892748
"Line_1935",4837.73861161604,498.579388950233,68.3273397490579,2.77185007450033,-0.369207910059328,0.477358181988515
"Line_196",4397.92454822039,575.978774786395,69.3044016412095,3.10210043330492,-0.837427200246712,0.477358181988476
"Line_1970",5263.49950692673,547.236043345693,68.3168650170342,2.97047704513425,-0.83742720023977,0.4773581819885
"Line_198",4819.60919051369,606.441468094571,68.0807918854422,3.46954212143782,-0.837427200247046,0.666671291892724
"Line_203",4588.5013160647,733.70612132473,70.3626505113475,4.06830361559257,1.51765676589661,0.666671291892744
"Line_2052",4036.33818961882,612.178058100086,67.0632282200973,3.50094962990129,0.0990113801283934,0.666671291892727
"Line_2065",4305.80896294749,592.334460409678,67.7159573236227,3.20752156764311,-0.369207910058378,0.477358181988495
"Line_2096",5183.16538733635,657.887228788058,71.4550808727538,3.72480237195665,-0.837427200241225,0.666671291892738
"Line_2101",4651.35634699195,609.678456757023,72.7910925486868,3.50517235481714,1.0168234371195,0.666671291892725
"Line_211",4479.21909502797,591.159683638515,67.3462796171988,3.44716784520169,-0.837427200246956,0.666671291892741
"Line_2112",4303.90738135732,720.52108817566,69.7150055744217,4.02030646356322,-0.837427200247161,0.666671291892735
"Line_2144",3503.3560844873,683.048184222687,60.9950091009153,3.83687968532878,0.0990113801246861,0.666671291892747
"Line_2147",4197.03308495507,575.956622448866,68.7941271342593,3.10999806431433,-0.837427200249415,0.477358181988482
"Line_2170",4022.31140228965,632.768034496967,67.1236234622892,3.63367267280781,0.0990113801300081,0.666671291892736
"Line_218",4716.8713094433,825.568562628434,64.5573371133851,4.51859834899251,-0.837427200247929,0.666671291892734
"Line_2182",3928.20518972433,619.77962615995,68.8502681550136,3.55341520727197,0.607133981307979,0.666671291892726
"Line_220",4246.07429804551,575.535681159624,65.6722517563893,3.33824885131886,-0.837427200251923,0.666671291892744
"Line_2209",4180.3242914539,610.954194796287,63.4242954518296,3.52227918159384,-0.837427200251905,0.666671291892739
"Line_2294",4361.07893267584,751.848553050462,69.0779053869366,4.17738684233047,-0.837427200251249,0.666671291892728
"Line_2307",4768.89145391163,701.077127493986,68.0423945228342,3.91696660524076,-0.837427200251911,0.666671291892737
"Line_2317",3314.36682238663,628.42783378951,61.8124997485051,3.55619690751075,-0.837427200255711,0.666671291892732
"Line_2361",4126.75835188082,693.821239552777,69.2022576469819,3.92010476675646,-0.837427200247907,0.666671291892725
"Line_2386",4322.79172127161,540.707179869116,65.7664426112085,2.94019354417388,0.0990113801253991,0.477358181988503
"Line_2396",4445.14255211565,590.261181077177,67.3974044162219,3.42175654486043,0.0990113801251387,0.666671291892735
"Line_2398",4835.54840463084,761.099889920532,73.3186552063487,4.20204549288561,0.0990113801270749,0.666671291892734
"Line_246",5167.41445523628,365.547239681365,69.6521050329233,1.33296710247918,-0.588084871003567,0.569646785479339
"Line_2466",4192.14292885756,650.8453605381,66.4655107056631,3.71354474978722,-0.837427200252072,0.666671291892741
"Line_2509",4963.5527839091,305.397407788813,69.3138800285598,1.08070939519437,0.190169800785126,0.507597228440447
"Line_2520",4105.48523384871,650.177453135237,71.5756344442964,3.7385182913032,-0.837427200247756,0.666671291892729
"Line_2533",3565.42011979327,800.997948693786,67.6481440007519,4.36932485235448,2.08233382594367,0.666671291892742
"Line_2561",3450.59489026382,704.86370060112,65.231438361804,3.95096324883413,0.0990113801298984,0.666671291892739
"Line_257",3973.44544905926,582.612362759531,70.7395194317915,3.3531337214321,1.51765676589313,0.666671291892741
"Line_261",4434.45020995764,827.294517999928,66.9673927351641,4.48188258201944,0.607133981309802,0.666671291892734
"Line_2612",4262.20361942651,877.158391271868,70.9713572149043,4.75300420465051,0.0990113801291823,0.666671291892731
"Line_2639",4254.61527178197,769.975736513442,67.5664797966374,4.23269991691745,-0.837427200245751,0.666671291892732
"Line_2650",4518.3535191413,554.636683114369,70.0336092020743,3.02084842634882,-0.369207910059821,0.47735818198849
"Line_2653",4968.77275391551,538.502478406722,69.1373479509669,2.92526352786221,-0.36920791005676,0.477358181988493
"Line_2667",4979.1645000419,633.522907502534,69.0399058062445,3.63157981617049,0.0990113801274011,0.66667129189274
"Line_271",3951.04721478071,616.695484027328,65.8504272292966,3.54867406011918,-0.837427200250385,0.666671291892736
"Line_2724",3700.85861235993,707.972478354113,69.8884136783751,3.96968968568277,1.01682343712888,0.666671291892731
"Line_2737",4608.95025240118,587.938101908724,67.9761761008508,3.37519776832714,-0.837427200248516,0.666671291892739
"Line_2759",4830.01689090347,650.517090594488,73.7951794553148,3.69806186276236,-0.837427200243112,0.666671291892743
"Line_2782",4513.99187544873,202.548940222484,69.2164850549993,0.637332813621169,-0.513179748731881,0.0755915097811107
"Line_2823",4179.70339933627,689.078374590117,71.8263559918103,3.87935183221291,0.607133981304228,0.666671291892743
"Line_2836",4786.98292744821,796.95841208177,71.6520985641154,4.36140040178964,-0.837427200252238,0.666671291892735
"Line_2846",5168.89099109976,592.913621689093,70.3916012876822,3.41453784910412,-0.837427200248183,0.666671291892733
"Line_2848",2944.09714077069,622.620558201025,60.8259200128445,3.58305624595675,1.0168234371224,0.666671291892734
"Line_2865",5854.08286833363,650.326771169505,76.077922708694,3.69324893953387,0.0990113801288772,0.666671291892744
"Line_2910",4928.81965843523,599.270643753291,69.9481110969922,3.44760994276223,0.0990113801313595,0.66667129189274
"Line_2973",3856.37329241923,561.419201942787,64.5706565882555,3.05278263639927,-0.837427200253098,0.477358181988498
"Line_3023",4126.49708710355,632.193979067727,70.4483425101596,3.63262910836636,1.01682343712347,0.666671291892743
"Line_3026",3738.66586909189,606.071661650973,66.97779898447,3.26214513054276,0.353072680722921,0.477358181988498
"Line_3051",4802.72286001061,633.621166834175,73.6504265180329,3.60469022354629,0.0990113801286445,0.666671291892735
"Line_3062",5121.13459897927,570.364376682506,69.1455906348736,3.09109477055446,-0.837427200244428,0.477358181988492
"Line_3168",3833.5304576879,452.807464890662,64.110676106019,2.51876441550816,0.0990113801252195,0.477358181988494
"Line_3184",4847.35383766591,669.148815277271,67.4197345005123,3.78625687911313,-0.837427200248123,0.666671291892737
"Line_3191",3809.00229795578,794.953000132117,62.7671439847972,4.37739969178981,-0.837427200248724,0.666671291892739
"Line_3207",4952.65112503642,598.080384674811,77.9483972492745,3.42669308613984,-0.837427200245395,0.666671291892743
"Line_323",5505.86355502983,728.945591715011,74.7925271429979,4.05548040770173,2.08233382594069,0.666671291892737
"Line_3271",4361.01704682132,520.713794384228,71.2193024889863,2.86271089394376,-0.83742720024805,0.477358181988494
"Line_332",4720.57371640823,307.924889338297,70.8336490694549,1.08309318972253,0.0264743671719836,0.507342541486109
"Line_3336",4788.12517250352,199.660586254859,69.43586943733,0.637028967840996,-0.158147999956112,0.0729131757677078
"Line_3416",3866.00762164151,499.567662001492,66.2967172600139,2.75341896452482,-0.369207910063136,0.477358181988509
"Line_3430",4747.66697877284,285.756821217295,71.7336532851466,0.993428835685907,-0.357817119461039,0.213225011523206
"Line_3444",4167.98953603919,722.693648628734,71.1387236104216,3.99865678513203,0.0990113801306016,0.666671291892741
"Line_3476",4326.94706593878,647.970399204003,66.7180941224064,3.67169839777051,0.607133981304596,0.666671291892744
"Line_3478",4667.12871836997,522.268624073519,70.4816691121491,2.86923645872996,1.51765676589076,0.477358181988501
"Line_3488",4873.22941824416,312.040039128571,70.8074152820473,1.12892277542188,0.316360474984309,0.508950144082554
"Line_3527",4700.96655416971,565.970896565036,69.7895403120025,3.29342701314539,0.0990113801279617,0.666671291892745
"Line_3572",4860.43689134591,369.068154872138,68.7978435998787,1.35248170203169,-0.833473165569169,0.570558710153809
"Line_3576",4454.72120713774,608.03212215059,69.4040913949931,3.50422121942312,1.01682343712306,0.666671291892746
"Line_3579",3573.82214215951,641.119129002735,68.4702448906594,3.64245979359523,1.01682343712009,0.666671291892741
"Line_3588",4771.25851417291,650.035929346192,66.8628862044744,3.69048426715927,0.0990113801267369,0.666671291892747
"Line_3594",3773.63247217174,606.132761568674,64.9280456089048,3.47140092875547,-0.837427200246367,0.666671291892745
"Line_3598",4970.35366877873,301.156783040195,68.4952163557152,1.09302387091318,-0.152122375190556,0.408330637199511
"Line_3610",3911.56131434482,718.506139928216,68.5212038987082,3.99684318309525,-0.837427200246503,0.666671291892737
"Line_3696",4504.77654261764,661.48814914026,70.3574132337312,3.73269660720582,1.01682343712316,0.666671291892733
"Line_3737",4376.45489164094,700.856649207194,70.5317595066516,3.92746330229682,1.01682343712209,0.666671291892754
"Line_3738",4616.35147196891,533.183619407373,69.4715338875558,2.89338271023347,-0.837427200247036,0.477358181988497
"Line_3743",4556.71399421657,898.678551924738,68.6804181731171,4.83621173210817,0.0990113801260271,0.666671291892747
"Line_3745",5436.74048043977,532.394762327874,73.3357554286769,2.88987662981341,-0.837427200245434,0.477358181988498
"Line_3747",4161.44924797731,560.482287996215,65.3405986474936,3.02508511214082,-0.837427200247042,0.477358181988511
"Line_3773",4732.09819926673,663.086149440166,68.1661699882436,3.75306157638309,2.59685227205912,0.666671291892738
"Line_3811",4604.54063520148,560.102386003095,68.4764663310648,3.2613721185532,0.0990113801306933,0.666671291892746
"Line_3878",5062.51437044136,627.594652622143,71.6208465907211,3.57311110760551,0.0990113801286869,0.666671291892746
"Line_3879",4762.46165639014,695.766827364521,72.4675715653959,3.9061938304764,0.607133981305262,0.666671291892743
"Line_3922",4265.57364684588,730.313087242295,71.5594145781406,4.0821195809197,1.01682343712501,0.666671291892744
"Line_3931",5293.02348040834,625.506459282429,70.6627906205106,3.57144320244162,1.51765676589155,0.666671291892744
"Line_3949",4440.60962188901,618.971540647734,74.3184160018957,3.52656654171336,1.01682343712264,0.66667129189274
"Line_4012",4348.55069293741,625.872058472205,69.8522886277999,3.5839404139079,-0.837427200244824,0.666671291892744
"Line_4024",5061.60680036108,708.493622403798,69.8320014158885,3.96752386967358,-0.83742720024509,0.666671291892746
"Line_4030",5156.57214481904,374.489622210396,72.9638166338919,1.37176109057766,-0.628717064661654,0.570769796300326
"Line_4104",4253.73557126099,594.817830747594,70.3578596243631,3.43502848065722,-0.837427200246407,0.666671291892747
"Line_4180",5273.86726537818,594.513524659224,71.6895031073906,3.42698133862676,-0.837427200245968,0.666671291892751
"Line_4187",5098.71581460818,345.011237616941,70.6509599236605,1.31783602613965,-0.147965961678371,0.438362860053194
"Line_4189",4993.90879544049,652.252981931778,73.8622834916296,3.68941885118573,0.0990113801315526,0.666671291892744
"Line_4200",4263.65268433988,788.111186635348,67.4200118112043,4.34632865684407,0.0990113801300934,0.666671291892741
"Line_4227",4829.28916314863,202.999561964294,72.393217437145,0.658652161114969,-0.583504826174849,0.0905754342715692
"Line_4254",4301.51347823458,778.545787681727,66.9823218767771,4.30564316131143,-0.837427200248091,0.666671291892745
"Line_4266",3949.22356898441,717.495610596633,68.0853533085722,4.00882949453874,-0.837427200249688,0.666671291892747
"Line_4282",4433.20770030782,203.944022722383,71.4512588768252,0.646087892275993,0.72345810671373,0.0878585113305763
"Line_431",5647.3590664407,679.501062719273,74.9243558253727,3.83964860464165,1.01682343712431,0.666671291892749
"Line_4317",4434.78455803269,706.797831623273,67.0605294564364,3.97677844070139,-0.837427200248043,0.666671291892743
"Line_4318",5049.39873964797,660.361151550752,68.6534220894995,3.75075414982976,-0.837427200246025,0.66667129189274
"Line_4334",4402.93123412311,615.601086967958,67.6173114768201,3.54412261093576,0.0990113801292722,0.666671291892747
"Line_4368",4983.10760991354,373.665334725568,70.9158674076929,1.35355012797227,-0.785005716850815,0.570230694070807
"Line_4399",5110.00480595976,909.876447693135,68.498389693971,4.89671272613698,-0.837427200247122,0.666671291892745
"Line_4430",5017.48124691111,243.686490301979,71.3041118040517,0.779139307690677,-0.156099199496541,0.160604353599712
"Line_4435",4683.20012623029,589.11177359278,68.2899693079735,3.40616426212647,-0.837427200244392,0.666671291892745
"Line_4461",3845.15978572095,642.153230516161,66.2370613461194,3.65059967456171,1.01682343712494,0.666671291892747
"Line_4479",4995.1029975409,199.107224518824,70.7671530491935,0.632238668596748,0.0671235002686648,0.0761750125194209
"Line_450",3383.7801607101,551.113953876696,63.7406364435103,2.97673707946382,0.353072680718776,0.477358181988498
"Line_4502",3560.33724490462,527.753498229462,67.8896334470748,2.8872653914952,0.607133981305033,0.477358181988508
"Line_4547",4899.52656958148,740.766450811421,71.8827155010832,4.07497643259793,1.51765676588963,0.666671291892747
"Line_461",4870.03985130876,614.148054958917,67.699112773551,3.53179458192872,-0.837427200247263,0.666671291892745
"Line_4622",4540.20957302209,606.157483223257,69.3607711956883,3.4646890120859,1.0168234371185,0.666671291892744
"Line_4629",4596.58979469106,778.594562839906,67.9393745487755,4.26244328935315,0.607133981305251,0.666671291892747
"Line_4634",4142.53675914288,578.811682009922,70.7039563358984,3.34848546607914,0.607133981308038,0.666671291892747
"Line_4655",5562.92296248899,737.111430191853,76.9334748756721,4.12133757434864,-0.837427200246169,0.66667129189275
"Line_4664",4365.09787924429,713.76956754014,67.3672162280741,3.96842089871517,-0.837427200246167,0.666671291892745
"Line_4667",4427.10633105961,529.807480080475,70.160262531361,2.91119505476337,-0.369207910059012,0.477358181988505
"Line_4688",4817.25926317905,584.470226771819,70.2348257590262,3.40086161559265,-0.837427200249202,0.666671291892746
"Line_469",4646.20736891877,384.14177365889,73.050676238377,1.42394239625649,0.560951645459256,0.571598667467706
"Line_4733",4880.2528067103,555.925567972869,70.4286664715306,2.99297668537933,0.0990113801288766,0.477358181988505
"Line_475",4529.71662765619,578.252493222178,71.6456303407494,3.10292648023567,1.79999529591844,0.477358181988511
"Line_4798",4818.6168939591,672.370413102527,68.2529225947771,3.79661720148583,0.60713398130694,0.666671291892744
"Line_487",4407.53720000251,564.915086308503,67.4167405038437,3.31831239429016,0.099011380127547,0.666671291892743
"Line_5043",3944.26008167417,714.695526556732,66.1374499182952,3.98817899819481,-0.837427200252044,0.66667129189274
"Line_5074",5101.30480662534,367.465526660611,69.726265551067,1.34649560087198,-0.845927858320697,0.570174297599182
"Line_5093",3320.83330757961,688.243395562249,65.7771438729407,3.84185921038817,-0.837427200248398,0.666671291892746
"Line_51",4489.53375422906,549.138591853225,72.4565733014603,2.9664198779226,1.26724010150561,0.477358181988507
"Line_5101",4565.13224921084,526.414322530512,69.4700912208548,2.86507349268393,-0.369207910062515,0.477358181988504
"Line_5129",4280.03267530326,715.82942154119,73.2855752600766,3.99422705626446,1.51765676589195,0.666671291892747
"Line_5131",5697.75087923519,364.510814215516,70.3134228822134,1.32133631901283,-0.821555870588914,0.569476581126146
"Line_5141",4119.97055019616,676.093471596465,62.7005966732784,3.85535451488102,0.0990113801263657,0.666671291892746
"Line_5171",5009.90706251581,573.877909370594,73.4052057932259,3.34602166600889,1.51765676589127,0.666671291892747
"Line_5199",4635.41365950277,562.057199506639,70.540862988883,3.30147722417755,-0.837427200247517,0.666671291892746
"Line_5217",4615.07900920077,617.855972021813,70.0070031917734,3.54014069238458,-0.83742720024698,0.666671291892742
"Line_5276",5037.42738582862,701.426425211972,72.577439432314,3.90950545845643,1.51765676589314,0.666671291892745
"Line_529",4678.36230170726,759.299427324138,69.6141527137942,4.19089433591342,0.0990113801304122,0.66667129189274
"Line_536",4934.82879304348,268.485016486683,71.3960351639242,0.909507381622635,-0.547265335157101,0.219528512709979
"Line_5374",3939.65164005528,619.033786783586,65.5575641654398,3.54749070197083,-0.837427200246594,0.666671291892739
"Line_5384",3694.50771339429,603.589730733778,67.2534876264136,3.48584384885971,1.01682343712372,0.666671291892741
"Line_5395",4896.41026291751,586.152346237801,68.0941534474498,3.3687788646326,0.0990113801297581,0.666671291892747
"Line_5412",3953.33606288056,544.845906214076,67.9659758088712,3.18553356989951,0.0990113801295227,0.666671291892743
"Line_5422",3928.53506650335,635.084060830756,66.5749606434325,3.63564494801778,1.01682343712434,0.66667129189274
"Line_5436",5165.40949477907,377.558775706538,71.4167776129078,1.35032441060961,-0.434782998498794,0.570004443222193
"Line_5463",4807.38501679735,666.741712626712,66.9501419688726,3.76422065001603,-0.83742720024717,0.66667129189274
"Line_55",3926.24611680282,592.894875500836,67.4032850864474,3.39878469118114,0.607133981308548,0.666671291892741
"Line_5556",4174.23174880212,578.355892973816,68.2863480110918,3.36563306327589,0.0990113801295407,0.666671291892743
"Line_5633",4305.20755157617,528.355019397597,66.8910910052679,2.87390814791482,-0.837427200247367,0.477358181988497
"Line_5694",4622.32051098101,502.846379364832,69.4943284164762,2.76118794739149,0.60713398130693,0.477358181988499
"Line_5702",3993.18510526302,714.150490700126,63.4469300472905,3.99576973133351,-0.837427200246833,0.666671291892744
"Line_5711",4033.24253831131,548.916961341317,66.3433910846982,2.97949894970873,1.06239537360096,0.477358181988498
"Line_5728",4841.06670676879,198.957287759486,71.7306778360949,0.629991802579909,-0.318430575713338,0.0710451535913301
"Line_5739",4811.92443643818,207.827861963245,70.0656701631027,0.664317090616945,0.493896939702976,0.09325495127105
"Line_5759",4643.16387482211,715.285310345129,69.9699056117029,3.99569145077751,1.01682343712465,0.666671291892738
"Line_577",4816.13810116947,655.265094312321,67.0194162764255,3.73045681006625,0.607133981305956,0.477358181988498
"Line_5813",3939.36005738925,520.053926888695,67.0783740428801,2.8388310362126,0.811978709215066,0.477358181988498
"Line_5838",4114.33657059279,637.190405870561,71.1826296836567,3.64062453686131,1.0168234371231,0.666671291892739
"Line_5839",5417.28250457127,751.964425696591,75.7064794185415,4.1580747462136,-0.837427200248261,0.66667129189274
"Line_584",4689.95199043112,704.79393604365,72.9621755872738,3.94470310857717,0.0990113801285373,0.66667129189274
"Line_5847",4880.3656316737,520.943622871689,71.0584866355813,2.84557574351215,0.607133981306521,0.4773581819885
"Line_5856",4470.80704591694,649.89333263386,68.6400364372302,3.69402891236183,-0.837427200248049,0.66667129189274
"Line_5866",5090.62153192316,707.146317543443,71.2479367616954,3.9247455089226,0.607133981306223,0.666671291892739
"Line_5872",4540.10221042692,655.157824217469,73.5819434580573,3.69247317720053,-0.837427200247148,0.666671291892741
"Line_5879",4881.8415924968,308.40925088478,70.6693924432204,1.07751799213398,0.181338880881435,0.507213292497557
"Line_5918",4302.19872310799,698.77320193603,65.4425752442222,3.9358701329581,-0.83742720024764,0.66667129189274
"Line_5932",4012.14944874645,673.658088477977,75.3513968227429,3.80806987504563,1.51765676589148,0.666671291892739
"Line_5934",4451.98486179117,567.428851254137,70.3577665310947,3.29703524370408,1.01682343712292,0.666671291892738
"Line_6002",4604.24385653988,359.442838196074,73.7951608757746,1.38010297441606,0.362065043046452,0.571317410242588
"Line_6029",4532.34958340119,568.240911765903,70.0351862653731,3.31595061412135,1.01682343712379,0.666671291892741
"Line_6053",4505.98446022846,651.127416114796,67.6108660013339,3.684645844171,0.0990113801285262,0.666671291892739
"Line_6070",4794.8457666074,697.310070102418,67.5831617798226,3.88510271695759,-0.837427200247986,0.666671291892738
"Line_6086",5113.04291504534,639.494270705968,75.35868221058,3.64515543462347,-0.837427200247613,0.666671291892739
"Line_6087",4266.40464474464,578.323575951122,73.5375925885759,3.34697982342936,0.607133981306918,0.666671291892738
"Line_6094",4488.03803511406,584.576276749683,71.2640152113586,3.39846554732982,0.607133981307372,0.666671291892739
"Line_6133",3623.80239767654,717.589594574103,65.3592746728075,4.02843815276995,-0.837427200246834,0.666671291892738
"Line_6165",4879.37246325149,646.764541439574,71.2676692115604,3.66091055494941,1.51765676589246,0.666671291892737
"Line_6211",3921.59643399696,744.245370272491,66.8497423226416,4.14743407229917,1.01682343712278,0.666671291892739
"Line_6238",5088.13324718083,663.795526452588,75.1887598455645,3.75033328423836,-0.837427200247579,0.666671291892737
"Line_6241",3724.03271673797,698.131316186162,68.8416272772065,3.91909659082952,0.0990113801282788,0.666671291892737
"Line_6249",4510.12459285037,643.845859257668,69.1651735447721,3.66834823935615,1.51765676589289,0.666671291892737
"Line_6264",4060.86435958368,655.516590626642,70.1743925219932,3.70313869941919,0.0990113801281807,0.666671291892737
"Line_6329",4784.3707414481,715.259853287878,74.0480574343684,4.03784748702192,-0.837427200247833,0.666671291892738
"Line_6389",5355.59933873669,711.541158797475,69.6461781333513,3.97001804397943,0.0990113801276913,0.666671291892737
"Line_690",4838.11399655688,732.953558045382,68.3694308545182,4.06842158737375,-0.837427200248151,0.666671291892738
"Line_703",3891.49490489504,774.94202963719,63.7972517892533,4.31342623015398,0.0990113801279753,0.666671291892738
"Line_760",4415.68994698085,552.299559115975,68.894774826651,3.23089382755611,0.607133981306381,0.666671291892737
"Line_770",4356.09645161546,203.721526364204,67.6583660545707,0.65605773149987,-0.710387721309473,0.0880047181498424
"Line_771",5362.22356611109,606.446651066178,75.6594647447381,3.49266008794266,2.08233382594404,0.666671291892738
"Line_774",4268.43459213896,653.304569927106,66.9269098057326,3.76543833007996,0.099011380128182,0.666671291892738
"Line_784",3633.72855573551,808.490667281832,63.5922556869378,4.41740196508941,0.0990113801283095,0.666671291892738
"Line_822",4098.15967025031,658.813081090821,67.1886291393466,3.73355329758537,0.607133981307377,0.666671291892738
"Line_833",4700.20138931709,241.626353661662,70.5473165199009,0.771544263626916,1.13057109105232,0.157483669145096
"Line_854",5355.06960487447,229.379748088615,71.7347837629951,0.690319766521567,-0.751656042049551,0.111941250625564
"Line_980",5116.6414097395,208.51310993216,70.8981234540621,0.667470619001142,-0.713986428565359,0.097998996845532
"Line_986",3677.50681806583,676.482628063163,67.6636425470345,3.80806155415039,-0.837427200248266,0.666671291892736
"Line_108",4672.84846419145,432.763453183702,72.3360051462944,1.97925641611982,0.616299291313044,0.286031977804426
"Line_1095",3703.35053571282,552.711984390321,69.6924256427889,2.43331143958151,-0.369695276586607,0.367516489901837
"Line_1176",4490.66812393183,562.457789727237,69.8563444648189,2.53977543755249,1.15385699026414,0.379117516212461
"Line_1223",3485.79169070641,562.129760770414,68.4865289255137,2.49336204867385,-0.46729838752311,0.376377941413302
"Line_123",4173.6316241391,575.788232687418,60.6890913700008,2.6876432647447,-0.687897281216047,0.395631863867803
"Line_1236",4386.60638944251,555.17949382469,70.2546823552485,2.44414483825262,-0.509245835075007,0.369551928632691
"Line_1307",4949.68736820671,288.436373400547,72.9307128725677,1.02387285471965,-0.526704723452125,0.270704256201571
"Line_1372",4300.50757527366,427.337540966151,68.7637291303899,1.89503414178266,-0.729922296784092,0.277851488516224
"Line_1379",4478.15558075337,426.108963055628,67.3262100030991,1.91748212451844,1.72849379697281,0.278473655530208
"Line_1571",5443.87821455565,591.634174646775,70.7256500461951,2.84353449315208,-0.568691725092234,0.413664342104357
"Line_1578",3809.62723005007,432.929322249945,67.5681764627429,1.98082614027207,-0.240372441924962,0.28622909070526
"Line_1595",3937.49934361825,289.066340396709,71.0736907583572,1.03711357331766,0.797445516357842,0.26028744771018
"Line_161",3938.34509090693,584.184816557497,69.4796297001492,2.77446792720228,-0.466451349055833,0.405350716541943
"Line_1642",4524.01405216106,288.315858377642,70.1645863234908,1.03054673514793,1.81025728916861,0.259404949129965
"Line_172",4312.34684075118,575.348525027553,69.8244029222654,2.62180797989162,0.617286707955219,0.391320573173977
"Line_1720",5033.3685546176,212.924832610596,71.4917329359008,0.665042450958395,-0.832822067218418,0.105731661773288
"Line_1770",5352.17146293654,302.43623926209,70.748003089385,1.06283820176574,-0.53652914413633,0.344962748191743
"Line_1773",4662.77324022889,433.068343495251,71.750869776272,1.98566642969633,0.804221135795628,0.286610108779972
"Line_1779",4835.30759891268,426.681583770921,69.8723969572056,1.90420656638796,-0.649969492645011,0.278044697480129
"Line_1885",5092.27357391503,289.109992703267,71.7349577755051,1.03787497773446,-0.212572393134378,0.260489756495541
"Line_193",5120.43442651435,437.71367210126,69.8035784655024,2.04344407671065,-0.585025544632717,0.292892883033579
"Line_2045",5345.82905951005,227.554129787961,68.8691127156127,0.68474548689986,-0.638940268509321,0.106710715647798
"Line_2121",4630.18270989253,433.366554632167,68.4655045318473,1.98908587869227,-0.622685756094226,0.287088352019472
"Line_2237",3425.3138369375,586.593300413614,66.1687927217961,2.79333954539836,-0.517721510256877,0.407752401674857
"Line_2246",4586.14637612816,426.677608549841,71.9363582591233,1.90532918212723,-0.684185936374257,0.278114133322377
"Line_225",4160.0097343376,564.869225236429,70.0290734344248,2.53122450949554,1.30902065842711,0.37987174827365
"Line_2259",4011.00084828563,563.963367749947,66.7364175460443,2.53141919367322,-0.26221932627892,0.379554170893612
"Line_2403",5135.91672167957,291.421241456819,70.2352704119276,1.28602639498536,-0.570506492841765,0.269078426231472
"Line_2472",5023.41925055919,234.211100933466,70.0572385707787,0.732176867900552,-0.680660500798676,0.134658302414774
"Line_2544",4122.09185795556,571.484707265397,72.6225552217363,2.6053989830189,-0.527827929970161,0.388096209005216
"Line_2659",3738.57623644824,562.875577618694,68.3571962258791,2.50636580603897,1.29163273052438,0.377543666691049
"Line_2714",4926.62092548986,221.308094450317,71.9379738785083,0.667114021098869,-0.284540111440523,0.102943945238757
"Line_2743",4823.79457849109,433.996593627705,73.1899894294232,2.00679139975834,0.85034732156901,0.288457797138354
"Line_2905",4564.64904151294,577.386391699359,66.4319066931563,2.70951993959496,0.161063912571577,0.397724143027558
"Line_2974",5145.22095238145,439.838920155858,73.0189514206507,2.03955109515933,-0.698608849456651,0.293877579940715
"Line_303",3730.58216318187,583.315041632047,66.2982641947533,2.75665403662378,0.642604824586384,0.403854536436867
"Line_3074",3596.54298110644,433.707458747949,63.4344229822463,1.9811575445725,-0.540161947067312,0.286603497724799
"Line_318",5006.29769287983,248.101819636936,72.3183590592671,1.07064410771788,-0.630030205635069,0.324683987829392
"Line_3299",4859.58085357912,233.780451660029,71.659366777624,0.895975933242468,-0.622777758067643,0.259306859129852
"Line_3491",4130.41854021301,564.334755116452,65.8402252239213,2.5421849135251,0.719192090780627,0.380376898436896
"Line_3606",4017.99424053323,574.84136621759,66.1625678276555,2.65019473194692,-0.795377864283917,0.392326294317511
"Line_400",4676.48020010496,219.947887549807,70.150148948734,0.742160305431453,0.281729034662601,0.14787805582214
"Line_4157",4373.06341367016,288.66492788109,67.7143347299657,0.814582574726454,0.901082921044058,0.158496724584442
"Line_4172",4266.97885536613,561.301974392278,67.2612323073676,2.51455468726652,-0.682960946969737,0.37700082965011
"Line_4192",5497.68394384025,567.355791778752,73.0375386528842,2.59311517670954,-0.669340351744043,0.385286492743697
"Line_4214",4515.83324371289,301.10316060001,70.8108362314194,1.0438555380174,-0.643670294317837,0.348365146281706
"Line_4379",5945.89623482691,560.670585842551,75.1629946347454,2.51628032445464,0.585200270270593,0.376754651488845
"Line_4535",5896.79565982123,563.175761955511,75.4282136903802,2.50259601613215,0.447849267528564,0.377509885123342
"Line_4573",4744.70818813937,304.473533332856,70.7564241732527,1.08115054862758,-0.400157565550812,0.346476077916991
"Line_4693",4682.01659661773,226.437732202458,70.0702078783931,0.682357795025694,0.238802868106839,0.108878053744859
"Line_4811",4820.7683831671,212.265687414825,70.8078639110195,0.661620318506354,-0.266671352091812,0.0882125158130765
"Line_4850",3680.45981531615,423.542060363559,67.722377150107,1.87471435200809,-0.574817911053294,0.274271477136679
"Line_4890",4730.6588783828,290.439448980738,69.2692909559042,1.04437396754711,-0.165673485055785,0.266613875428652
"Line_4921",4770.83497163052,559.960827791964,74.932587177031,2.49299823794248,1.50275638158178,0.375006607843272
"Line_4940",4198.48536032782,575.365763091323,72.1657631506271,2.64177544823009,0.515227348176028,0.392496830495949
"Line_4958",4410.59797072069,200.021800141249,70.6374499242949,0.630633539575142,1.42307601259739,0.0684394168637928
"Line_4989",5216.10423211946,432.365556041957,70.2468248784689,1.9670267887143,-0.43497047193145,0.285078018024424
"Line_4996",4947.864808354,562.542502006273,74.4834341497069,2.50970657593101,1.38658991173319,0.377567888821696
"Line_5010",4208.43197366363,222.076879046674,68.5189000436797,0.694841377341212,1.0305755455884,0.102025086572459
"Line_5021",4437.50568926649,290.778663945454,70.4190315677379,1.0544004317619,1.00876543734289,0.268274481444494
"Line_5082",4697.68663800826,570.13625823821,66.1782021017686,2.59938187606839,-0.913233666094114,0.386836561926232
"Line_5083",4666.81574368307,571.111616418606,72.6185019805176,2.6148572165871,-0.647778733411838,0.388255111666301
"Line_5119",4538.37266463341,435.241027842533,71.3316951605722,2.0061981195284,1.69986896446977,0.28904622762839
"Line_5120",3017.8679149008,564.536848280668,59.9662288027172,2.53528861138372,0.30757624610463,0.38008106694851
"Line_5143",3508.03154052958,573.963916254247,66.6833658258892,2.68511875908524,-0.776316886736451,0.394503415213588
"Line_5177",4362.93078737807,203.515717799254,71.6388942099108,0.649847472279941,0.726230736448165,0.0781185526210837
"Line_5216",5029.6711618101,426.719493616812,70.0535979604128,1.89854122695106,-0.722331526529347,0.277623142753321
"Line_522",4379.24000018977,200.227983170515,70.0751718777446,0.636014224851801,-0.481545607409732,0.0677045960165296
"Line_5259",5250.47375081055,560.529048754549,71.1501651533325,2.49349844886205,-0.544790257570025,0.375291096754229
"Line_5332",4181.02328292963,575.511615291855,67.3961401614072,2.64170205217214,-0.701426233083383,0.392498093859692
"Line_5401",3823.15867600847,593.004675820776,64.0024261960247,2.87288707358657,-0.627427199217388,0.416016419805395
"Line_5460",3717.15311065799,575.310453824203,65.5518654431705,2.68859579177999,-0.634619343937086,0.395410054838339
"Line_5466",4387.03570660526,566.155217245769,66.6926013445035,2.55062591154062,-0.668675073408477,0.381854338612875
"Line_5594",4845.66138441204,304.148122630338,69.4403973849416,1.07301589824257,-0.389570023632811,0.355211430545241
"Line_5595",3696.84407414037,561.376472339802,64.901132275721,2.56615093754868,-0.789874835701469,0.380323611308956
"Line_5637",4435.63172401973,564.210705514628,70.2077638566085,2.55724198175752,-0.513852151560426,0.381167966396465
"Line_566",4004.33606053498,428.96237327917,65.8445984413616,1.94676986131161,0.737273262077374,0.281963940769467
"Line_5743",3926.21890937179,426.833485151494,67.970127438384,1.91081787136242,-0.135984139628647,0.278448475059843
"Line_5799",5558.98052383775,560.788662033313,70.9476789586575,2.50766279883184,-0.601255405661847,0.376318272325893
"Line_5888",5580.76854130049,434.233324356921,72.815337397035,1.97837028704656,-0.781270793106974,0.286717798858094
"Line_6040",4895.64719776972,425.928046662433,72.0388481250514,1.8910355023436,0.339274348522729,0.276670659553081
"Line_6080",4359.42700598638,554.369322873769,68.0792304234839,2.43507070544883,-0.571387902551252,0.368616570566122
"Line_6157",4470.91413815899,563.096802421165,71.2576349864843,2.53237427572146,1.16623152345097,0.379053040485257
"Line_6233",3776.72769467171,434.411609900769,60.2939172486195,2.01468401666978,-0.649137349673061,0.289277129173585
"Line_6289",4052.97705852674,442.261762710177,67.9366782297819,2.09268804532823,-0.748921547565528,0.298516005842662
"Line_6301",5227.68215504541,560.298460097088,70.5090527856496,2.50502456085635,0.290585562961741,0.375977971964676
"Line_686",3915.13120809499,566.477607445086,67.4012525089082,2.60553322568136,-0.853277236741983,0.385487428481944
"Line_732",5104.45069421619,569.770426406404,73.1956837417857,2.60912226052696,-0.909171290379598,0.387394310200709
"Line_920",4578.78406866832,554.255457994973,65.1274069575874,2.43982844986339,-0.530176425479558,0.368847180120758
"Line_923",4129.29056577766,570.239117052294,70.5243022508801,2.59160526428423,1.29513960910565,0.386569111718809
"Line_932",5251.0309900623,426.932251370791,70.2157091261723,1.89940395915775,-0.556640290947369,0.277780362953956
"Line_1",4959.5208554506,655.162962060785,70.2412317240706,3.51247759152988,-1.00877442863924,1.0089216622477
"Line_1063",4084.2762246082,611.628383167398,68.5581417722684,3.05549869256721,0.0129234086237251,1.00432676804187
"Line_1123",4031.71813998604,610.694665667032,67.7904280145476,3.06348037782709,1.19359244596549,1.00353920543966
"Line_1142",4475.62111043606,617.413612969601,67.060576653716,3.11783207355872,0.0246603861461574,1.00550025673537
"Line_118",4083.36785326551,614.449285427873,67.4085932578583,3.07344631021218,0.598348253769224,1.0052557051496
"Line_1226",4937.33958568809,318.271787156762,72.796286014893,1.0428618545093,0.0969723872498369,0.273964704391009
"Line_129",3924.50409243084,492.002470833109,70.3543431506116,2.6040569313153,0.655644664680858,0.720314321336077
"Line_1301",2967.16654269936,607.678662788111,NA,NA,-0.135898234931399,1.00367318236882
"Line_1305",5190.10876133658,283.661497769171,70.8515091435734,0.944983192809109,-0.745314485301022,0.266324780672879
"Line_1309",5200.89127624505,301.063918255873,71.9031410389688,0.927937744801083,-0.672167157230408,0.245208957218932
"Line_1325",3774.68750806288,613.772139053672,63.3416320053486,3.08757255289061,0.610551895137139,1.00474565576608
"Line_137",4766.59893733737,369.511938397919,67.5681068655235,1.38246688791894,-0.589519912241326,0.743957362387715
"Line_1494",4454.9507879933,666.87016346748,67.4827112841595,3.63023492747584,-0.962588940462798,1.01130253539248
"Line_1520",4326.1515088011,477.957540906159,68.5432939781674,2.45021309647277,-0.489186439221467,0.718222732459292
"Line_154",5007.8098977033,615.700567541916,73.187161750731,3.09303424515018,-1.03890428895988,1.00557826749172
"Line_1562",3293.04193224213,618.907787345141,62.278834401818,3.12485320858786,-1.02609873487552,1.00569059245668
"Line_1575",3450.08859202025,612.129413014008,64.5273351954575,3.06934789718812,0.645105518328676,1.00463365022938
"Line_1593",4483.46122105475,613.48535950012,71.1367814481865,3.0759245038349,2.02381323528094,1.00446608735339
"Line_1665",5001.15449938318,361.003828216755,69.1229951750962,1.30558076155684,-0.96253291071392,0.739836647931031
"Line_1716",3379.30808914968,610.593275116576,70.1668899308993,3.04413025726449,-1.009825377532,1.003538628344
"Line_1791",5179.36428532419,637.835398830218,69.5619250364151,3.33695993179029,-1.00452708549589,1.00700054194464
"Line_1802",4201.42879227433,645.596380629788,70.2408794538805,3.36567538085727,-0.0812097022740166,1.01029032638399
"Line_1805",3460.27374640203,616.526267969464,65.5088207448604,3.09848330513412,0.654645842730555,1.00506228247179
"Line_1838",5655.37643435054,635.098878899322,75.1534713921693,3.28625385172884,-1.05930198116958,1.00696505304595
"Line_1846",4584.89752666898,340.464833850551,69.8165030026729,1.31000910915867,0.0917492468457783,0.601522872657655
"Line_185",5357.26638791042,631.191499194083,73.5999034580215,3.26443310692513,-0.0530578035564938,1.00719903819507
"Line_1865",4883.93366531186,630.782585737136,68.9406800769718,3.23395390905884,-0.939896221268384,1.00755361532473
"Line_1876",3547.00000448118,624.097304583271,63.1352885531428,3.15111022710245,0.0320535217396503,1.00636120405813
"Line_1894",4871.31405954969,627.448303329507,71.9330588561771,3.22638492394065,-1.02090072400358,1.00574414222405
"Line_1908",3470.09789767121,614.928642182538,67.1585585916066,3.11633818821944,-0.979072345527839,1.00298702751812
"Line_1941",5204.43061118491,464.001046596582,74.2502737895571,2.30934194806278,0.0394400234239096,0.71623150422081
"Line_1960",2959.61648074277,622.125491124124,62.6555577661409,3.18220572551005,-0.994305380027834,1.00380019382081
"Line_1963",4271.32993107752,613.686198237574,66.5127874183321,3.05992486935927,-1.13680272065457,1.00594204819324
"Line_1969",3717.37711072213,476.672916546974,62.842431897643,2.42506913110959,-1.03146948788992,0.719017375078917
"Line_1972",4397.28061185022,599.247245706881,67.8485685254712,2.92203338830423,-1.00341441273965,1.00285148946128
"Line_2000",5242.00227568109,479.485073472344,74.1682751976121,2.46945587326769,-0.183068826094966,0.719041036027919
"Line_2009",3384.77947888716,612.323195167397,63.3913560750286,3.06522798094543,-0.0766725912183757,1.00469310062438
"Line_2048",3814.35349645967,638.060774373384,69.0051250305218,3.31355296216344,-1.00592750788983,1.00831765368493
"Line_2077",3414.80909433739,474.202729847759,61.6802053195461,2.41923097148571,-1.04452616436088,0.718169644918191
"Line_2099",5737.44044862859,654.509212922229,73.4248195314784,3.49500588077353,1.23949138837197,1.00999575848728
"Line_2127",5038.52336511376,340.819993518232,71.1180927253254,1.30100228190472,-0.50888479438883,0.602720195006742
"Line_2132",3739.46206996587,646.572368297006,62.9656964145116,3.41358318420474,-1.02881099140651,1.00855381847544
"Line_2133",4921.83149291317,339.111698954599,71.4170277264088,1.28157692232804,-0.338981365410524,0.601413310187669
"Line_2164",4892.24273850766,633.405308009671,71.4087930704266,3.3140866767215,-0.0333415158289895,1.0048847272077
"Line_223",4708.82649848651,603.794770062765,72.1412894674885,2.97706491411032,-0.967753800217667,1.00365454154091
"Line_2267",4611.39659444788,366.472513767251,71.3264973276051,1.34843116802528,-0.191093384921217,0.742905529153004
"Line_2295",4500.26449278537,614.92055885236,70.2835179742955,3.06584787869179,-1.16040750768927,1.00637904355297
"Line_2298",3375.96781372066,622.469547946762,68.9865014049148,3.14480511919926,-0.0904828377426099,1.00789033272445
"Line_2325",3730.49255267391,638.304152417057,67.9130910135671,3.32326153271601,1.24583341917418,1.00881098474747
"Line_2412",4910.32235277507,364.325719474749,72.9519873981636,1.31583679386423,-0.0102464471722223,0.741280318499626
"Line_2513",4573.37962430022,367.922613438075,70.7718347723678,1.3557743309831,-0.142369869821397,0.743549046661082
"Line_255",5477.38999896445,617.116461460756,71.965242852966,3.10260139481342,0.0565650747101749,1.0050913803035
"Line_2579",3887.99979101548,631.396924918851,65.9101228212742,3.28244075861722,-1.0137141060694,1.00486811782623
"Line_2627",4859.04484437828,617.132930760426,67.6876957340334,3.12309757094813,0.0445178918445437,1.0043169095166
"Line_2648",4921.74041408527,623.734051694809,70.876561877006,3.17527606687656,0.0342180187992174,1.00589060900584
"Line_2696",3903.38152696805,604.161748415413,67.7436244576883,2.9876681947465,-0.988927114417559,1.00326451972954
"Line_2705",5820.5411851455,655.222218612012,72.6214523291354,3.50668181641196,0.00507190238068267,1.01001610467557
"Line_2709",4490.5405764422,468.573050182546,69.692696950237,2.35805649256494,-1.03639758181706,0.716391359548899
"Line_2722",4916.41692155363,641.792789068255,NA,NA,-0.998927693096202,1.00974653425531
"Line_2739",4637.82533865866,600.57776534769,67.042645290085,2.96491982184856,-0.161689892807544,1.002241856047
"Line_2793",5064.69218926964,319.022531349882,71.6084484805333,1.05299283384263,-0.124038092142557,0.274279562898887
"Line_2794",4341.19633021568,637.643925743852,69.2192955572103,3.30406250563714,1.27844376877904,1.00856056898866
"Line_2797",3893.45379825314,619.453721026524,70.6712068610647,3.17134202347021,1.92485383655545,1.00319782727675
"Line_2826",3735.08649372801,475.092747429139,62.085462147515,2.42289308282705,-1.04188947310795,0.718219652649712
"Line_283",3945.52873257138,611.854929957003,70.827355360395,3.0685583705653,-0.093180361451027,1.00488485737809
"Line_2833",3754.05266827118,639.439045624478,67.9191968399349,3.30760730568384,-1.00724363209757,1.00951267034745
"Line_2837",4728.77677565318,472.363218754506,70.9165941905033,2.38700138325166,-1.01011334526326,0.718055038070429
"Line_2957",4032.08332895702,621.375342637867,68.6119266782428,3.13821666585605,0.655553470015202,1.00582487304647
"Line_2960",4565.67400033664,622.141591057169,73.2285969943501,3.14154853995404,-1.05382967183535,1.0067712099219
"Line_2968",4776.58460817103,621.293979409759,71.8531560511842,3.16787579902422,-1.05051961485178,1.00471354023121
"Line_2981",4341.76867384053,656.096753215811,67.0883188303565,3.52426778427483,1.98429837697297,1.01055036976554
"Line_3006",5738.211919677,638.146283279094,70.2271737839521,3.30673125214009,1.19092474368778,1.00907447946702
"Line_3008",5207.78891553303,271.031776753683,71.3978780297651,0.722852190738951,-0.57515993568779,0.174905157272237
"Line_3096",4629.19854441048,465.818162104598,69.1363052721471,2.31531424791215,-0.504381190755081,0.716982155729553
"Line_3107",4258.44468893095,614.870671428009,68.5511638586946,3.08742205366402,1.31184161768577,1.00430020930428
"Line_313",4973.87089745664,364.611551356554,72.5320268455487,1.3249739437678,-0.847944762471971,0.742308824267752
"Line_3132",4025.71648645298,626.729876695548,66.7757845092,3.234679117762,-1.01193543657572,1.00602681454359
"Line_3134",4657.44802431834,467.065405844088,66.7524854077447,2.33894512775352,-0.0154748703474819,0.716772969613913
"Line_315",3493.67188686175,607.061458187231,68.9689191863819,3.01043737376899,-0.967203217470347,1.00431348861826
"Line_3167",5524.13445277492,617.372078297706,75.1194562338527,3.14079401831434,-0.0305785959905811,1.00392241564301
"Line_3175",3325.13012885095,624.31944440985,67.8552759985081,3.18990001231091,-0.0364932259631378,1.0057444351739
"Line_3180",5210.9727372903,618.190121716437,67.3653077439555,3.13170640419625,-1.03471659346619,1.00429700422426
"Line_319",3565.76338710784,611.551404947078,63.0423718716805,3.05839256158725,-1.02436237224485,1.002984370431
"Line_3193",4417.09326836669,614.443569460899,68.381724388926,3.09918586336787,-0.890682184092336,1.00388650030561
"Line_3293",5007.42996990755,306.87079717746,71.1064490115686,1.08624805267737,0.600398510209576,0.616878820902075
"Line_333",4410.18472321305,612.709236227955,69.5781485031087,3.06516767867963,-0.983876024260334,1.00539853739156
"Line_334",5087.00473598119,646.428754935618,70.5363674993296,3.41985883217724,-1.00174977423429,1.00786120652327
"Line_3356",3515.87640948157,470.643878816732,64.7207286134043,2.37474425215002,-1.01422450512712,0.716680697530963
"Line_3359",4784.96158167049,366.303888202146,70.103311170071,1.32487676300615,0.484111496999519,0.741810473582578
"Line_3394",4451.83264867256,471.186962593144,70.6461314651501,2.38187640321304,0.986991531455278,0.717442460420114
"Line_3406",5408.98038629158,648.644997969928,70.9973348918096,3.42479685022665,0.624934841305246,1.00862673418379
"Line_3407",5312.89270768274,368.810372586919,72.2342127397922,1.35245240684481,-0.48043784603554,0.743583433981122
"Line_3412",4659.27586638105,485.136596678017,70.3276418581867,2.53205753897615,-1.10041476278185,0.71917315528187
"Line_3417",4900.92677149313,366.110334792227,73.2224962843007,1.32501225520855,-0.871012805918326,0.742385597574183
"Line_348",4773.80920922634,608.046713781439,67.8657893268626,3.02551860211244,0.0877392962623504,1.00422160913415
"Line_349",3561.17736601015,613.717177862673,60.2585198046264,3.07211960268508,0.605280163159582,1.00505271351247
"Line_3511",5302.59681482934,271.965755990627,70.4091254294706,0.7462248178872,-0.622766122239158,0.175341821158065
"Line_354",4330.39345685843,612.934252204837,67.5874564388776,3.06677277700617,-1.02530829930955,1.00470644120548
"Line_3556",3474.66989933199,631.233585224892,69.0472305044007,3.24323248881462,0.577287776675984,1.00817661729543
"Line_3586",4795.52665088199,364.646556446747,70.8667840240397,1.32207790743656,0.0900674058654258,0.741518185624396
"Line_3621",4951.35274981106,608.443658561673,73.6105517792543,3.03876457771541,1.93193349074686,1.00337832913809
"Line_3635",3540.60854211397,601.542212885659,67.2495413966489,2.94938103959225,-0.95127642791971,1.00323432910334
"Line_3640",4641.16533603305,622.702611729175,71.9665663903337,3.16542194686674,-1.04654880968235,1.00545886259442
"Line_3652",3765.65345054337,618.906673674045,67.300781698382,3.13006886935364,-0.968864419152418,1.00600420264848
"Line_3662",5564.09712846484,619.814500860963,70.2862325828675,3.12456532521793,-0.980027656749102,1.00670642917915
"Line_3699",4756.43230948113,365.883002698281,71.190448022112,1.34309409762553,1.17060094898304,0.74287259178467
"Line_3724",4651.79465961467,622.365186739078,71.9530685388152,3.15685052563169,-0.997958558613155,1.00592920420428
"Line_3756",4126.76252565977,626.683987285494,68.8263116980083,3.21114070916395,0.563214567452989,1.0063262577768
"Line_3769",5260.85154655109,621.061638730815,71.4729893370293,3.15492036428564,-1.07945802923931,1.00633326547014
"Line_381",5140.32906603817,364.26985747791,72.1696402719984,1.32125549579042,-0.317689639456294,0.742196725986225
"Line_3814",4720.48610124719,470.184443127062,66.4420445923413,2.3823979306803,-0.501222406781377,0.716680175195924
"Line_3827",4950.4984020136,362.542863805865,71.1119595111528,1.32073796449936,-0.527829215469707,0.740619797440909
"Line_3829",3742.66418648898,618.791423017146,62.0852155104355,3.12973921542352,-1.09052263009932,1.00525272943628
"Line_384",4968.38572248426,618.791666310103,73.7101270704071,3.12108758758581,-1.10866840146487,1.00600804211348
"Line_3845",4971.440335285,306.454792488223,69.0094287602403,1.07348269195658,0.00136541055279471,0.616850444655976
"Line_3872",3967.32918220751,618.111665996955,69.4892596780555,3.12422305221707,-1.03090207011265,1.00471214975732
"Line_3877",4175.94955773976,630.074263316103,63.0585758755381,3.23592708745238,0.597141384049259,1.00738545195163
"Line_3885",3691.33190559015,629.494340314369,70.1846898346066,3.23862382665874,-0.107414824718165,1.00764847709274
"Line_3909",4451.89705849842,613.136881708019,69.7903614708741,3.08922355615183,-0.0474511396545465,1.00376672880251
"Line_398",5522.41777846716,630.817688942478,61.8594151031868,3.2297966363961,-0.970074482368804,1.00770772727066
"Line_4060",4627.70952093188,365.033615388116,72.8083421858213,1.33346689432986,-0.566911999335875,0.742229630979418
"Line_4094",5120.85640756421,341.853278791194,71.6591403863819,1.30444593947642,-0.56145042777221,0.602580208808878
"Line_4162",3881.7085157426,637.220619641884,66.5874636428665,3.31035285495622,-0.0369669251604718,1.00708613702546
"Line_4168",3524.56772703669,622.437676532233,67.3337370517207,3.16175215347175,-0.869810987523946,1.00672991735786
"Line_4178",3453.74026254201,467.084901275272,63.5071260609716,2.33929609328461,-0.23309504858083,0.716195432157311
"Line_4285",4675.01837525819,632.065331351185,71.5041691929792,3.28004425916627,0.586114190470864,1.00641171476249
"Line_4328",5118.87149570878,227.063955935742,71.2320938010457,0.673740902582376,-0.836517323233889,0.11028952984773
"Line_4346",3511.63944622248,599.571203225988,63.0091165990721,2.93671801972831,-0.979800799510739,1.00393556314886
"Line_4365",4252.0899883556,620.861006151583,68.5240132982335,3.15154854915577,-1.0816781323165,1.00617995218477
"Line_4373",3902.30686887989,614.423648271488,66.6094996893852,3.08610933318154,-1.03860908778191,1.00534560325243
"Line_4374",4057.85564087281,621.94846442846,69.7463397781587,3.16095067358391,0.00335313474239407,1.00663627563179
"Line_4398",4632.39276863923,616.900456258031,68.5899378375987,3.11579182631119,-0.0383378195193198,1.00466774639129
"Line_4402",4753.33578488834,306.210123341191,71.3780508808263,1.08095514036149,-0.134343032159464,0.616625194061677
"Line_4403",4986.43418427222,364.688703695912,72.1318267568926,1.32042421168352,-0.566356135036583,0.741381746616746
"Line_4408",4540.12399915291,640.516417009594,72.2899203472786,3.32120130860001,0.695865434393104,1.00956228109351
"Line_4414",4665.98239240239,599.519793107984,70.4692386323227,2.93627471097148,-0.888375065946586,1.0020769580747
"Line_4449",4161.82133934039,626.663971758635,68.2035378242794,3.20939629812957,-0.00468294421962856,1.00599248995823
"Line_4455",4241.01058852622,626.983938896857,64.3732632241749,3.19188212792654,-1.03618880749247,1.00773202991229
"Line_4477",3679.16860348561,605.700688151378,64.9166876273561,3.02540559638176,-1.12770829771336,1.00236440002302
"Line_4484",5731.83191227131,614.382497764923,71.8940398926721,3.08273104891329,-1.00335049932816,1.00403307283908
"Line_449",4041.93478815528,622.661507673375,67.5822693485583,3.12954979553144,-0.024203232008904,1.00782764364524
"Line_4574",4313.26903551388,610.284068377597,70.3064376445541,3.05335364902085,-1.00678951348486,1.0040127536186
"Line_460",5304.59198986721,622.890872545158,72.2516868689319,3.14865784851926,-0.0494619370331982,1.00757255443449
"Line_4607",3605.1247127896,604.07841172893,64.8115548104878,2.96217300613139,0.0870577689891641,1.00422472298727
"Line_462",4935.04802068454,614.660304510734,69.9208321457758,3.10262434082075,-0.974129042661866,1.00435749930544
"Line_4624",3282.99747828169,641.594516370333,63.7593252717761,3.33828420608854,-0.987709880288241,1.00915019097377
"Line_4628",5349.32695777592,474.462611660897,68.8970863573704,2.42219137782051,-0.496049490906538,0.717533119242118
"Line_470",3488.64347379048,618.265692438744,63.2291298224223,3.12001924250303,0.0461837147872743,1.00567895405785
"Line_4807",5189.16523986169,470.469695473944,73.6912705788136,2.37473431935946,-0.247833347787891,0.71733367774032
"Line_4841",4490.58550237909,616.208583987057,68.4514726279044,3.0824753004475,-0.99995448068242,1.0058194055848
"Line_4844",4017.50331707374,632.546955670697,69.3780033473963,3.28208611876301,-1.00522823495253,1.00606688976687
"Line_4873",5269.4650993182,306.283383797647,73.3187072172179,1.0827145645614,-0.509138332258879,0.615560704118552
"Line_4878",5346.58507927371,604.581914110093,71.2047176547171,2.98494236267848,-1.17023892123944,1.00322534492621
"Line_4905",4441.74707722324,629.289200744872,70.4729778019804,3.23304433125063,1.17743536317692,1.00815502974054
"Line_4917",3645.35001505059,477.920031321737,63.0195994193018,2.45744438094555,-1.06644398073974,0.718294537281784
"Line_4939",3372.91496911883,614.782664186741,64.8062024548785,3.08910302250649,-0.955968939782945,1.00441596944049
"Line_4944",4114.30714661441,472.499380084151,72.3818642838673,2.39416104782124,-1.01909459330463,0.717484473875093
"Line_4986",4548.98758294757,607.702794921681,69.1305777604855,3.0260425654351,0.685583529873455,1.00339329668248
"Line_4987",5169.53527897387,637.950972793456,75.0356337092971,3.31283384702604,1.20435529918958,1.00865674342253
"Line_501",4645.18002520409,364.972255252629,71.6096942203029,1.3396391125369,0.687500381532778,0.742125020518773
"Line_5018",4347.79900263864,632.33577045934,69.2650872892314,3.27471389788159,-0.000430153482600559,1.00703977607251
"Line_5033",4934.27654995315,308.30004309253,73.0209909576192,1.09930085791507,-0.324905491132518,0.618443469252216
"Line_505",4495.70715288199,626.679432557183,65.1111019400444,3.20455565289077,-0.00202660841048163,1.00635062051646
"Line_5088",4000.50657986373,628.030396677904,66.6971390504024,3.24739638093093,-1.00840845379186,1.0055754990937
"Line_5100",5794.21769392824,660.310826593069,72.9045218533884,3.57926744226485,-0.0203926473594281,1.00910234499119
"Line_5139",5588.08486877163,621.754260240436,70.8530520553795,3.16880172864464,-1.07454045814458,1.00537384244803
"Line_5185",5271.87566994026,617.311506339198,75.086220316338,3.10629812057292,0.0286815615469125,1.00645381555179
"Line_5198",4363.24221376816,613.641120414499,73.4199060905811,3.07701194943211,-0.947143280432747,1.00345051279364
"Line_5254",4190.7442721941,465.874140094139,67.1709134280823,2.32218150085701,-0.534047242227425,0.716790815092854
"Line_5279",3840.4037398662,621.662763667782,64.9686082672669,3.1278296379945,-1.00562191703394,1.00752251357307
"Line_5306",5022.58006039642,310.521151162502,71.0328322984351,1.1201546266388,-0.0465896366425134,0.618833568940096
"Line_5329",3489.20104796552,633.845911772979,64.0341531452619,3.23282550204629,0.0423287416909559,1.00949396911978
"Line_534",3528.70657738832,655.862940910582,65.1661802658936,3.51206845750502,-0.998551518116508,1.01026766172142
"Line_5352",3578.83236269007,612.381912703405,63.6067505797987,3.06960501482091,-0.157558610506874,1.00457960610191
"Line_5353",5716.44020370086,618.97907848019,74.0833148914829,3.10950450636745,0.655297399258229,1.00718286219375
"Line_5417",5432.77074823635,465.457999817312,74.2706028932124,2.32320418230396,-1.01670287437622,0.717242123221779
"Line_5421",3930.86290688674,630.453015829671,64.6852606696588,3.24908823156898,0.0731723853306774,1.00771212273984
"Line_5431",3504.76913164277,617.738618843869,70.4580762059256,3.09709475916906,-0.992559337678189,1.00627870927631
"Line_5457",3889.61367012662,608.384673455168,68.3965426651336,2.99887782401696,-0.940216634083678,1.00518208450146
"Line_5459",5200.48073995738,623.53553866506,72.5689226279882,3.17153149552965,-0.910877327787061,1.00582500821553
"Line_5513",5308.10388178738,479.829168766669,73.3262853738467,2.47541566843868,0.0676631616208236,0.718333198784092
"Line_5517",4223.55414815808,618.042318038399,68.2051004331432,3.10570671300495,0.626017544842386,1.00575333665159
"Line_5520",5000.3275788066,606.461634567237,72.9270180080986,3.01350250173617,0.649083556063285,1.00261608767131
"Line_5543",2915.35814533076,623.051232043558,60.9928402527084,3.15831318221112,-0.0150457019234893,1.0065190966632
"Line_5557",4558.6653466825,614.344078190216,72.2960862734133,3.07632746409571,-0.0368974352794169,1.00546893653335
"Line_5608",4625.24038228855,609.084654761729,70.5507769472569,3.03611022538709,-0.081723491164679,1.00280185945848
"Line_561",5034.28027457681,371.479298936331,69.4501924604482,1.40250757766026,-1.31310001992295,0.745478054428494
"Line_5624",4740.63237661233,618.305935852699,66.312526863155,3.1140439285676,-1.09080915196913,1.00743257350593
"Line_5634",3986.88854304023,603.974717985613,67.2974124386978,2.99576479148939,-0.0325272488689007,1.00290457069464
"Line_5639",4890.57667207379,625.800534480279,70.0980565732058,3.19253085643793,1.23189174647008,1.00726355012359
"Line_5652",3788.26165538931,626.380184911383,64.7082277190046,3.21663908317992,0.66015358473416,1.00592647801518
"Line_5670",3616.8357728849,474.484303568464,63.7303874458824,2.41738555290047,-0.514626254959509,0.717251481047458
"Line_571",4998.75539421466,610.98921204389,70.4614600108162,3.04940211101072,-1.05991953344188,1.00490164565204
"Line_5787",4972.75325067183,475.142011920176,68.6137767270028,2.42564875376219,0.3289412602479,0.717532348398538
"Line_5822",3345.00844420943,466.439771360298,64.3506752733228,2.33441610488136,-0.95255932347904,0.716421593415561
"Line_5826",3683.2730714896,621.998434736016,67.3518997113299,3.16823886157032,-0.0580350260000807,1.00612019330943
"Line_5840",4876.36504082267,631.223065676452,73.3118914056687,3.23956570804694,-0.932169693360015,1.00665683407783
"Line_5845",5026.79895425594,615.39236532979,62.3534975238457,3.0539833745789,0.077397904784992,1.0072375176831
"Line_5855",4027.55389298586,620.004089303209,66.4643393495269,3.16077496153702,-1.02403498473406,1.00395570148362
"Line_5885",4401.74573105918,629.855983650743,67.2965729839139,3.22209132150782,-1.03401966737645,1.00843441013931
"Line_5891",5299.13953437101,638.584452264864,69.9861118088743,3.34815556019922,0.0444987906345318,1.00699171261853
"Line_5897",4501.54282092264,623.943010568161,67.3394263494642,3.18453484342944,-1.00941517375086,1.00677925796167
"Line_5965",4161.4985027335,472.296832886003,69.0767617348599,2.3817953913972,-1.03791061337172,0.718059034038497
"Line_5975",4915.67872646364,271.747628582403,71.4165955320755,0.729599341447236,-0.723433522006902,0.175161687092969
"Line_5978",4864.23857195664,615.550907621971,73.177033248054,3.08746588286109,0.538932158934116,1.00562927338517
"Line_6050",5245.94770693782,471.795721319838,69.7543143885072,2.39165843029199,-0.20372319847657,0.717589608821866
"Line_6055",4112.11102480256,627.816925757866,68.0314518800218,3.2048134144161,-0.00207207114682606,1.00700283465369
"Line_6059",4709.17676940418,625.556747282458,70.9082745221081,3.17432614343673,1.22564461049695,1.00725802818728
"Line_6064",4149.36105569619,622.951409041919,68.6095856086779,3.16448312573363,-0.983252843677342,1.00628095453286
"Line_6072",4648.06800459939,608.548175166249,72.3583678553221,3.03396428680468,0.634659881253158,1.00290052999
"Line_610",4365.03683207188,616.03166010062,66.1005630422037,3.10857108746794,-0.0408420548144712,1.00325012529546
"Line_6231",3708.37641403424,653.208844478673,67.1612530504414,3.51581731066829,-1.05353336286183,1.00777488759812
"Line_624",4121.40165962573,469.054944367361,68.7357689335606,2.37371563756602,1.22770858989089,0.716054343967123
"Line_6253",4956.94803064319,476.532004318136,68.0666988959416,2.42146796767046,-0.487759191968327,0.717834457539741
"Line_6368",4422.75593589643,469.821877938861,68.9461392861171,2.36273560030253,-0.97849015779923,0.716969413717573
"Line_6382",3191.07464322272,469.375993181116,63.6135166345142,2.35475615562825,0.274731342271338,0.716812517061141
"Line_646",3864.71675271875,643.7448758001,67.243991964938,3.34182156968625,-1.10831965479876,1.01006818256963
"Line_678",4975.37244673666,365.639142215115,71.2492326812703,1.33830368308991,-0.0370478421021515,0.742496217134828
"Line_717",3328.57850585095,618.470462220891,64.4073207394241,3.14047503798745,-1.01106564017285,1.00425770791579
"Line_723",5222.50627104504,606.067377185787,71.2673752579924,2.99929705122936,-1.09136620558025,1.00284264234519
"Line_730",5419.80432764297,241.814353376326,70.6032728773985,0.682199995086577,-0.509861827557868,0.124833046917203
"Line_743",4499.61084834252,625.106097977057,68.0983010541482,3.14763207532763,0.660396275169403,1.00835516344903
"Line_755",4718.38483243426,621.676955219553,69.4274535267929,3.13452853263864,-1.01031942343218,1.00580160795695
"Line_768",4816.05726580303,612.344637628885,74.3247299890178,3.0655563175817,-0.970050781858916,1.00426689489261
"Line_783",4130.67280813073,474.618172484497,66.9356191499758,2.43803902135876,1.31881567725777,0.716533613111498
"Line_839",3875.30013194689,628.942546896533,67.1971669817769,3.2228467926662,0.0385894134259066,1.00674389461497
"Line_86",4988.45562317417,615.209710402282,72.4838379567561,3.08981251818563,0.045125619764885,1.00456565600911
"Line_899",4281.35547517245,610.613925283841,68.7392978011662,3.04166435506634,-0.0592839608683496,1.00466855949889
"Line_906",5237.71570613352,614.413345745042,73.3658574045452,3.0720812801283,-0.853560049459635,1.00540877863993
"Line_952",5039.03184658986,606.516948365756,72.0797786003142,3.00817723430869,-1.05199133559019,1.00329013715361
"Line_957",5270.0279271422,645.5121806039,71.8437677007276,3.38462928364313,0.0339624728094041,1.00950908074974
"Line_963",4580.20192257866,469.273921168243,70.0352800798977,2.36206039074885,0.145704132252286,0.717163850944432
"Line_966",4012.0067200198,482.082080773202,65.5023338861413,2.51000571667763,-1.00705233922793,0.718493567323821
"Line_994",3955.51503822824,640.190444793648,63.4219151535755,3.34555004780912,-1.0464763521044,1.00725384588641
"Line_1007",4722.97011536422,773.866377565154,68.4758350912679,4.75282583592877,-0.134532440673193,1.09403773905553
"Line_1010",4669.97285959823,774.702197703513,71.6447202113947,4.77709252922206,0.321602895653032,1.09881850540469
"Line_1027",3933.20023337806,776.945505876098,70.7324469353807,4.78253429181672,0.575509396242354,1.09793901187521
"Line_1031",4060.08247647304,738.91291100312,64.8947344990339,4.61639991813441,-1.32137456361432,1.08911545311008
"Line_1043",4851.38565767738,847.931328327139,73.5531151215211,5.01686269321678,0.454389332975647,1.10682277570821
"Line_1057",3696.49248424018,717.242070581483,65.5763732289009,4.50347001467848,-1.25704823529819,1.0776527100451
"Line_1061",3972.93750076031,785.090689458686,66.4928191338574,4.79633884358559,-0.266479804795439,1.09637148466779
"Line_1075",4310.50952446863,861.51661121882,66.3303454680269,5.03524352023534,-0.0663944462429223,1.10739078018313
"Line_1076",4503.51903610454,833.440962612404,69.5632955517455,4.94362202050341,-1.05706429573145,1.10078556495674
"Line_109",4322.83256651543,814.700861738051,67.3571831342813,4.89209933985685,0.835225548236748,1.09868412645954
"Line_1092",4315.12199523872,1012.09370607582,61.9067118988657,5.54477687449183,0.67407267148344,1.12725608447114
"Line_1106",4142.30974411137,890.28202808883,64.7767723866592,5.13564310510999,-0.184669617629084,1.10999398681168
"Line_1126",4533.55729015109,741.919900946619,70.9406442631133,4.6135253573659,0.301027628493043,1.0839985368982
"Line_1130",4927.34586393979,790.716605792642,69.4052152499327,4.81408755538082,-0.230707060161828,1.10003448224064
"Line_1133",3366.29497935867,847.402982640986,64.501135342168,5.00858415780277,0.525592874372984,1.1051214947761
"Line_1137",4560.93101976451,769.205537676921,71.6999025820628,4.75144968025595,0.386642451240506,1.09573455272878
"Line_1143",4475.06454904545,815.300484387659,73.3338297529448,4.91851834311655,-0.549794116234998,1.10796564543101
"Line_1158",4757.31788378835,868.410382942511,69.8958366134848,5.04967354602575,-0.290073343365272,1.10275057557379
"Line_1172",4883.21191743516,740.711613529619,68.6317716547931,4.60058072316263,0.97548825181209,1.08303780442715
"Line_1179",5033.24331734497,764.18383233709,72.2349568011915,4.68538574408586,-1.0882881992934,1.08684258513265
"Line_1188",4580.8464904686,755.714134052727,71.5355318162005,4.64246720023617,2.23008845310393,1.08297362840889
"Line_1190",4733.13109427137,825.490245680246,71.2271995208019,4.94615374544998,-1.33112270469475,1.10243029457036
"Line_1220",4243.77438825249,757.012696231307,67.2572237178329,4.68078046402958,0.50567855587688,1.09126965606665
"Line_1258",5705.86362684727,714.344593085315,75.4399724642447,4.48113731687115,-0.241065916747742,1.07398230133576
"Line_1262",3940.00369085121,784.324584593163,64.7922644196787,4.81920590429466,1.05908721286604,1.10231615362428
"Line_1279",3729.70931732707,871.559034966679,66.0719905349156,5.14614371523145,-1.36314474807525,1.11802720650344
"Line_128",4028.21884439462,744.683746329126,68.3348712622243,4.62639964530369,-0.261902853067935,1.08580651252974
"Line_1334",5754.72025901776,787.277475297249,72.0124967876243,4.81157830770151,0.243674939477051,1.09893592132412
"Line_1339",4361.20158729788,737.571157969466,71.3086579298635,4.58510123994366,0.626920352014735,1.08311067449094
"Line_1354",4706.39844547984,829.822423920114,74.8640622113121,4.94174374209721,0.459680414236618,1.10082130103615
"Line_1355",4366.59231721422,736.3585955554,70.7625474676801,4.6000403377447,1.67898394300724,1.08592499343556
"Line_1356",5894.49188630551,779.257838862512,73.2228356782442,4.78788575820622,-0.69059927936037,1.09994986930789
"Line_1377",5468.70808023991,768.761075362517,77.8863072972511,4.74889542320847,-0.665092277795653,1.09625256848095
"Line_1383",5107.12712807425,804.206010924711,67.3330768640742,4.83176002967676,-0.793123616056426,1.09583458367578
"Line_1388",3891.51130366008,737.395480910567,70.6743318246394,4.60324226397992,-0.512212396639108,1.08746852750084
"Line_1392",6080.80655280212,753.351570023572,69.2769566422124,4.67632586908844,-1.02113624202659,1.09282003646387
"Line_1393",4835.43460122758,970.433233974635,69.7681288268785,5.40965376525242,0.923706683376528,1.12339342046105
"Line_1394",4056.62877725046,828.466487453136,67.4254834318164,4.93192906006114,0.697606939423274,1.10187942819648
"Line_1397",4841.07183036096,506.854569792473,72.8591698359203,1.7233407042339,-0.54856718037388,0.384679573433378
"Line_1398",4447.82894623972,776.05379888704,67.6686139447262,4.73277644107374,-0.980378736751932,1.09268828958779
"Line_14",5411.21189552103,800.012881399875,72.1280775736632,4.90615202019391,-1.28668212606132,1.10924499091198
"Line_1406",5329.35206466502,759.406912752774,76.7828467238972,4.71048400046483,-0.578444333703118,1.09102647993694
"Line_1433",5145.27523778982,854.721941708321,69.9264653888206,5.0403227248864,0.504298531302789,1.10700367546758
"Line_1435",4618.67511934481,876.283838588964,69.1667716196246,5.07767257525676,-0.343484983552674,1.10388631793617
"Line_144",5256.1671696357,782.152233864515,73.6738212586843,4.81857818864325,0.351085947847586,1.10271385254192
"Line_1477",3731.88761574787,726.46255774887,68.8793527202437,4.55519225287805,-0.0883706923766587,1.08330443417049
"Line_150",4520.2845588339,785.542013603809,68.0203681338507,4.78284958189444,-0.243110532334575,1.09678234330393
"Line_1504",5557.13306010898,755.296915252385,73.6367820531858,4.67638295185288,-0.134674232750625,1.09040177795694
"Line_1505",4559.43370347875,855.120325379151,68.9917462208621,5.00343633871101,-2.67239194105797,1.09693938276079
"Line_151",4421.35650105921,840.243749149372,71.5724028082234,4.99490308751593,-2.58042272348424,1.10423697265529
"Line_1516",3935.49406175184,784.990198403397,63.5546874462876,4.77405304352956,1.02361927844057,1.09341655244404
"Line_1526",4932.7098765358,751.114538728271,71.7819216325463,4.65805189680586,-0.88412245527424,1.08859335412607
"Line_1531",4834.62346435937,834.523787894869,68.8101695548577,4.99692280913418,-0.192003738241614,1.10906815028655
"Line_1545",3784.4894734594,782.337350161844,69.816411443872,4.7867749096556,-0.117102847344236,1.09753934483192
"Line_1548",5784.30124617845,783.906327375433,70.8014718127917,4.80474848694768,-1.32771437246052,1.09869519342431
"Line_1553",4941.1081136739,803.21695055904,69.0585192979214,4.85372847280246,-0.497124549249317,1.09914438553569
"Line_1568",4796.48851680622,716.039754625637,71.7865903639933,4.49900616768191,0.126186332859286,1.07813152309166
"Line_1581",3682.39257517645,753.028714306772,69.3096666375842,4.6805056882702,-0.148629435101092,1.09010657146262
"Line_1607",3950.04531126739,734.951614068305,66.2004296369185,4.58541763704108,1.67738158804101,1.08532854170593
"Line_1612",5000.39692879352,761.396553637813,69.7022251925716,4.66702750165957,-0.181395770186071,1.08531777791233
"Line_1613",5091.56205932839,821.872844291076,76.5546845988453,4.93398240659223,1.45220508109899,1.09460573296987
"Line_1616",4034.88574792367,734.973337691874,64.3139616810351,4.59944034219245,-0.202510789852522,1.08679507277906
"Line_1628",4014.88386037045,774.987843008093,68.7018402094175,4.75471417813371,-0.722930092789287,1.09489620415852
"Line_1644",3575.47041649998,801.397631438758,65.8459564676906,4.85567103757642,-0.192849605205187,1.09978217555428
"Line_1654",4838.75762739061,807.776340254328,70.4398992711309,4.93541799603251,-1.03429029498256,1.11222238413149
"Line_1662",6363.5956956803,763.897199394931,69.7227628276134,4.68720030045989,-1.83640405540594,1.08681218078592
"Line_1668",5221.5822425677,849.8726587399,71.287192751083,4.99820185833798,-1.41148425349821,1.10135983415033
"Line_167",4684.52458304819,776.454350660225,70.5301816189674,4.76769394952235,-1.73964980114313,1.09508427476101
"Line_1670",4964.52400479483,796.308158572434,68.9118802667628,4.81224703628825,-0.318776039882304,1.09381195601036
"Line_1689",4755.70456070486,798.436061616259,74.1691555281435,4.85076275672369,0.798514062212443,1.1000568403023
"Line_1712",4520.59653566851,769.975333252666,73.0556078592825,4.71184278133667,1.03071691439689,1.08967829379852
"Line_1734",3430.93478594809,729.071530898806,66.2455920064835,4.55011622744811,-1.8951177169008,1.07956140022503
"Line_1744",3992.07793182245,744.984321790215,71.9217655492759,4.62861445332631,-0.636412964159329,1.08692513716615
"Line_1752",5088.16178852578,747.120829068168,69.428413382587,4.63995114047203,0.0627394457051436,1.08767889854224
"Line_1764",5028.67393998551,736.204867150232,77.0959715942895,4.57894555292343,-0.260302723475921,1.08145880175631
"Line_1781",4529.79785145414,816.081066576265,69.1494748143122,4.89672744744229,0.882371456909824,1.10015902350858
"Line_1800",5764.71951885126,782.816772966887,73.2990132283667,4.80546806900246,-0.488116626026672,1.10035592448803
"Line_1811",3791.44530747435,760.65630021932,64.6471550446281,4.68671595584351,-0.27387989110796,1.08978298715518
"Line_1841",4685.01188656483,721.288632440451,68.680216333604,4.50951596784326,-1.51996724661388,1.07577158802671
"Line_1844",3763.9919414025,712.444692898233,69.8673144457848,4.49046518103682,-0.634607081865247,1.0791766354151
"Line_1848",3874.51754082213,767.352758638209,65.9175077555859,4.71529844085225,-1.67174882226157,1.09148209531176
"Line_1855",3086.4894897651,982.771427268927,65.5743789235013,5.48019081618729,-0.224865796759423,1.1282050753591
"Line_1863",5545.17876524026,748.107320235231,70.9699123515807,4.6436033638086,1.04033377482566,1.088235857699
"Line_1866",4866.78372661057,802.85429434585,71.4047797709601,4.80572056962099,0.0755606521776755,1.0917073352111
"Line_1877",4883.15186180564,798.819482993775,72.1966971979169,4.81875665557771,0.974215616992055,1.09420583547714
"Line_188",4544.88412868314,857.654147289278,66.0427468451732,5.00707101908113,-0.848057842438715,1.10236667458627
"Line_1881",5170.13698493184,855.662097628564,71.7298417149864,5.03242915903487,-0.343782260489568,1.10741629738353
"Line_1886",5616.76529776947,1024.23098731904,71.2931730233569,5.61139853035606,-1.22344631347037,1.13354724756141
"Line_1901",4702.88864098857,753.86101787499,65.0572103702884,4.6771284225309,-1.37183688115267,1.09136107537358
"Line_1906",4538.93806608108,749.530550432311,72.4366579223948,4.64104300204752,-0.322067741068469,1.08304881052309
"Line_191",5237.69564613393,728.575073408008,71.0741183840362,4.56366946492198,0.032279203440827,1.08260388009185
"Line_1912",4226.51733359417,799.704832615062,72.6587553283335,4.84240917344191,1.27479854731098,1.09860702796828
"Line_1924",3723.96016858616,892.973873347255,67.4351699035003,5.13459742810896,-0.0386894129379349,1.10959411529261
"Line_1955",4835.38304897859,792.969744248315,71.8734135472051,4.83151711955939,-1.81589086466219,1.09927621878522
"Line_1978",4570.86940957767,764.986575226483,70.3557159904804,4.70799945217343,-0.587928618214221,1.09040712288247
"Line_2012",4658.64892193788,501.8322119089,69.8764928876455,1.71798235784495,-0.0600605666254692,0.384971038869018
"Line_2018",4832.67838963189,783.199781849396,70.3696861282,4.77924773572089,-0.469604574571812,1.09468490820104
"Line_2023",4573.52071379321,753.52428473384,68.5507591850546,4.66141602965636,0.749098748995867,1.08869852688052
"Line_2029",3772.00542613117,833.760474123418,68.2963141684118,4.96115556701164,-0.590307446180047,1.1052856122153
"Line_2036",4984.86297569193,750.489388198613,70.5110433574767,4.67360629194292,0.793416995258932,1.09186246327007
"Line_2038",4700.42840584027,871.689719253167,68.9137192992143,5.12785034520883,-0.0408974531837099,1.11408181479569
"Line_2041",5177.93365522211,829.05744471912,69.9502014577886,5.00107137272981,-1.38256757261583,1.11061584361419
"Line_2046",4993.6505664874,728.337817223948,75.1463997662234,4.56417213319601,-0.409235240977932,1.07998888017531
"Line_2049",3701.05685072967,768.295559003257,65.1449276252128,4.71093564669994,-0.383162886165847,1.08874705472133
"Line_2051",3603.48807266273,841.444809746576,64.2423800377649,5.03437213464121,-0.292179997666112,1.1085640965326
"Line_2071",5029.53390954825,772.560298090804,71.0250931916652,4.72356620487356,0.570405993471411,1.09025688115517
"Line_2072",4295.26321145177,817.746093827232,70.0257382219675,4.91770974997014,-0.564758701197619,1.10284959762223
"Line_2076",4680.88544999609,776.095048754273,69.2107847746803,4.73324135555613,-1.14862115025176,1.09104833380717
"Line_2082",3857.18559267067,774.574592744886,67.1742011478909,4.74179772400525,-0.442930759756693,1.09358320974768
"Line_2088",3739.05246483067,727.437729351986,67.3265846585522,4.55244163192758,0.569108678001226,1.08216836798666
"Line_2122",4929.98970170549,754.540628570698,68.8857309912478,4.67153568633948,-0.260795083257825,1.08953265203
"Line_2124",5151.22034501484,888.882456043271,72.3952134874763,5.19451975128994,-0.579991001046249,1.11561953298086
"Line_2128",4060.31891106705,784.28774904021,67.0060934641167,4.77952905855577,0.54106527177384,1.09522763204373
"Line_2139",5562.23380106537,803.34023426973,74.1810034830332,4.87669859447785,-1.13709737872501,1.10361129791847
"Line_2143",4807.28168745243,867.295103789281,71.8521600266126,5.06260639648083,-0.097646751794757,1.10907089326914
"Line_2174",5127.15871455402,776.753216962534,73.224126261721,4.74823424536017,2.43393411880227,1.09331378438057
"Line_2186",4747.57066693987,769.240631155931,70.0575048540548,4.70138892502473,-0.825583504887003,1.08864272696137
"Line_2191",4728.07957262641,829.887567842197,70.1878495411773,4.97854807945703,0.851972204297381,1.10821083139918
"Line_2193",4662.43677967579,731.15296846176,74.8720148436836,4.56441665822394,1.75212978216063,1.08143444020725
"Line_2218",3512.88309892196,850.150955468447,64.1197761643297,5.07589073431888,0.709682812684558,1.11422547576383
"Line_2222",4551.52543150895,831.144407639101,66.7660699762311,4.99363116028957,-0.483612209700021,1.11034755194267
"Line_2242",4599.64261150874,740.409900040432,73.2639494224019,4.5991748150998,0.947809121585086,1.08244601110796
"Line_2266",4811.08012637526,721.940223225244,69.1687403776343,4.53267012400003,-1.51802105951582,1.0802423968906
"Line_2277",4441.58729519373,771.596551394886,69.9249615199766,4.74163016787969,1.14915031589482,1.09290829782276
"Line_2279",4399.81841096852,1032.15569286453,70.0751429718153,5.58290688060742,-1.23972354773375,1.13015767672358
"Line_2280",5207.43022844209,746.138974260337,76.5651105552364,4.62501336185465,0.647207168984052,1.08414630299978
"Line_2338",4499.84659744955,774.652461756542,69.4605692526063,4.74847540679286,-0.665269394909163,1.09389112599908
"Line_2347",4258.62712848974,760.99465213615,73.3594074074942,4.69295938834148,-1.77350065422805,1.08868858309367
"Line_2389",3751.71592671422,718.751821381768,64.1350059434305,4.51713294598587,-0.5333631338325,1.07982521750786
"Line_2393",3995.02577125587,776.318740453697,67.592965215853,4.73194900329579,1.54131670480753,1.0904192972598
"Line_241",5319.81064958196,754.953675078228,71.8414929225509,4.64321959038939,-2.06929221703579,1.08577716234266
"Line_2411",5132.91363670495,767.040974866621,71.4443945611766,4.72725292302304,-0.506660678316073,1.09321760124044
"Line_2417",5567.7232016027,754.330942266057,73.9344930849124,4.66188402696725,-2.45471520227572,1.08912752219223
"Line_2421",4350.91651057466,787.248296635092,70.9477185894961,4.81217318922543,-0.166646675960547,1.1007110117396
"Line_2426",4835.03988117923,740.3125426188,67.0613190588781,4.61402757974338,-1.63974282286801,1.0874541987565
"Line_2428",3579.01457119821,778.684133050678,69.5107419905133,4.74576162557952,-0.550664354209607,1.091625890276
"Line_2470",2840.31999897257,805.559967867657,66.9636537972923,4.8801367503145,-0.158010491734314,1.10555467482469
"Line_2477",4305.28857599998,789.422969316662,66.5998953674427,4.8057613311901,-1.40792242772181,1.09631742654144
"Line_2478",4424.30108613833,521.47020364029,71.2518829971608,1.73044225893732,1.18980199102658,0.385247986195814
"Line_2487",5065.25736493617,862.441748317089,70.8204061610111,5.04395964875602,-1.26962033450918,1.10447040216265
"Line_2506",5370.31054426164,815.613179526924,70.9616471207628,4.90448628220806,-1.14424780717262,1.10122735959121
"Line_2507",5381.95951853332,906.709260918706,68.196599481614,5.2193901507663,0.784377463525917,1.11668419646611
"Line_2526",5950.51333901087,785.591636782038,73.677298242706,4.77262186666914,-0.323100756163479,1.09149615330872
"Line_2548",5182.77474828431,761.473578726784,70.217005609692,4.71537633986697,-0.3568347100212,1.09509932954627
"Line_2577",5164.05840483538,317.922080406858,72.6294942546399,0.76405994983779,-0.61401239221322,0.1900943721049
"Line_2578",3727.11184497362,795.144321114116,68.071417939917,4.83061620839497,-1.74115457025611,1.10002889693376
"Line_2592",5254.84479860002,785.033534898674,70.2189581700979,4.76940185697708,-1.51414132437345,1.09179875798508
"Line_2594",3797.36171908572,809.866047256158,67.21735678001,4.8603867032502,0.470626385491209,1.09739545627525
"Line_2596",5241.63393682719,839.60327546564,71.3359980485975,4.99359775890548,-1.71977277488911,1.10480165280265
"Line_260",5142.02448903425,761.037980678174,69.8801008356937,4.67439784377976,-0.494243327538167,1.08622900214628
"Line_2601",4867.92241011872,786.991330362242,73.8220332932338,4.80535122551002,1.58686772749495,1.09803575533013
"Line_2624",5229.93352084545,803.61687399719,70.4705036789818,4.88744011095053,-1.88905197346854,1.10292976575696
"Line_2626",5106.35909405709,759.436443987521,67.9195106849922,4.67743140896219,-0.717656511783629,1.08925949184676
"Line_2628",3496.49331521671,879.322936142644,60.4893117629771,5.20918000317153,-0.235145800244369,1.12232394153818
"Line_2655",5126.82925036128,722.832508174395,72.650384434866,4.53360565941357,-0.494150627487297,1.08033768804809
"Line_2657",4990.69645947112,782.271219853446,68.382409716595,4.80113797373584,-0.122573480222403,1.10091570589743
"Line_2658",5116.13963748888,734.795865111112,69.8866421520414,4.56021475350246,-2.65976480603161,1.07938436301901
"Line_2662",4470.72862976558,791.533598351721,68.1710342648463,4.79323452046735,0.728434580749069,1.09396326218652
"Line_2672",4552.78376423995,797.104104614157,71.8809574344695,4.83438825574693,1.37791998894422,1.09685065101335
"Line_2699",4025.9658283243,721.848298866765,66.5944386607864,4.50695083325959,-0.961066471977877,1.07491578148062
"Line_2708",5132.45005407853,856.479686469053,77.2682731553091,5.04523399650932,-0.399591154170971,1.10844300740847
"Line_2715",3888.4829585741,758.259766281058,66.6155654109084,4.6902301514024,0.788475177785971,1.0915583876973
"Line_2754",4158.64919208835,751.158519226808,71.0032225547541,4.66589838433972,0.893684294068626,1.08938198912349
"Line_2763",4351.14900693613,750.241449313067,71.3499498869021,4.64625119999544,-0.552626818833285,1.08648202670849
"Line_2771",4814.60929019935,770.338934823236,66.0090768777795,4.74040886977406,-0.583269597078067,1.09308854092266
"Line_2772",5279.52375652654,807.205504982066,73.2499672318145,4.8567989383703,-0.258521105500206,1.09826232834319
"Line_2791",4853.06449421475,854.993762364757,71.1816044436309,5.03001162669964,-0.0946153406492544,1.10437723065635
"Line_2809",5885.82389134664,753.386208950943,74.8840660570091,4.67812100295031,-1.27367259074102,1.09180826701053
"Line_2811",4099.31701475298,827.081230243276,67.7405534428587,4.93974724510876,-0.404447676658186,1.09981263555954
"Line_2829",4409.1847946684,768.604219044543,74.2733816778509,4.72675108628582,-0.684515238617271,1.09200166377577
"Line_2843",5714.45537707733,871.301998180275,71.74730983946,5.09275308868674,-0.124888125049584,1.11177465033355
"Line_2850",4903.87712638049,795.779142764307,72.800713628125,4.82386457889061,-0.268761320728176,1.09757957057399
"Line_2866",4088.26909584044,766.752986614761,67.4266109550756,4.73143010757303,-0.174689401477349,1.09326854962166
"Line_2867",5536.17878748857,782.677435374992,72.1222951981571,4.79275995080704,-1.75287235439605,1.09718225058372
"Line_2871",4599.75547861324,793.113820407405,71.5438591233941,4.80384857302126,-1.43458228900014,1.09610148942335
"Line_2876",4412.11364365819,747.50548656577,70.7762038665799,4.63661386015709,-1.65898290172062,1.08675775281821
"Line_2880",5054.69801369018,730.156726044028,66.8683111804278,4.56939052904602,-0.0252111537702722,1.08384978377591
"Line_2882",4762.12673163084,819.649044448425,68.6395348186145,4.91928499537227,1.02090755418043,1.10469397275222
"Line_290",4685.55766751292,755.891602264096,68.59668470929,4.67282631734059,0.790150620485999,1.0884254372196
"Line_2903",4792.26662180423,757.713558087335,73.3474031178855,4.69954467323618,-1.42603175858527,1.09299356864826
"Line_2918",4161.31773396759,743.833310165313,67.5724269801953,4.62395583186333,-1.26459222730646,1.08641507896257
"Line_2938",4517.84730318454,779.695864814651,67.1565445954424,4.73873510811213,-1.72473316007954,1.08853908616942
"Line_2940",4322.34541465109,761.316301456106,71.8023413003217,4.70272696902609,-1.41544495719329,1.09102872671948
"Line_2946",4765.68093920331,893.285213316496,70.1577939332654,5.12909748284956,0.512921066713147,1.10891487160216
"Line_2956",5185.94762685874,803.501461137971,75.4237070384337,4.86421589490118,-2.95637451239979,1.09918465974549
"Line_2959",4523.70256794361,786.176622788075,71.8169941944591,4.84587648774292,-0.0598783147975461,1.10443575450346
"Line_298",5677.19583062766,892.053376246852,67.6947117578116,5.12962212421478,-0.388549779836327,1.10858752119137
"Line_299",3880.87786513258,776.492911476208,66.9708398260142,4.7493771012301,-0.393880992868752,1.09406754067925
"Line_2997",5120.49642296524,744.804109793221,66.1099900431348,4.63944397926418,-0.459728704065834,1.08584367890079
"Line_300",4559.42613957282,779.932490708181,68.3710746018603,4.77107780068309,-1.2600161544908,1.09412441734306
"Line_3013",4368.3585915925,821.624123553622,67.1433638925817,4.88183622227257,-0.588735986547506,1.09759322670391
"Line_3025",3843.86034184027,234.136173309821,65.3971127742321,0.968498650563071,0.0502774062724611,0.161321558234236
"Line_3043",3943.65342805672,872.804627278989,69.6459890478066,5.16176734388011,-0.261313128264727,1.11655518943777
"Line_306",4599.35282219771,758.81335305817,66.6648716770238,4.66409386429433,0.63079660767919,1.08559735325487
"Line_3065",3782.0004706069,770.14142082196,68.4964840368301,4.7155740865831,0.53065401094296,1.08965312598031
"Line_3087",4633.86424369504,800.313766436838,68.425962175856,4.824183384973,-0.237475658466841,1.09506209472552
"Line_3089",4330.1401512181,753.498209977114,71.6811290701989,4.67108265481667,-0.425258257990196,1.09069028926322
"Line_3091",4753.47296402796,838.10892078522,66.7586414142515,4.94552537975821,-0.246448321465364,1.1012297078412
"Line_3093",3475.05375940987,889.121018631364,54.9772285035519,5.17678285961176,-0.264879005351205,1.11450513343857
"Line_31",4300.53797353078,752.06023679646,67.8123119379379,4.64749183294217,-0.249883585136596,1.08656121222115
"Line_3102",4049.63853997192,764.597191870159,71.4319575830205,4.70264414398938,-0.530678195595135,1.0908636394021
"Line_3106",5851.43928705271,786.539929312186,69.3750952957716,4.76342039367188,-1.90170021707999,1.0896807745826
"Line_3115",4799.26444916896,780.947782750233,73.6496762980411,4.80208332964614,-0.151228678057496,1.0999122466227
"Line_3136",4059.3880817779,727.356919919755,69.8509461057581,4.54584585295361,-0.348786982903794,1.08047214150657
"Line_314",4350.48024841093,775.078673401185,67.4450731224689,4.74507419400967,-1.77181869596931,1.09389795603866
"Line_3154",5124.82863189649,767.925481270837,68.8933066852003,4.72332489480883,-0.470042970262291,1.09347386615792
"Line_3156",3232.17025365056,789.350078352456,63.9662967066718,4.80713452769252,-0.177697971781082,1.09528508233239
"Line_3157",4533.62000583016,807.411309325762,70.2064026679456,4.87282853698431,-1.47492568566757,1.0992154428263
"Line_3190",5223.32463024799,837.679747261028,68.694866766309,4.96841280588245,-1.46826523775462,1.10423124221787
"Line_3200",4272.65257210378,757.064363780762,63.6697020362383,4.68630951291655,-2.5639904970477,1.0900044495848
"Line_3217",4403.28864006658,938.64181519873,68.5859155036502,5.27885318838542,-0.23335877483198,1.11285938584307
"Line_3228",4029.14305693634,788.161153559107,67.1998684603458,4.83363080289126,-0.139081018361822,1.10214726499164
"Line_3251",5389.85380418321,790.16759173401,75.6780109105083,4.79674188246023,-0.426401776231974,1.09396556601899
"Line_3257",4187.63049077605,873.420413207143,71.3772166855164,5.07001216151918,-0.256375722635886,1.10233741367751
"Line_3258",4448.58444587494,760.950339308293,75.8284704077042,4.68564412676774,-1.66471709569688,1.08832023123484
"Line_3259",6182.49274267885,895.382080336096,75.3420360726301,5.15914022878888,2.63054447768124,1.10113430069529
"Line_3289",4120.36571305673,742.752834247815,71.7612532807732,4.60605307742774,-2.01779212917882,1.0848111014306
"Line_3301",4958.98101560762,792.356793302671,68.5352950921905,4.80783996304971,-1.6980744390589,1.09853739363561
"Line_3312",4092.43371899707,796.227352092878,67.1997944607511,4.83323614351398,0.387895834509877,1.09820972224152
"Line_3314",4242.19101109581,777.850390991468,65.3289665744961,4.79975620561733,-1.87619998039292,1.10044730226964
"Line_3316",5140.0811664898,769.928848775496,73.9534357420058,4.7384335922752,-1.21806090061801,1.09513200064549
"Line_3317",4762.45395650035,516.688250611654,70.3716312123585,1.72995501937286,-0.391976384696729,0.384524221544587
"Line_3339",4862.48129006308,767.54560275822,69.9839832943281,4.71836695704607,-0.450887173896749,1.0953037577948
"Line_3341",5482.98921841142,732.946971323718,74.3106866268375,4.57775355719214,-0.0290528758781945,1.08379734491811
"Line_3343",4263.90647114611,758.22252897849,71.801924382674,4.7009305262972,0.836442464720264,1.09389575538716
"Line_3364",4449.23921703167,816.260255235873,66.8325752023332,4.88310652846834,-0.619465069233136,1.09776215892083
"Line_3372",4098.31222650036,823.500774292923,67.3534254605916,4.91305482891791,-1.18609572971831,1.09867636083572
"Line_3405",4195.91774025486,729.977094567171,70.1128313336727,4.56289790517517,1.43272465627586,1.08218939843181
"Line_3408",3770.97922140726,783.220757481276,68.9399922269301,4.78460240219625,-0.66437759902685,1.09658427422851
"Line_3410",3731.4149955913,758.235226346471,70.5656664119552,4.6766146325984,0.485497736619111,1.08785094642334
"Line_3423",5100.12177827597,926.069686172296,69.8246346649474,5.28548671398984,-0.420996912323715,1.1193641309247
"Line_3443",4982.94413859193,789.031942970916,69.5105919141024,4.78579864004343,-0.254167668525976,1.09401624488986
"Line_3454",4160.83257628459,784.461225746059,67.5104730082696,4.80174305845808,-0.0639333246170065,1.09885720486296
"Line_3466",4094.86442995274,780.925212765446,70.1880329938066,4.76088285533035,-0.362799992534064,1.09222951774382
"Line_3471",5071.47998988901,807.184561490606,69.9046902086125,4.88351856972405,-0.157120697005094,1.10490899232807
"Line_3486",4278.9999748234,712.754867994695,69.8773683321474,4.47017017739473,-0.0836441558742917,1.07472555614609
"Line_3495",5136.64299134351,714.053189715709,72.6391780730402,4.48401154146001,0.630020900195742,1.07622335095484
"Line_3499",5003.70662804395,729.851549316443,78.0591041564537,4.57091405102875,-1.24154506850655,1.08357808226287
"Line_3514",4684.23547595193,809.42457108239,70.3557976477475,4.8665802474533,-0.554118663939215,1.09947056462471
"Line_3516",4867.56205811849,784.396423455826,68.84868270933,4.79040685284406,1.14665694640535,1.09655975449393
"Line_3528",4348.8375065916,724.297703406745,70.8679847671667,4.52086096736573,-0.54760192937473,1.07661544875942
"Line_3542",5548.77178200969,816.872332189311,72.8363072585944,4.87456009871008,-1.68970694207177,1.09701170052207
"Line_3543",4936.71997848001,506.271280536298,69.452921417255,1.72240536432571,-0.765761005269463,0.385651733491796
"Line_3550",4050.21819534803,793.934041098381,66.100707811072,4.83013962331319,-1.45882514146635,1.09745091182637
"Line_3552",5498.45179772793,777.334553809075,70.9954865607782,4.74741572393827,0.467534749741473,1.09265657430404
"Line_3563",3941.62256412041,741.699472062685,70.3866958240556,4.59903829773162,-0.335290932495911,1.08165902868061
"Line_3575",5171.06814867965,819.700101310685,72.180644367503,4.94377882749642,-0.475137301674555,1.10683609689915
"Line_359",3939.30354172828,854.81292469844,66.3095636123965,5.0392277499037,-0.327802895117455,1.10891496630422
"Line_3595",4052.22849539039,733.498352358496,67.2695769050015,4.58614947969156,-0.032106207835938,1.08588441601903
"Line_3597",5486.70268918626,778.700853897347,71.0567704493689,4.79407429508503,-1.16767624741629,1.09965586779965
"Line_3607",4315.45971092662,756.45529837167,65.6939007921089,4.67113854850466,-1.66364458734002,1.08745587442195
"Line_3619",4293.33135246571,817.917211201455,69.0499172291709,4.89604474822947,-0.392682141812309,1.10091761523253
"Line_3628",5609.51035354849,777.122561486907,68.3434022632238,4.75255059957972,-1.87974865989477,1.09223887634441
"Line_3637",3736.95040921822,779.95054927633,67.2485757139495,4.78969313540104,0.856232826480176,1.0974567740712
"Line_3641",4513.06616896973,750.729049936997,71.8413831341963,4.64986517336534,-0.559766329261071,1.0865305522376
"Line_3660",4310.75313507677,858.495578224765,67.225467916756,5.05428602934284,-0.223758888204946,1.10937276150072
"Line_3679",3795.85064822518,906.123620736134,63.4861725012436,5.24053059808067,-0.227505118840101,1.11693954968633
"Line_3716",4473.23741247883,805.812347899353,71.6935410519519,4.86223640027682,-0.256504931556965,1.10001624860671
"Line_3722",4908.33289727305,873.004984381488,67.6177634052859,5.0966672247182,-0.472830421632512,1.10907656883432
"Line_3734",5174.28734689788,850.173527106601,79.7102866480851,4.99286955917911,-0.278265893549495,1.09706319970153
"Line_3740",4320.86599172837,918.378560377531,69.0313322200228,5.24732638314214,0.966358759281745,1.11618888552588
"Line_3763",5219.38792961799,730.793202391652,75.0008744640713,4.56435702119248,0.411354576743928,1.080750727409
"Line_3795",6184.21508306215,890.71907175438,69.3982027419649,5.15086151378788,-0.42952762125838,1.11306604100533
"Line_3817",4495.65776468097,736.666105281231,67.2003102487553,4.60742409257276,-0.312121936774619,1.08752967587961
"Line_3831",5294.21313103335,752.695931663289,67.8471740555263,4.64987714921615,0.468478620894253,1.08666441337778
"Line_3836",4173.35651013892,790.609789342457,65.9139259148613,4.78695807458752,-0.546195610958931,1.09168674796381
"Line_3848",3451.62946085248,884.999884496039,64.6311096571062,5.18756440437822,-0.254491786040138,1.11605879149695
"Line_3849",4232.72436466879,883.957930984771,69.271992039927,5.16903666421803,-0.0259322273882014,1.11630982964956
"Line_3855",4548.70324767253,755.070870677176,68.3339528294174,4.67906436349817,-0.31716809650338,1.09039912096634
"Line_3856",4618.34299906021,735.705538001216,70.6889398574388,4.5949320576147,0.891142463235567,1.08560452338332
"Line_3869",4698.78810965797,761.426279000756,67.6723339940865,4.7050568978323,-0.277936443865608,1.09445206416199
"Line_3876",4308.03776427568,804.266218689942,70.1506352866325,4.86793098199899,-0.407906943449961,1.10107015771497
"Line_3891",4763.87683371142,762.224336272982,68.6565342192975,4.68441015616246,-0.468721903797248,1.08790580006252
"Line_3892",5092.31362738647,777.903095282219,74.2095144548142,4.78334908464248,1.26399704986781,1.09733865613927
"Line_3916",5067.89108420059,743.458522759371,71.3186714950957,4.63804686484093,-0.325993860245971,1.08913997993607
"Line_3961",5053.53921396244,723.013754947938,77.1469290348525,4.52391362399201,-0.422785692598694,1.07671566428905
"Line_3964",4994.66607015166,764.888367697959,69.6066847299596,4.6955820030291,0.816539418396034,1.08795019786867
"Line_4005",4394.83629570275,825.03644133288,68.9359860775184,4.93987382945102,-0.374842508945622,1.10161504441068
"Line_4019",3252.42010749512,860.008317531855,63.0078166168545,5.08195309930326,-0.164874960046945,1.11121022114523
"Line_4028",4116.15722614616,756.250657397336,68.9760012205393,4.70899048738982,-0.382222747030756,1.09765876699594
"Line_4039",4408.62205612443,815.117746229553,69.2339246213,4.94871241278054,-0.284330504091885,1.11072649811898
"Line_405",4365.21163662623,727.37485693831,65.8327374359134,4.54464442063094,-1.25223222758917,1.08035939993248
"Line_4064",3995.01683426255,847.745451337046,72.4146556459852,5.06244201082275,-0.173415239239778,1.11491180061516
"Line_4065",4533.25851873257,744.153912089278,65.5705387073976,4.62553194182813,1.19722067852245,1.08799802152677
"Line_4081",4797.48484307175,860.811009121447,71.0079285563532,5.10097513505989,-0.0808665929996055,1.11482565950357
"Line_4091",4347.9357629864,780.529143555128,67.8017474251703,4.81556265432569,0.754006165164603,1.10416336804463
"Line_4093",3271.7875161624,747.823915854933,71.2671378168819,4.65591066412682,0.749544856858226,1.09047303347987
"Line_4112",3513.2700109766,720.954821146557,66.9186324894524,4.52578303664118,0.864974125248823,1.07970791239795
"Line_4117",3741.83061790215,876.986049082323,62.7564176551225,5.0566587945557,-0.371639296339867,1.10284810508914
"Line_4120",5089.92794143037,746.935568208133,69.1989685937917,4.63653774809484,-1.2940401690706,1.08844913795363
"Line_413",4941.28902525748,781.600691579507,74.0384317637251,4.72903422067029,0.254647681547412,1.08658414435088
"Line_4145",4212.90815434373,773.05419573275,67.7482407390827,4.775025217441,-2.98816246442205,1.09868102294565
"Line_4150",4346.371786944,778.848284955771,69.6266364222012,4.75451583309818,-0.223842656552389,1.09227935672373
"Line_4155",3276.82035352974,806.63867466301,63.7212549804571,4.85358068522152,-0.336032793568882,1.09585350886986
"Line_4179",3950.34771952648,921.50174600653,71.2811565111169,5.2118132304931,-0.134419861524328,1.11482411209654
"Line_4182",4958.9888293092,924.416969657091,71.9647622450282,5.23938975501074,-0.220551761620914,1.11236873717723
"Line_4190",5102.16291458002,925.04132029605,70.6217156198206,5.25238914042155,-1.33277904965349,1.11687413045128
"Line_4193",4824.13240864975,794.623105059617,68.6291147264981,4.8174510713672,-0.253734734602798,1.09581718875276
"Line_4204",4659.38767603697,778.055535347308,70.1565363337217,4.73902956682609,-1.72852484982782,1.08965487218467
"Line_4206",5766.09543392565,985.825441826917,76.8692324004046,5.47427968305684,-1.44976314013818,1.12647673242264
"Line_4207",4765.33025835577,755.910777067222,66.2278686328218,4.67891616356047,-1.49072497372926,1.0898106639431
"Line_421",3941.79880053493,730.088821032366,73.9588596575405,4.55594692017509,-1.18163535800928,1.08033328486239
"Line_4219",4373.63772077688,758.571805245766,64.5832410666891,4.69859670378957,-0.385597921810875,1.09336134984762
"Line_4220",4744.61746803818,769.423931529183,72.4522972160856,4.75236540924504,-0.0761235676848577,1.09591559703385
"Line_4223",4651.01757680006,771.775131064914,67.4515045083421,4.7127998622232,-1.19537897585476,1.08943930678329
"Line_4230",3702.50784436961,773.884757948456,68.340245869998,4.76580365573478,-3.02427988913836,1.09786368909541
"Line_424",4769.05245125535,790.561910661841,70.3724302739984,4.84113094723435,1.91356096860997,1.10129695453661
"Line_4262",4617.34809694073,808.975878442637,68.9021308843839,4.8903646421279,-0.542719546664589,1.10204128118212
"Line_4305",3072.27932453118,865.674165568081,61.8994037767399,5.07297031683571,0.248734414838689,1.10836876642348
"Line_4307",6089.79072550684,823.126832912052,74.6498624140612,4.95450465594872,-1.64560669155018,1.1044965583175
"Line_4309",4315.16031408583,823.835979836871,67.1202077298532,4.9535546468132,-0.379575362928956,1.10745176300902
"Line_4315",3504.71135508311,765.769265932953,63.7612433081325,4.70161439611276,-0.386101915033985,1.09081792697012
"Line_4324",5109.57514754164,923.606767912796,73.3662718022796,5.24003402618439,0.727476559126734,1.11488704529494
"Line_4325",3927.37105699363,793.720243004768,63.3869772290448,4.84856136964948,-0.0425931928564798,1.1023597547768
"Line_4339",4476.9840886359,776.557197679442,66.6090368080528,4.76193521481893,-0.422231861347127,1.09474943535637
"Line_4384",3911.78356860741,757.412101700208,66.8874777013024,4.68494999168135,-1.29232646335568,1.08923938255365
"Line_439",4119.6309819057,766.048984103904,70.683319414026,4.71645692802193,-0.229425970320665,1.08968174564707
"Line_4396",4974.64950228962,742.896619521703,75.1984250004932,4.62279671269916,-0.36123851390083,1.08594089553653
"Line_4397",3929.71365916307,889.188040554119,67.9587171198735,5.15705473106365,0.00536573571461418,1.11282337444922
"Line_4421",4663.29712726832,734.027774817146,68.2980155197818,4.57770041832688,0.850297153184467,1.08203493988687
"Line_4426",4847.46285994795,857.732912181589,68.0474685184286,5.09680501451601,-0.214613983065276,1.11416812050108
"Line_4433",4716.72880351033,795.429013606959,74.2983884095227,4.8135842821909,-0.152571789025883,1.0966478611693
"Line_4436",4175.91416780521,731.736634571342,67.2235893436356,4.57047732417462,0.653149795918546,1.08161806977151
"Line_4441",4499.74632229734,898.174591427165,66.9776034308156,5.17098694714574,-0.895448013914625,1.11238365652563
"Line_4448",6485.04206585438,763.288890347793,74.7925013154606,4.71726741077239,-0.756446976313034,1.09303338110188
"Line_445",3826.02534277016,758.471251760942,67.1936976311108,4.67545109110392,0.589434740357137,1.08802067836251
"Line_446",4744.47230002405,763.350592092783,72.4082156204927,4.70585511379491,-1.36636334897678,1.09131723623705
"Line_4472",4668.6164495174,723.549194232302,70.2987688053328,4.53046759750808,-1.33007752252646,1.0796754753356
"Line_4475",4682.26556998394,769.756667065924,69.4447385409518,4.73823661193,-0.71783205833424,1.09243852791566
"Line_4495",3997.27731712955,806.16700906861,68.0195687461938,4.85672037601726,-0.607008520112327,1.09666829939332
"Line_4497",4769.16843229512,732.050917688235,67.8492822697114,4.56077211291139,-1.8191590224408,1.08079892398555
"Line_45",4461.31068486552,772.072764447291,67.3753868298285,4.7470637097318,0.760452400463361,1.09328429130666
"Line_4501",5162.37282006291,912.08466838473,75.8667847331786,5.20962197407707,0.75252958513992,1.09856234294977
"Line_4504",5216.57580165576,949.123254169174,71.2689099094871,5.33482621527612,1.6358409595716,1.118044744045
"Line_4519",4108.86045243216,789.579759191452,66.9881308623524,4.80879766667953,-0.457607717353397,1.09675964940595
"Line_4527",5105.07846194223,835.006086191309,75.5423566174287,5.01697301655652,-1.22575677671955,1.11204903931965
"Line_453",4397.90506263804,728.471276645388,67.7633369374522,4.5624962966148,-1.66243110564288,1.08375646628953
"Line_4539",4511.66656473684,741.026697853506,69.2621927517968,4.60079498250558,-1.29050538863282,1.08223060891209
"Line_4544",4008.5591692258,822.902889481999,73.0773587461396,4.94191272445837,0.892845461539909,1.10603969357626
"Line_4546",4434.17672896476,738.761907308239,69.8280285286404,4.60572105821691,1.5946550251138,1.08598073251941
"Line_4549",4974.52593186843,720.603438751593,73.2157123401193,4.52034471302999,-1.4170712796435,1.0783487717772
"Line_4566",3659.81480971876,788.591510956741,65.0160776575147,4.84045079801994,-0.230462638087492,1.09983997215357
"Line_458",4051.88280535041,856.168081982072,66.0659868918254,5.04137656486507,-1.82619429575565,1.10436447260281
"Line_4584",4277.39887553789,807.901686712546,72.5742359149015,4.85751256229218,0.962465509120209,1.09878388921894
"Line_4590",4114.41598166859,822.953508185965,71.2115923485016,4.91280382474978,-0.492226875001151,1.10161737948327
"Line_4592",5479.04233681505,790.103704715999,77.6710746671718,4.83573275269613,-0.458544391866723,1.09749488233877
"Line_4604",3341.91295315037,776.290281260339,61.2322453585255,4.76843434859744,-0.51530416440497,1.09546258753782
"Line_4641",4219.65005494338,749.822742787375,73.9947751525048,4.65825535665126,-1.6754015332104,1.08792252878549
"Line_4648",4251.90740987815,842.412671175801,71.0668617499163,4.99025882119257,-0.500551239583553,1.10462517034827
"Line_4651",3883.43850952013,810.086865244505,66.6958125101422,4.8833822999432,-0.291237070534789,1.09966365758789
"Line_4658",4638.42393502638,746.834129847178,68.0627294637031,4.65268732607155,-0.950113838880002,1.09033008848094
"Line_4660",4392.98006689249,765.742856517019,68.7810535671381,4.73881534033986,0.819527055853996,1.09534975056433
"Line_4671",3632.23419121381,854.760990118878,63.7548487684413,5.10092784988121,1.64719368353799,1.11610045173319
"Line_4682",4598.82867544017,781.542748694869,70.4752789627473,4.78541519332863,0.446635588199456,1.09624708604411
"Line_4690",5794.94804787187,741.6996973845,72.0438648832825,4.60964932104305,-1.7101142962113,1.08564971592063
"Line_4691",5407.87606820316,817.888944948023,74.1345284222546,4.92626279305556,-1.17841793720731,1.10449437592038
"Line_4712",3576.38987333744,779.550420654948,65.6808761197887,4.79640263322894,-0.237812563863175,1.09679963868572
"Line_4716",4819.3248790342,864.098824854208,70.1193695480665,5.04534522896393,1.02332075094038,1.10507053289054
"Line_4718",3709.78137832582,781.066186480312,64.1740044827273,4.79939503600352,-0.304334617717777,1.10017603043753
"Line_4732",4465.07649397401,511.648930138172,69.2964176997978,1.72545467043607,-0.392935292530896,0.355173106778278
"Line_4748",4671.59686503043,741.341056624022,72.0136626219662,4.60975962792758,-0.27817042646169,1.0835657165819
"Line_4751",4264.51388709418,911.760286171023,61.7965954562825,5.26428777383751,-1.19085481759454,1.1193998952761
"Line_4753",4411.11038662796,784.152549882177,72.906125657908,4.76826955996623,-1.57885454797971,1.09266388362109
"Line_4757",5328.28926480716,842.468026709062,72.1488145323126,5.00547464881811,-0.629686483674469,1.10454683709571
"Line_476",4148.20665442587,831.857069406025,70.312175281549,4.99257975291828,0.825394832526706,1.10894309076951
"Line_4794",3822.96819497899,823.47981470281,67.8264364161052,4.92409363893916,0.998088586141717,1.10277955224508
"Line_4814",4626.24906946136,775.932057421921,71.4595233009952,4.76169809618496,-0.0969034131289289,1.09446249013323
"Line_4821",6141.70614928297,827.543459181528,69.0087089878545,4.97247883082291,-0.427087848011789,1.10806247439245
"Line_4830",4211.83294811518,757.256010398417,68.9009343117525,4.69016622127136,-1.84664219693561,1.09215554766284
"Line_4835",4879.14163999168,910.150921642295,69.6250954731399,5.23556017020611,-1.37432104531509,1.11876424622957
"Line_4846",3459.77173887143,801.806162749619,63.9933966555199,4.83773373337884,0.826574231567438,1.0957197532887
"Line_4847",4233.02747282269,796.933957292377,65.7267695206803,4.78221124901371,-0.332734526200471,1.09026784755018
"Line_4849",4779.62944339644,959.716358905081,72.2658836972755,5.34804495533298,-0.250867755662243,1.11247519391839
"Line_485",4810.95918168136,754.174367473196,70.5533463953543,4.66869755042901,-0.590500267282842,1.08909517336265
"Line_4865",4406.46936048101,716.299521791686,65.5367668918244,4.50112970955825,-0.452455696305694,1.07556788033362
"Line_4914",4043.70773208349,859.300474340122,65.4351666245309,5.10374961607822,0.809887259389746,1.11284670258296
"Line_4923",2474.07729768903,806.770827970362,70.7901616915502,4.89405673736058,-1.19714794999755,1.10384752331936
"Line_4928",4850.41352436104,739.140844691092,67.8120485239062,4.59561595744216,1.62949932257261,1.08022702757178
"Line_4930",4841.2753691156,741.51658600771,69.6600215743614,4.60381522345706,-0.357367458436334,1.07519249425214
"Line_4946",5878.81201903284,811.297561627399,68.843494113284,4.84815107842302,-0.777732133839151,1.09404199955986
"Line_4953",4616.82708737252,740.457997849757,69.515001815959,4.61644186931866,-0.359313376578139,1.08732559938513
"Line_4955",4736.01729276277,719.610089750853,63.7927588473088,4.51389910500848,-0.941316857377718,1.08061309492758
"Line_4957",4780.39416653815,847.005681051457,70.9152600795394,4.98350849459616,-2.63183545136663,1.09722201134036
"Line_496",3600.83183307102,867.932719111598,67.9413933407204,5.11008933053625,-0.107614454865587,1.11598362186944
"Line_4962",4092.64018213844,841.098368555594,64.3227132328552,4.99125312845369,0.603082892552006,1.09809871222631
"Line_4977",5398.61601727847,728.133691224752,69.9715829256968,4.56701213622827,-1.84089970679502,1.08413239600659
"Line_4980",4850.25323404016,742.160432983197,72.844955342872,4.62297084800651,-0.295666803647562,1.08777543626993
"Line_4982",3686.62652800121,835.392357457692,67.4090497738476,4.95580522332472,0.834338323687647,1.10158670820334
"Line_4984",5609.49896702706,743.524416418522,77.8147989668936,4.62547470782592,-0.158326519973091,1.08716068687455
"Line_5012",4528.36827178759,715.075119293035,71.6265218646609,4.48562910360272,1.17771857569291,1.07524971178723
"Line_5022",3477.38003650829,737.691725714934,68.3365963299616,4.59726650973023,0.155186682014358,1.08495590958889
"Line_5035",4746.05510970908,881.217263555413,69.1144769169555,5.0881708262001,-0.372255963114272,1.10534513939302
"Line_5040",4757.72777771817,776.592468707083,67.5311435392377,4.76947982863422,-1.15122037278187,1.09445521156352
"Line_5046",5220.46789240839,845.347794257113,78.5051572981901,5.0088072814152,1.48016023413516,1.10706927501178
"Line_5061",5244.11016422155,753.623802371178,68.9530813467349,4.65757367079088,-1.42938758264888,1.08951038398194
"Line_5070",4618.87896085786,743.584433625906,68.8404032229991,4.61896596430354,-1.62815566739455,1.08714259014429
"Line_5079",5524.46372128698,773.423214949365,76.2813017461032,4.74376548202039,-0.647744241379712,1.09457326599505
"Line_5081",4555.84376328386,788.411759197537,69.2564926169583,4.78772206323315,-1.50931131530308,1.09425508101889
"Line_5085",4637.48595163909,767.011110004405,69.2833380803517,4.74197087093101,1.70062630118614,1.09548310217969
"Line_5104",5469.6592793531,748.740935295237,74.6632947834865,4.65725297426178,-1.511013670685,1.08985741030068
"Line_5111",4901.23197315251,764.335850870069,70.1287415704954,4.7151341297633,-0.602852872396882,1.09443532721546
"Line_5116",5384.49816448941,764.659282620102,73.3707606043971,4.70795725081476,-0.113455881920551,1.09156507714106
"Line_5123",4244.51178477649,789.066869972546,72.5832902696964,4.79995290807914,-0.42294139561405,1.097001810781
"Line_5150",4589.274312793,799.030033438682,71.9960059172396,4.82802213124661,0.586379613400538,1.09514253364999
"Line_5151",5568.20629666389,796.501112468538,66.7137255304802,4.79119620543374,-0.382468334159003,1.09209993990996
"Line_5159",4294.71598354768,763.214126763802,72.1536655128161,4.72110223561804,-0.132087170739973,1.09239186207629
"Line_5168",5099.70453231817,755.041606583757,72.0828507516187,4.67734895017427,-0.37798445858113,1.09015416912672
"Line_5169",5690.57622605485,765.346193588224,73.2197613987723,4.6770606117204,-0.645318172073737,1.08518715404459
"Line_5178",5668.20926827036,897.413745919033,71.3694570268535,5.16881713765753,-0.319088449549505,1.11183443344726
"Line_5188",4867.70300393542,770.272302138422,68.9444535696528,4.73533905142192,-1.43635219326145,1.09364980714009
"Line_520",4571.28562240566,750.5277884817,70.914165611311,4.66330461014778,-0.316368534638648,1.09118872667238
"Line_5210",3527.05142693458,755.103734737946,68.6363628122408,4.6925759632499,-1.75309631482558,1.09255053757096
"Line_5218",5445.99618857684,778.817399183728,74.2950446432228,4.79638721028943,-0.238708799027491,1.09870143379476
"Line_5239",5023.32047848384,752.003915919545,72.1681019238518,4.64831288613481,-1.44417382441505,1.08608328370549
"Line_5244",4979.92460049011,775.184892074593,70.7547338573438,4.76751006671478,-0.356431235619262,1.09705857279824
"Line_5246",5396.1320525083,795.275931471098,75.8064386064063,4.82518684283955,-0.535683283033568,1.09841099394702
"Line_5265",3868.27243821781,774.653405345159,70.6629681347569,4.7389984299142,-0.381291781270256,1.09291532219577
"Line_5267",4510.04633503385,864.180272634509,69.5554989240623,5.09623678963236,-0.170655064054037,1.11037013186467
"Line_527",4548.77331635756,787.527610115493,66.4725065661539,4.8348070868533,-1.72135160529223,1.10281761368152
"Line_5288",4541.73445988458,798.975124757532,72.0690923675198,4.84589143343261,1.41734479252635,1.0996795525619
"Line_5289",5310.36300838949,868.98063555066,73.3755420228585,5.11705741420516,0.583133389680973,1.11191262700071
"Line_5301",4700.76442017682,769.763263428054,72.4310011516984,4.74191106366399,0.0483526191145771,1.09523671397375
"Line_5304",4895.92795591854,1055.9925932023,69.7168795760241,5.67967222734497,-1.26202079173127,1.13162452833275
"Line_5310",4395.29397968588,763.702025250477,72.1463383785141,4.70687797056584,-0.19353928635467,1.08999687409703
"Line_5312",4402.77829358511,876.555124033363,68.7507841828447,5.12043580813503,0.698208470329238,1.11143531229195
"Line_5331",4318.88276726842,735.181789201001,68.6659839357089,4.59311175738881,0.65501995303641,1.0852144675655
"Line_5340",4910.06227719996,732.83901902968,73.1307127704737,4.55680811015505,-1.5230915107506,1.07925660564174
"Line_5345",5156.44692643764,506.284375911244,72.4759323253514,1.72250486244529,-0.323950614304031,0.355379322586845
"Line_535",4708.88323675604,735.297427253851,70.6832096416404,4.57571160669271,0.905704955752447,1.08154784051835
"Line_5357",4010.36345201005,893.048478664565,67.4527519783579,5.18456339778399,-0.228887849367559,1.11540969846876
"Line_5360",5450.4910647136,747.04677205577,74.3515130361558,4.61762950872761,-0.623787923954679,1.0833171540658
"Line_5362",5261.53154131273,797.653951873557,72.5281104440958,4.87794030304593,-0.241203541807897,1.10399906520139
"Line_5366",4125.66641127537,765.430554264268,68.031477009536,4.73480793921923,0.286787097987927,1.09542025887127
"Line_5373",4498.85125632196,769.768786086158,69.4151565825488,4.71795199584285,-0.646702514259597,1.09127287059372
"Line_5386",5311.49107798953,860.308521820803,73.6565730182105,5.08939074160163,-1.40739232969934,1.11244800453482
"Line_5390",4530.79960839378,752.627780530659,72.0729010696258,4.64653188230653,0.0424049028308568,1.0863264840937
"Line_5391",4935.56707304307,844.899471308827,70.0970266319323,4.99650235710984,-0.860035198188165,1.10383521621327
"Line_5428",4503.63667967875,748.775001024481,68.8709216646538,4.63847661939431,-0.293934845653337,1.08627518091732
"Line_5430",6018.99380905265,803.098957906373,72.9973133258475,4.87204464294121,-1.74616560741204,1.10288172266273
"Line_5432",5455.75025690841,895.10166246591,76.5174986610279,5.14947966655605,1.65583697164943,1.10671043405535
"Line_5462",4295.17103588134,744.279741280959,64.884040845214,4.62726136168145,-0.688148806338735,1.08688018281201
"Line_5471",4583.8673068361,798.315663607823,69.8457248039805,4.80922504339392,-0.756433478747897,1.09483163067308
"Line_5480",3940.3233319473,804.78294692056,68.8810403370776,4.8508437084294,-1.75511021879422,1.09591759259309
"Line_5496",4950.31118371091,753.910063174643,70.7960788371373,4.65873044002263,-0.152961491179389,1.08696349532518
"Line_5509",3950.77515384683,761.508818393684,65.0135652561032,4.67562376360695,-2.5626107069224,1.08670536723274
"Line_5519",5248.91524730541,754.47112658611,71.4337843934733,4.6745407187023,-1.5854850276047,1.0901054307383
"Line_5530",4525.89806790951,779.859112485606,69.3168483540668,4.76673886402031,-0.660256463279436,1.09453626500882
"Line_5533",4916.14872216679,955.435323571299,69.8027319081152,5.34653319858104,-0.127670034389404,1.12167947309285
"Line_5534",3320.75029831304,805.251739008167,61.9660219884189,4.8720992518897,-0.193669372071364,1.10096204724765
"Line_5549",4270.17780193548,791.251739510828,68.4100001406167,4.85920896383187,-0.708786299749116,1.10481245397779
"Line_5554",4220.77288354357,750.991300433516,62.3051861166521,4.65530999890761,-0.172690010063489,1.09053971958323
"Line_5567",4821.25423986497,769.726171143139,70.8695717108471,4.7354459666007,0.431488647400261,1.09330929309817
"Line_5569",4549.52660040785,756.284132816721,68.9256444980249,4.66965201500153,-1.21859126279535,1.0891526847797
"Line_5571",4245.55189780365,758.714194253476,67.1888341397003,4.69524838544813,-0.298508179444388,1.08310146610328
"Line_5582",5228.03387728643,759.456991859383,72.0354924032597,4.68563982492935,0.387801045140868,1.08890416862013
"Line_5587",3872.17087731753,776.214491760308,74.5614880852968,4.75189889926419,-0.74768694627486,1.09347865775299
"Line_5591",4735.30236907913,773.543109262714,68.9513845931578,4.77157368239592,-0.271835188813434,1.09738881366845
"Line_5598",4341.0925989955,741.184465174281,73.1686520407262,4.63388683837566,0.411299606173256,1.08991463056774
"Line_56",4235.93803618117,795.484661104306,72.2304696945444,4.82282740626713,0.945202153966564,1.09832086108458
"Line_5613",5038.77839274302,771.516020933028,75.5205482847826,4.72301963301506,0.739098332456464,1.08986879217963
"Line_5617",4875.98977084378,779.744288266512,71.1416489017503,4.78201414097606,-0.224740305787398,1.09574026294485
"Line_5620",6029.5110812958,763.562810750403,75.4279001851957,4.7098290779451,-1.74032336423152,1.09102427638114
"Line_5621",5129.13143840904,730.310804516387,73.7929745986582,4.56108095107641,1.59281226196173,1.08202638054139
"Line_5622",3895.38947504435,759.371976263198,68.5576349651893,4.69650682000993,-0.0840784103327707,1.09099838373101
"Line_5627",4648.69212098343,842.613411900644,67.5552049205086,4.99046084087006,-0.565985093873815,1.10515585526832
"Line_5628",4439.44442763314,854.029086555978,69.4404860711635,5.06387319576395,-0.181040495745498,1.11115365568273
"Line_5664",4668.52953083645,843.455307848106,71.5565029282589,4.96172813976007,-0.212679568670144,1.10159055213242
"Line_5674",3851.85609498071,824.122885965734,68.9874847481194,4.99625532116844,0.799335593644902,1.11036200027147
"Line_5679",4880.07733036961,818.756631283763,68.6946225472863,4.90163603593452,-1.79147313888479,1.10340104561614
"Line_568",3447.50347970174,957.184060239426,63.225050172199,5.44041959632927,0.820247301584893,1.12878846065464
"Line_5707",5013.85947433954,748.785340556385,72.5805282806095,4.6237095344615,-0.33703300359396,1.07415972964349
"Line_5718",3814.14149864452,924.52290702688,70.2773223057969,5.25084920268094,-1.52366085325287,1.11524874042963
"Line_5730",4225.44113476107,812.274523407519,67.6718198006401,4.88344697005306,-0.57313199416573,1.10011115129025
"Line_5732",2853.42954226834,759.384233558473,64.1984492408208,4.67931212366638,-0.421296138397108,1.0890775139105
"Line_5756",3019.75177895921,905.779066324307,66.0979218060262,5.25368752162557,0.5410792170189,1.11854275222546
"Line_5772",4744.45415155155,853.528141707528,70.0686439581143,5.02500605445979,-1.47309791593968,1.10662183867891
"Line_5784",4769.46601300129,806.237058408454,73.3507518811504,4.86272642250911,-0.467434502368666,1.09640061328523
"Line_5801",5226.88697983996,874.716330916862,71.5438723219555,5.07820577648109,-0.181680783733986,1.10519931302792
"Line_5808",4699.47416753147,793.358826811775,75.8382948687606,4.82370238451318,2.26325486970213,1.09649952303592
"Line_581",5043.66284398343,826.634907572071,73.8172158516906,4.94208209820867,0.833468453973887,1.10240037970204
"Line_5815",4253.01584899656,735.318284129567,69.1116181065211,4.5901265053569,-0.560402484422415,1.08335881371361
"Line_5821",4177.98559976736,784.488079874548,72.398386697152,4.76620009199634,-0.154433300046133,1.09044195974782
"Line_5823",4104.11681941102,761.440504250531,67.6869740732615,4.70228352970208,0.90472839645486,1.09202905857053
"Line_5831",4992.58251385001,743.284667793065,69.575330644928,4.62250484092752,0.786318079476488,1.088384412455
"Line_5853",3384.07701953391,760.255244676282,68.3856693512191,4.68000585290994,0.602110718644435,1.08662561564102
"Line_59",5669.959298902,744.313841501794,73.7318935656324,4.63576901052341,-0.415892183015329,1.08688790250028
"Line_5902",4644.75090851415,774.17736162982,73.2586316888308,4.78556508577508,0.703178730138403,1.09541262838413
"Line_5924",6004.09323883959,739.038045469792,73.2648408156678,4.61619454189598,-0.482817518940627,1.08871287805628
"Line_5938",5161.91840095488,797.457121864144,71.3932549389604,4.81700416266775,0.283976364023239,1.0961485952442
"Line_5979",5154.40566056671,744.819057554632,70.8287614207042,4.61882627212311,-0.528434824945522,1.08563025448684
"Line_5998",3786.49956837092,750.740067459933,64.520347841243,4.6648125280987,-0.23191740510394,1.09163615308626
"Line_6",4748.78578450833,892.907298640773,68.6913185278896,5.15768918715209,-0.350201295909306,1.11212579425162
"Line_6006",3804.07916302765,736.95782086826,62.729424640348,4.60282436792613,0.887760694636205,1.08524358288508
"Line_6018",5587.09306690699,764.914927389093,72.3832737649966,4.71517425211178,-0.289831238105206,1.0922212243164
"Line_6045",5195.56622730052,752.094187145763,70.3296431174578,4.66692230792813,-0.0189676626411757,1.08973726949899
"Line_6084",4648.9036568795,823.187942810002,71.7095986159249,4.90094280492712,-0.454347432555902,1.09790909913242
"Line_6092",6986.99401217309,731.995383050742,72.4088198994906,4.55973173850878,-2.07649474417186,1.07942823314576
"Line_6098",4406.52982740561,726.989918315496,71.4357711221651,4.55607293008853,-0.230246878382446,1.08279386184765
"Line_6104",3887.79159092223,850.17688722945,71.5066172905311,5.08142468853412,-0.173735363839394,1.11614348971301
"Line_6120",4579.18130989361,852.714357427912,68.8069263579255,5.0109207792323,-1.51657846146272,1.10422535887025
"Line_6124",4190.17517627034,815.872777098481,65.7521386748252,4.88685284155287,0.674470925908327,1.10063943762032
"Line_6126",4372.53220851509,738.131603169031,69.2365886660658,4.58659853266272,0.533274037438584,1.08285088041961
"Line_6166",5406.17904473817,892.737329888208,75.1746499894519,5.12178159557416,-1.27392038787506,1.10653766963429
"Line_6172",3157.33819697934,738.213091188479,68.3940159808429,4.6150132771604,0.616064868861434,1.08998942634272
"Line_6178",4915.38223248533,943.238506319726,66.888782882112,5.33215318545092,-0.207778482814486,1.12117576189515
"Line_6185",4281.15435655604,847.697718357268,66.3663781767661,5.07811838668716,0.78056282999512,1.11377540481638
"Line_6197",4282.8236414878,728.400502472456,66.6741571324892,4.55974987216463,0.941792893315503,1.08221555971406
"Line_6203",3752.54819648848,867.459989099276,63.8260972972783,5.13164481997514,-0.487947496559531,1.11667251357137
"Line_6204",3915.00101042815,787.421138554642,70.3414224019239,4.81653181607328,-1.79545898254873,1.09727120430704
"Line_6207",3935.64451405923,971.733788405318,67.4255712872308,5.38695495219778,0.81464239790384,1.11602217041806
"Line_6208",5363.60226129361,742.305629187863,72.9274210584587,4.61537563004519,-0.399020389154345,1.08592551983878
"Line_6209",5174.5269326577,826.420349051811,71.4581806548564,4.94640592425874,-0.0309500733657078,1.1040093386472
"Line_6218",4707.1233331452,775.457707168345,69.3086520506964,4.7498179443955,-1.40986643157208,1.09314783991457
"Line_6224",4105.22198251287,741.962100873148,72.7149236402317,4.62140583531966,1.35211268458698,1.08754281201358
"Line_6251",4729.29784060784,791.437127403009,72.8775861870914,4.7980654594687,-0.0877787189509228,1.09331037783049
"Line_6256",5544.31597688772,802.465838969575,73.9579105811294,4.87837340560268,-0.75580584292948,1.10407965020609
"Line_6267",3890.96037941483,881.642119384151,68.3505683825466,5.17037428792601,-1.5265088002545,1.11707204000066
"Line_627",3724.28653440614,778.419562357894,68.1650417816104,4.76275934999152,0.805443694056067,1.09617259915137
"Line_6290",4010.05189556406,743.782751628088,74.6500196722615,4.6456921020329,0.189148950575334,1.08991423213144
"Line_6291",4883.99880178195,767.226374328311,73.8359036810555,4.77604315906307,0.506217843695383,1.10262000987355
"Line_6299",4849.63377294448,794.445625661241,70.510361563663,4.82651985561947,-0.278952552045168,1.09848351386918
"Line_6322",3699.50301049117,787.544132727673,65.4773617603395,4.79295669164878,-1.26725453222724,1.09413910614376
"Line_6341",4575.08736950302,805.504798194964,67.4750876884584,4.83107853227428,-1.40396645570485,1.085928735812
"Line_6350",4160.32020820011,762.324864996359,66.9712080810017,4.69785351360894,-0.387005861303225,1.09135942018867
"Line_6372",4225.89157319124,782.825320859273,66.1205909933955,4.78167357840416,-0.676114383833992,1.09540690221637
"Line_6375",3835.96536479381,754.275474646712,68.3126017263036,4.68016549395973,-0.328353117879436,1.09262595185565
"Line_6377",4716.79935973751,751.69050648643,67.9525642405683,4.66941062194377,-1.7046438855741,1.09027422131044
"Line_6390",4729.93370228062,767.044364972682,68.8367437835404,4.71362262327358,-0.253970720897438,1.0913772406405
"Line_6393",5396.73014887342,777.747429520306,73.7476187804651,4.77032706102316,-1.33935966983122,1.09334222498967
"Line_65",4638.41567782548,709.389272993973,67.2869717942477,4.46534418424488,-0.246687887402977,1.07389480039827
"Line_668",5001.01715595643,727.508578886042,72.7496236413706,4.55462318106263,-1.71727699555798,1.08137071643907
"Line_716",5176.86183594107,907.341885593475,69.8164806277411,5.20537800666189,0.707454875143055,1.09931928334854
"Line_731",5741.79394828137,757.218714114403,69.9635299728105,4.68515441784626,-0.73927168097619,1.09338505436527
"Line_740",4470.16037457721,794.482261197707,69.9081173730097,4.81248107984966,-0.564857198352006,1.09588428328958
"Line_747",3653.32279250184,726.385006458346,64.7194866501646,4.5575339693246,1.77648036409992,1.0841725298436
"Line_757",5258.50155277861,778.565762827826,71.6326508393182,4.74306935012205,-0.313569277241727,1.08976492469914
"Line_781",4303.23653555284,777.350692403754,70.3266901792505,4.75035898863648,0.283327870234044,1.09182274090244
"Line_785",3926.21091807162,770.608007583861,65.7123229181541,4.74038839634008,-0.150600049066345,1.0932807951318
"Line_794",5587.6378687696,802.080540254672,62.3604075062716,4.83249450905497,0.779041090767454,1.09570007597294
"Line_796",5141.83475083284,835.139797556211,70.0033421303812,4.9819286939307,-1.46504150090804,1.10515247241471
"Line_80",2849.09151133333,779.195643158757,70.0387038892542,4.75964223302129,-0.712214753704005,1.09506276746948
"Line_807",5260.60326442088,781.304316860114,70.9740225459338,4.74462767268351,0.368589114675706,1.09153317445423
"Line_81",4434.21561698584,862.269359190994,68.4872951836191,5.11601721341536,-0.655614746059033,1.11684533086372
"Line_813",5050.36426664501,1044.392308327,73.466251929019,5.61597471010983,-0.147986061029409,1.12727054306796
"Line_825",5107.52011651,811.285568300685,73.2258596569916,4.85121719864382,0.722645011731244,1.09461470447013
"Line_846",4507.55787530767,774.038995736368,68.9044331459684,4.76167200455797,0.543029071644568,1.09736102661473
"Line_847",3923.65379208127,772.527000008004,69.193482281162,4.76644109240483,0.844609756318167,1.09796628553218
"Line_851",4706.98831555126,787.028114945922,74.7543771878408,4.79058038297752,-1.29675122813267,1.09691808092348
"Line_858",4762.99164682934,767.568487918807,69.0597047821791,4.74921579916321,0.62535122052027,1.09884638627517
"Line_864",4064.66156157523,822.2996171687,69.2598078024378,4.89197351770244,0.873860351391431,1.09859621620384
"Line_87",3942.17989477713,738.98159858945,69.7439398927904,4.60318525324597,-0.493023335139108,1.08544425660097
"Line_875",5601.59672419187,776.55940742989,70.8691273784482,4.70256778412327,-1.40884874799123,1.08064645422511
"Line_878",3613.29864169977,731.999882289413,64.9670890087954,4.57480224920195,-1.57818041056349,1.08302790877776
"Line_887",5221.15377380988,810.977337598577,71.9952281319155,4.87940823566516,-0.191998792650319,1.09862691259524
"Line_891",5233.63505017852,719.736397931165,66.8776703750769,4.52122994230024,-1.28372011883262,1.08001267723965
"Line_895",5362.64686318675,765.071527694896,72.3713824645724,4.73725181358458,1.35642799723085,1.09562435120973
"Line_904",4976.60820665975,883.922858264648,68.6420691742218,5.09667494059434,2.2208051051692,1.09709596934969
"Line_917",5059.10207399404,792.524175340822,70.1775246448078,4.81896984811826,-0.151193141068942,1.09648175667843
"Line_92",4220.320935625,866.136023609943,64.1800527565211,5.06055020877723,-0.165290961547114,1.1061032749474
"Line_944",4598.57246705575,938.972726170762,68.0607647708604,5.29729986513169,-0.315383187356289,1.11504623922324
"Line_953",5216.32273939487,835.079645578825,69.5166344498721,4.99553340877526,0.89525689556041,1.10849660536913
"Line_970",4953.6987855134,301.360230654445,70.2859300306065,0.720051990901679,0.706365018052375,0.180319026369209
"Line_973",3904.49704898732,751.058279935342,69.3312697865588,4.64274238397182,-0.590387841964414,1.08614237878234
"Line_997",4237.72720461034,799.753029891145,69.3586843540363,4.88414426426518,-1.29353840608109,1.10537465348941
"Line_3241",4687.02074891639,414.8122322061,73.0137987460377,1.45681288028775,-0.946610417560241,1.09658295374896
"Line_4687",5091.87388883948,408.050168056676,67.7363573832747,1.39030892744639,-1.7756784267929,1.09009857795385
"Line_5341",4548.19996876079,328.457499786112,70.7197421008561,1.14844209443527,-0.128040085874203,0.782951891966689
"Line_5966",4626.22513716798,416.572843118267,67.0612720645666,1.45693811260997,-0.0677597178188547,1.09794984418847
"Line_1139",4568.79601570471,254.350380622983,70.8349555423121,1.19418630708455,-0.282332481643869,0.753686896845386
"Line_1442",4561.28024813442,253.067177125033,74.7741901446809,1.19091517829143,-0.20987280089994,0.746273333073559
"Line_1563",4012.41645246666,257.787779556955,69.120713964954,1.19770416563752,1.69172508267062,0.773266619343735
"Line_162",4746.09960941808,254.882253914411,69.3628658237843,1.19591521991778,-0.926847142942677,0.757259490906411
"Line_1676",4207.61208522261,290.395886048558,68.732626683656,1.5458286351771,0.419258398941112,1.00942481420648
"Line_1687",4446.07455614374,248.322849678183,69.519802548627,1.18710166799251,0.515564822452662,0.719004330928003
"Line_1708",4448.03835420491,237.654655261197,71.2122593451063,0.789405391778761,-0.574207409879326,0.243256070319272
"Line_1725",4962.6117419217,294.193494360771,72.5341765559517,1.54349795327855,-0.413625658723173,0.199390574814709
"Line_1812",4109.46941897692,251.276400515077,70.2119991833667,1.19097662097985,0.131977603360542,0.736120251159284
"Line_1860",4195.52770652443,252.187292059536,73.3824343630056,1.19190494335758,-0.419774420906846,0.741648767873839
"Line_1904",4788.45825373614,243.107916396137,68.0484031953828,1.1811303813043,-1.52392221601514,0.688634654930505
"Line_1953",4308.91128436467,297.25632954532,67.9972970904438,1.55342210970177,-0.646683564267297,1.039792687264
"Line_1983",4580.42567503067,247.249480612231,67.5280341128292,1.18270617386198,-1.29024345891021,0.710726974818295
"Line_2117",3834.1865413514,238.751385039827,71.338368146605,0.728702947000201,1.22410846379985,0.193271182494213
"Line_2301",4738.4098954136,256.014545179291,73.4154404567682,1.19582442645056,-0.877307276091581,0.763287359214784
"Line_2315",3401.97185371217,229.813628651646,68.7680686610045,0.748667064230959,-0.438648597133027,0.190865173858808
"Line_2479",4205.25808826845,246.372732370951,70.937504215136,1.18579874226175,0.847575221467975,0.708041508300291
"Line_2584",4072.11651376373,243.905216557743,70.1351253295974,1.1796272810192,0.482014208806704,0.691409940025582
"Line_2766",4929.4910101285,251.079510925008,71.0768404676446,1.18671370209228,-0.291441426427267,0.733118910385947
"Line_2892",4070.46530392615,251.785684802791,70.6159867861856,1.19130709283694,-0.469867983145437,0.739195842112697
"Line_2969",4321.37915121927,250.908573314668,68.9822791954223,1.1891355661288,1.77588712107629,0.732908164818112
"Line_3027",4372.36098400064,226.040593752155,71.3855268256279,0.707808579574043,-0.0904992848137298,0.190170536439782
"Line_3053",4433.82042248631,250.275423831488,71.1152530539481,1.18810383348384,0.433407847198186,0.729266260737857
"Line_3238",4304.67845275968,288.843509531114,71.5327548678167,1.5390695129396,-1.15001728708581,0.996809657007855
"Line_3256",4749.46999195766,248.548093946243,70.3410622155826,1.18801771918408,-0.405366547638214,0.720892479476605
"Line_4014",4263.52528000244,255.358829735416,73.4667319213871,1.19891113892609,-0.472939543772789,0.761002484335647
"Line_4083",4293.0590493136,250.336685694378,69.8653861264448,1.18683575254888,1.5581321731848,0.729185947913262
"Line_4100",4387.62729930017,232.45994065683,72.086654896709,0.782498746045911,-0.0363597040169736,0.165573807815521
"Line_4236",4281.97769940922,292.67088310777,71.8655302310228,1.53967768002378,-0.483775377678339,1.014025889882
"Line_4291",4523.73417166174,248.440682355119,70.4188572808454,1.18797925704347,0.650823193256308,0.719733422515912
"Line_4548",4255.7652319978,248.715245290997,72.9457364418248,1.18582948512794,-0.109820624663047,0.72078112840355
"Line_4555",4391.8281416694,253.069575507743,69.6114092992279,1.19453787353423,-0.501925633019929,0.747486703683763
"Line_4790",4020.38293293716,246.757969393879,68.1925161217296,1.18258339021544,0.930507729763869,0.708237820719566
"Line_4859",4028.04113587145,289.836595553118,70.7969756102765,1.54471758925657,0.828231891502183,1.00462424715561
"Line_5034",4412.76992472501,251.96312518876,70.5420277051019,1.19018065100564,-0.891150285123707,0.739058426312008
"Line_5122",4523.71021363551,248.636375739335,72.3997519759513,1.18637881226956,-0.11213733668222,0.720141683444661
"Line_555",4648.0066214896,253.562187384656,70.0193548315219,1.19501674689297,0.5544248710667,0.750582017667683
"Line_5880",4563.35487600233,258.410634279533,73.3069169771313,1.20028724112433,-0.291977716439585,0.777247380968327
"Line_5983",4257.77889347333,249.504611569046,71.122800819291,1.18701241231145,0.573436182501899,0.72571307355799
"Line_901",4670.76628394062,290.462089095898,70.9938483324737,1.54183120688123,-0.409730418665726,1.00621129594748
"Line_1036",4805.67180991187,452.615595519013,69.458507377155,1.14696603396556,-0.61194935811698,0.323799620067505
"Line_121",5271.81519030669,653.983654779353,72.5565655502438,1.82584117902244,0.898282130391778,0.376700673487066
"Line_1288",5050.92646033706,639.683784943516,69.3507784728552,1.82345562330568,-0.627939192703001,0.410357664442211
"Line_1431",4848.59697596964,242.212409085345,70.7031267901835,0.689681251268839,-0.634758205736251,0.112298457006293
"Line_1437",4165.31995961676,482.745613453341,68.9898769838954,1.3667010498424,1.56677182519651,0.309505727795908
"Line_1588",4607.02695610632,644.951324458353,69.2662977193596,1.82555699366017,0.855982803281522,0.409829410967947
"Line_169",4086.55011299062,639.084787608616,73.2453155321319,1.82324700986218,-0.639450747213446,0.379165603938419
"Line_1778",5540.4450671539,631.387157982371,70.0057351298802,1.81982380634944,-0.382691652497122,0.37689056287313
"Line_1892",4598.41735948437,287.900547156121,68.1591594008016,0.85405011600693,-0.384821190892859,0.187890690678002
"Line_19",4915.43248837136,638.128530290973,70.8005381374646,1.82305165207913,1.36575153883398,0.377370803794885
"Line_1938",5358.75073318649,632.728108435685,72.40405809577,1.82099368201446,-0.614561665403184,0.41106917242149
"Line_1977",5222.42173946126,632.294676317397,72.0140812663156,1.82016751258157,-0.625353587091669,0.375919918420848
"Line_2085",5546.72740614387,484.187817716058,72.9639280578972,1.36555744960822,-0.187492697410842,0.309253800761513
"Line_2239",5708.53853167654,486.996615498145,72.6645812172199,1.36612700964789,0.389784019807574,0.309607342079557
"Line_2292",3748.21097068503,646.896673635019,66.5982079595892,1.82678246426212,0.813925923447359,0.377385906491424
"Line_2349",4499.90682525348,638.481670885599,68.7560863230132,1.82351295553967,1.04572363580693,0.411585270585436
"Line_2468",5060.72789482785,635.531344948651,71.5182693418849,1.8224098212901,-0.588660711808566,0.410330597963302
"Line_2491",4892.34976090349,628.039928313563,69.855548944321,1.81855531784327,-0.628283320334175,0.410574821702637
"Line_2680",5086.37398972692,638.667483134704,73.784245717843,1.82080980252242,-0.658173868644495,0.409292031529012
"Line_2822",5346.05933053282,639.592826588051,72.9255140033186,1.82349801643139,0.700138376857251,0.410287241712459
"Line_2899",4346.45719207131,480.519653762384,70.886125196615,1.36492103253978,0.8681495480178,0.309275098321879
"Line_2935",5552.5765696882,488.781277543423,70.4164375845501,1.36803583994014,-0.60590540285923,0.31017436084891
"Line_2999",4091.71207459016,635.348173345559,70.9073309777938,1.82133736856531,0.728523955243081,0.409589177011881
"Line_3084",4377.52923594472,229.893949144656,71.0208135129476,0.691434341975356,-0.2456810406555,0.106741437348428
"Line_3234",3919.32431934105,482.199722788061,65.3903554220114,1.36675352314767,0.323783475284775,0.309518221711351
"Line_3331",5124.577876381,643.597914824843,71.4923678248116,1.82471026523172,-0.643919108837907,0.409937152387246
"Line_3332",3805.87363339409,641.505917012789,63.3401599815717,1.82432059626028,1.75215344026724,0.376188657459752
"Line_3409",4598.61792971255,480.645847270143,69.3184043008743,1.36576463406091,-0.508306151775825,0.309234127400555
"Line_3545",4161.62331425571,294.733364070225,68.4865535432866,0.871192674856526,0.49346553214162,0.192865351772616
"Line_3596",5149.42569468417,637.52856860459,71.3664308006215,1.82283027905838,0.647006032150877,0.411707499783349
"Line_3825",4440.71271302887,630.513986713066,72.8773233365521,1.81963695656443,0.353494130688218,0.376711211417764
"Line_3905",5093.81255840941,632.549519292283,71.9843241666042,1.82099345249462,0.58016892262101,0.40931097070512
"Line_3942",5462.32387561501,482.087617575544,68.1127526409929,1.3649270686091,0.298502680831108,0.308965864284164
"Line_3999",5238.32249062543,638.367566370524,71.4176410608181,1.82262095199928,0.101338405777133,0.410068640080959
"Line_4042",4663.63934825762,636.09532813214,70.8909517030766,1.822639831561,-0.648251276796205,0.376929892053505
"Line_4196",5017.04220371182,259.964007923296,71.6860982621274,0.698003276197265,-0.596462282438767,0.131366613071969
"Line_435",3130.59684004849,630.110255701259,66.3442262900363,1.8188368338748,2.56097503473868,0.41162825857141
"Line_4494",5744.5158454404,480.335712702406,73.5617102743672,1.36539059339916,-0.598788211969871,0.309693813713773
"Line_4585",3710.78533650819,646.161521537965,69.1068271305665,1.8265581469356,0.566620366473577,0.376625829160624
"Line_4647",5591.8110370648,652.69708137033,71.5885049548579,1.82580686297725,0.151342563319372,0.376446573943158
"Line_4884",4611.80549850537,490.597609342278,68.3923656059308,1.36779310818724,-0.524926658703461,0.310152895971279
"Line_5469",3970.36503392752,471.17889276785,68.5146616153102,1.36291653760155,1.13785737486796,0.30925919324388
"Line_5525",4299.36981837411,363.746054323972,70.8076301450217,0.991533782489513,0.716279095942784,0.252473930215367
"Line_5589",5126.33527150674,247.747041336248,72.7831617983873,0.700957855425579,-0.881416337113254,0.116835534045254
"Line_5629",5190.05234978626,476.966095264594,69.8119868586307,1.36523278587893,-0.59484871571727,0.309444229939502
"Line_5852",5089.76730182033,456.070801171458,71.6131393569865,1.1844058428092,-0.648559154866013,0.326725853924809
"Line_5898",4992.21303092428,464.996173743532,72.6902036085138,1.22163396822157,0.482943945095594,0.312791267709604
"Line_6090",3834.28876564109,631.70034579382,68.6934380551565,1.81981898679387,1.96662726199341,0.409586400945983
"Line_6116",4855.09420975891,645.890345869632,71.8040074461794,1.82559803660981,-0.606316182529586,0.410737213858566
"Line_6340",4032.78877573655,632.562116310801,69.9193839322496,1.82028564218697,0.859124042908468,0.410030723657942
"Line_652",5026.33294610652,641.719304276267,71.3729074325783,1.82377147084784,-0.617222123935179,0.409555073878241
"Line_756",5576.11694447972,636.918293859844,69.7728211615746,1.82277593685222,-0.292427529411958,0.410845253159191
"Line_8",4841.092677269,645.217598690871,69.3117240652456,1.82549915397861,1.26112373592757,0.410962313319263
"Line_840",4988.219310957,643.167548835667,73.2344909299797,1.82515528369536,0.529210333024081,0.378284862976768
"Line_857",4784.53191758203,482.229179848535,71.9292676430265,1.36612387174321,1.08107269096912,0.309362344613533
"Line_873",3478.77680490495,645.253643904314,67.874107041317,1.82557505369181,1.68212940837312,0.41169618216096
"Line_971",4978.86445157398,657.604146752753,71.3454155950952,1.82538148443339,0.292993895087675,0.411951848573627
"Line_1006",3994.04349772816,541.927742793666,64.3435711035389,2.02767436451945,-0.972434745178521,0.540052090294454
"Line_1011",5472.74417143173,537.347021894958,70.7375055093262,1.99843440805496,-0.569354666017331,0.517918546831164
"Line_1012",4296.65299171028,534.978935268529,67.5252403025036,1.98297294245059,-0.996848993294394,0.506533771849927
"Line_1024",3946.78638299715,549.388202817453,70.1426636802606,2.06537818643551,1.68330711343499,0.558436462757926
"Line_1037",4822.41145682285,536.021743869368,65.6947203899831,1.99069153097864,-1.24629977245751,0.51368713263023
"Line_105",4489.60482622774,554.88566434485,68.3499126189428,2.09707348256042,-0.735680039945585,0.577860235028449
"Line_1056",5236.95351029128,539.613640534048,69.1122700568653,2.01425118956097,-0.585155234194369,0.530295423632097
"Line_1085",4906.1104835852,412.994432650425,69.9384693588375,1.52643973633781,-0.930249026423075,0.399295570345985
"Line_1102",4682.55412868333,536.588942732844,70.5884854137186,1.99754105260341,-0.196512658690577,0.520756499929642
"Line_1124",4737.43478921859,474.586807475864,72.3876533878637,1.38003749205522,-0.527876674320573,0.459559745033385
"Line_1151",4697.33296422178,546.291825131026,69.4784839733692,2.05209645474083,1.45648433951017,0.554476484000688
"Line_1162",4399.95587657489,540.543772689156,72.7279566276779,2.01157818336748,-0.2190409898681,0.519767007246924
"Line_117",4281.41845687143,544.950088721031,71.5348752214497,2.04203079517959,-0.879206008421586,0.544307028830762
"Line_1177",5209.82129272849,321.224440294615,70.6939785502618,0.778698514692827,-0.673189240086516,0.205757540813952
"Line_119",4595.83287384284,414.722872090643,71.8631376922817,1.53865156607399,0.921881266354417,0.409548894292965
"Line_1202",5419.035831752,412.179434632904,73.0011630917929,1.5209286197885,-0.181028276511491,0.393787705289532
"Line_1203",5383.31630406513,550.990498627339,75.7349473769306,2.07781416050723,-0.943881550651734,0.5666204177256
"Line_1215",5451.21303736082,464.41411284129,70.3297251908847,1.41244288724546,-0.829381205180558,0.422567797531645
"Line_1224",4782.08525515821,387.775295935907,69.602121625033,1.2945941435202,-0.504513436094523,0.367530907732069
"Line_1240",3043.81324643399,538.921823845933,66.9121089530229,2.00998362416528,0.320121112217165,0.52747893278325
"Line_131",5186.88402418522,548.265195399981,68.5133931052031,2.06106158037595,0.204076848662561,0.558867847956133
"Line_1312",4327.58550939085,531.067112890759,72.7398562423136,1.96827850357806,1.37161345635529,0.505985111036835
"Line_1333",5034.2844111757,474.760461166781,70.7371968698173,1.44643230366917,-0.611469748198854,0.458987177030623
"Line_1345",4694.52645538361,536.354513538436,73.2967060268274,1.99459402273128,-1.00137659954449,0.51824877557013
"Line_1349",4189.46764143666,539.050406429116,72.0557288535192,2.01346209138364,-0.135470734800499,0.53164704224715
"Line_1400",4856.50493989514,535.470333231518,70.0215811249622,1.98649944773272,0.153031406869445,0.509829134521494
"Line_1414",4684.26772587759,541.553929412182,71.8118897897148,2.02270005257672,0.564875982383926,0.532203447201632
"Line_1454",3800.45311376609,554.358124281572,73.2003659167667,2.09736732249708,-0.609177895919433,0.580161353069255
"Line_1468",4898.72640920624,414.950995514041,69.7432861617969,1.53731099563385,0.759403573231162,0.406717210138313
"Line_1473",4467.67814458015,420.87763610477,71.0852796795224,1.57241489063139,0.4404818539432,0.429702652310881
"Line_1482",4606.93302452097,550.850487012215,70.3755455523529,2.07673842941814,-0.399462797463841,0.568448175177984
"Line_1483",4493.03532480043,535.520280809188,70.1216424655471,1.99010013184076,0.512075186850433,0.514009493350482
"Line_1487",3958.69182615408,539.912488418054,66.5609746474527,2.01532981076515,-1.02030568103734,0.531545126541744
"Line_1508",4728.21396824948,545.503720981774,67.740185127718,2.04519453139204,0.144847460242626,0.548916080642215
"Line_1537",4867.23355715272,541.831655047329,69.2602093144474,2.02254204326681,-0.720234460910961,0.531464992924892
"Line_1625",5571.4790713523,531.848832424981,72.276490918075,1.9709075110439,-1.47831860245969,0.505752691279472
"Line_1657",5020.3980571711,465.959447156906,69.4355425308706,1.36514828795963,-0.677711960737947,0.435465393397349
"Line_1717",4294.37230527669,544.709460412526,66.6449787233061,2.03886186161766,-0.0545405730841373,0.542290889943611
"Line_1726",5284.8940872817,546.701969270776,70.120768965147,2.05512302655761,0.54559643295809,0.557007343846411
"Line_1731",3028.21194385015,536.067506622884,67.8837842457973,1.99208488888214,1.89879369878204,0.516098183578476
"Line_1732",5279.61168757864,410.017142105789,72.2829738286773,1.50921926476911,-0.228161296308248,0.389145906775639
"Line_1774",3533.97390652667,548.480461185252,65.939576749003,2.06379739338366,0.794673346646835,0.560408010059386
"Line_1775",4080.05542369847,544.972448303964,69.63045845634,2.04550734544274,-1.14094381255028,0.549512892712514
"Line_1803",5859.82919201879,560.698603209957,66.8473351403924,2.13466181214972,-0.900239031658806,0.605922055974929
"Line_1839",4704.76824323055,412.788762145296,68.2544318754991,1.5263703286766,-1.02318783160081,0.399486751850274
"Line_192",4607.90398053745,539.320792549163,71.2591796191049,2.01194568858927,1.23425004023009,0.529931256494834
"Line_1975",4073.0794337912,409.728911615363,66.5808870667821,1.50862968397614,-0.876176120501549,0.388463108445142
"Line_2026",4751.63758112871,534.849948004101,68.4642019284463,1.98697352600085,-1.0083215074397,0.514711052829161
"Line_2031",5223.10664562813,421.400286317076,69.1145204061021,1.57293498936703,-0.914087700118278,0.425114033860848
"Line_2056",4461.03825682013,417.800779987987,69.9991096375729,1.55572653283673,0.883774258235742,0.418906868808899
"Line_2057",4060.40399428391,416.575632559417,71.8291446826522,1.54977041375591,-0.313245321338322,0.416887317565354
"Line_2102",4272.10198974042,537.905548067966,71.1968353283976,2.0045786652745,1.45080418307479,0.527245758559638
"Line_2109",4716.03574620152,549.088026838644,71.6017856392228,2.06278108346653,-1.17103523014923,0.554364670926151
"Line_2118",5136.43861616222,364.513589341931,73.3108831785509,1.09509138144275,-0.950112259934781,0.329621809349093
"Line_214",5297.56765139116,553.264399416449,75.3805466100893,2.08936663275787,-0.644985015881992,0.573223592510686
"Line_2155",5115.69265195639,414.916392786059,72.2707708426315,1.53937496693633,-1.03395906905402,0.408856830084035
"Line_2160",4590.79236904923,424.289760595381,71.4303008798219,1.20412305178007,-0.858175862890705,0.381964694295153
"Line_2176",4032.30707964529,542.653329141089,67.8014938992444,2.03281107217514,0.277792740237375,0.545105170575634
"Line_2185",4802.87022495704,543.425491261544,66.4584317459425,2.03579148110958,-0.844750030807499,0.545354282658505
"Line_2187",4823.04389328143,553.716055178846,67.9185903277973,2.09425881415496,0.955518765055754,0.581395096919936
"Line_2198",4972.78337299598,539.943556490382,71.126418385714,2.01644122106687,-0.709885112840104,0.530745678378344
"Line_2221",4288.58257172653,530.775228318259,71.6211049316772,1.96538857335588,1.32714752535567,0.5021913841625
"Line_2281",4729.61280875311,539.584396006519,71.0204545504528,2.01466956151788,0.549251153551303,0.532636098978912
"Line_2312",4480.3616122699,411.071105946494,70.4832250587587,1.51817364643841,-0.679413831462543,0.396520533037348
"Line_2324",5145.05756830989,417.603638149993,69.3663375629524,1.55165500743481,-0.596061260768194,0.412600155215291
"Line_234",5267.23820751354,535.980188420689,72.3752576079232,1.99472097395562,-1.29648332168963,0.520237423424804
"Line_2381",5327.67071991943,465.608293127716,73.63391197339,1.34662073630033,-0.79934986796319,0.431174513457779
"Line_2394",4793.35630134559,545.745887446342,70.0868197136118,2.04823839015222,-0.724067190710828,0.551532684180322
"Line_2432",3731.69634248492,536.293052291738,71.9478871102944,1.9984057469665,-0.543890978987442,0.52473043937194
"Line_2515",4868.90844529359,466.434917903308,69.9088419448789,1.44788184375513,-0.544688477062301,0.428758046386183
"Line_2521",5432.10753843138,419.383694904666,70.244173801162,1.56243138437079,-0.24057328976621,0.419880948390203
"Line_2536",5041.4703467657,410.515965283714,72.0048753493118,1.51230270795619,-0.956951157088212,0.390272976288999
"Line_254",4838.6204752898,409.368041891643,70.8268587079357,1.50485184167416,-0.789183455922679,0.384710718862826
"Line_2555",4796.760074638,462.438702188134,67.2724777557437,1.32278833676267,-0.865007945760231,0.423852402751057
"Line_2589",3900.22058372619,550.064258133262,66.3873955915553,2.07075996421371,0.0437943045500668,0.563663421347161
"Line_2595",5228.69020861492,541.248907424247,69.0024928459886,2.02417083396573,-0.382686150140646,0.538827018440488
"Line_2604",4008.3979410851,551.683010144262,67.433373500408,2.0769937100372,-0.845518854091543,0.563289583092903
"Line_2640",5544.93522592907,468.839037011038,71.8171192608261,1.29253659134013,-0.833250432187376,0.441159196707513
"Line_2646",4444.44372523358,532.926008854708,71.7373166272854,1.97717239971508,0.220439766720299,0.509314654128137
"Line_2697",4798.79914282904,551.720166557879,72.4224409891474,2.07614298046389,0.35571508647911,0.56085485096278
"Line_2723",5100.56651208796,547.04347609472,69.7479613420783,2.05663647720129,-1.05330464352159,0.558235850976636
"Line_2748",5439.58602205815,319.827167407898,72.1417834276579,0.772521576718413,-0.581170013108215,0.206190063771425
"Line_2767",5069.99375946145,411.109016366287,69.3406588616307,1.51552312168167,-1.08906626858627,0.390951869578654
"Line_2849",4853.03407835374,420.789461780264,69.8110363266372,1.22175188191906,-0.731209754906792,0.370395889044156
"Line_2881",5023.42277048416,422.454621390426,68.7824691914556,1.27410555724838,-0.740515804820514,0.374344341961188
"Line_2898",5083.95386279623,533.290280209163,68.799319003003,1.97715559052864,0.323713880616579,0.508472312750379
"Line_2915",3683.82975908715,534.661284016192,65.841926011566,1.98509892909583,-1.02626107009371,0.513050641630416
"Line_2929",4057.39363021593,540.279250784766,71.8406518141186,2.01790796584965,2.38419628193276,0.532675251478055
"Line_2930",4020.65943859389,549.025336979061,69.6202503802137,2.06819399259453,2.26742540731581,0.564444574540761
"Line_2933",4955.26257956843,533.016942901959,71.949732969741,1.97440571838062,-0.93069160214259,0.50528083254549
"Line_2937",5198.22089514243,469.73612513747,71.5603235386993,1.45518146504207,-0.647309447236936,0.438030286855164
"Line_294",4700.39944564612,464.194015008442,69.6727961927484,1.36087012582137,-0.205890282014774,0.426385653004284
"Line_3046",4018.22948771929,534.333887719304,69.9773187907969,1.98344198736863,-0.143384563336945,0.51084482644202
"Line_3079",4190.76179963816,530.03482898944,66.8518625259539,1.95962096538549,-0.806968541997918,0.499026888634131
"Line_3101",4770.5881938779,533.965190499566,72.2869150991149,1.98380962524435,-0.0883115298699959,0.514769143219101
"Line_3160",4557.98295519777,536.595142030605,71.928562135821,1.99785618601399,-0.484723072456999,0.523310086564304
"Line_3185",3919.5733191088,550.145830791518,68.0658403534469,2.0687121259776,0.42289996543842,0.558863979754386
"Line_3243",4398.51000391406,537.081830532452,66.7639931910697,1.9967995098115,-1.06433231374147,0.516275099367431
"Line_3253",4576.18242699599,545.248415431169,70.3917222557581,2.0416839500769,0.232644580254381,0.542858681274801
"Line_3303",5283.16294724266,333.247766546472,71.0517118119432,0.788923904421272,-0.772230896592665,0.213777672198062
"Line_3352",4696.91431106708,553.513555308029,70.4975074333063,2.08707137417802,-1.24515338320677,0.568343852357408
"Line_3377",4855.07720518744,537.509425946963,71.7450452991011,2.00128223921206,-1.02594339352884,0.522224185921868
"Line_341",4421.34916109418,412.019232362084,68.4398516055801,1.52104953010599,-0.359176525340541,0.396455677580956
"Line_3418",5623.30189499278,544.643622995746,67.9421040546269,2.04267869181799,-0.82868236438991,0.547753368043587
"Line_3425",4509.04140829288,537.610600403827,71.2380838141581,2.00061608448522,-0.954242674658427,0.520422658729361
"Line_3429",4160.11103416284,550.399364735826,73.8549988511567,2.07116878331513,1.56225840616188,0.559625980731577
"Line_3490",5101.62349582555,463.444959406153,68.9555420523342,1.32857519607027,-0.940684132007847,0.425703714388997
"Line_3555",4868.63578536114,534.737055062972,69.8107771747,1.98261731584948,0.397949338913907,0.508439043245281
"Line_3599",4550.74441659862,538.203718854276,68.7129015224954,2.00848795309157,-0.116141807700146,0.530285234530439
"Line_3604",4366.08240591121,539.909070502802,69.1889292015859,2.01227074627842,1.53410889559025,0.525120207800254
"Line_3612",4567.34981204346,540.515520790078,67.8258890898374,2.01813697509859,0.254361898381788,0.532236944047078
"Line_3651",4125.03253825313,535.392266265836,71.7196109658191,1.990158948891,-0.213999838274015,0.516807410906916
"Line_3667",3437.00961992371,540.568087212655,68.2872486093316,2.01675067892481,-0.504797876946461,0.528417454783517
"Line_3702",3958.50766777627,545.840145930655,65.2296927602456,2.04714514611189,-0.704661706191227,0.546582682821548
"Line_3708",4809.06150054008,425.340951141752,72.0466213178848,1.59869765853561,-0.123254602532632,0.446477149746988
"Line_3709",5254.68763476975,557.585955869881,69.7240343366508,2.11273488362613,0.176045752172945,0.588088359459784
"Line_3751",4825.82178624657,415.570643119079,74.0150151534058,1.54580633219807,-0.121811424029061,0.416290296864041
"Line_3864",3397.43953156155,550.446588701064,65.0934090180613,2.0731049164296,-1.06874464092961,0.563339052169184
"Line_3890",4698.95553173756,538.963267597908,71.8250353416013,2.0114636174956,0.0248690989499358,0.529270274567726
"Line_3917",4160.03356570322,533.315488256467,72.4272841133152,1.97562816640459,1.97424771583655,0.505445683388312
"Line_3928",4371.82015266264,541.72971232476,71.1203904356731,2.02921486686707,-0.637141196831836,0.54417979618179
"Line_3939",4834.61336863054,334.562115933172,72.5583254876429,0.790375714406672,-0.88685011246989,0.213829986419468
"Line_3947",5120.22306305059,538.507443211861,69.9310560082791,2.00795557300202,-0.789860438693309,0.527500243477228
"Line_4025",3844.65287702224,548.959968467158,65.1018250511522,2.06354013527251,1.11049529416192,0.558008360316434
"Line_4058",4919.75074228141,255.392831475809,71.6747732483649,0.700703051760394,-0.797334983810027,0.124022206434349
"Line_4068",5262.53231836653,537.11758422088,70.5801451792317,2.00274409851013,0.554227722259784,0.527603431720954
"Line_41",4303.54807907463,544.990536651157,66.9018886776955,2.03885216433427,0.886612438993549,0.540822973357202
"Line_4107",5128.73720705046,533.872571549283,71.6191471788596,1.9843989977929,-0.779483957989203,0.515896750628648
"Line_4212",4866.99566868703,541.028597224101,69.4483545515116,2.01533263126583,0.899393346086432,0.525192982909603
"Line_4224",4617.87264652577,540.028622839751,72.0032569438772,2.01539253877807,2.53800538514856,0.530694013778989
"Line_425",4911.86472347829,547.37148698943,70.2090756863497,2.05976384278289,0.461427382512969,0.560546862153394
"Line_4267",4968.85461484617,460.25959522096,71.7445140528096,1.32157543877807,0.229006151630895,0.415810885600152
"Line_4269",4556.05479289461,552.127065130905,73.6119639838937,2.08674937836765,0.689632401328572,0.577644658598023
"Line_429",4776.45788133981,420.771074809379,71.1367507661532,1.57095598130103,-0.857295806299167,0.42749781755275
"Line_4336",4484.3083779301,538.203703724058,69.9117518620495,2.00346741325816,0.922962890088735,0.521247272669241
"Line_4349",4806.69552120617,533.75495302524,71.5340039527285,1.98031194954993,0.262239244312838,0.510606326851622
"Line_4358",4650.78237627489,544.604566272681,72.6546619578531,2.04132386696825,1.08884420220477,0.545488716904585
"Line_4409",4454.44589439625,425.508588914141,69.4390410411747,1.25916508803663,-0.587625143656562,0.383834394361303
"Line_4434",4617.21510112048,558.131089227987,70.9923318073303,2.123554671751,-0.802076997923836,0.601839524425074
"Line_4459",5025.11903274471,542.112966042951,71.6375627070194,2.03005360015838,0.061127751224072,0.541316501298742
"Line_4483",4502.75488144167,540.884018674956,69.6513711105826,2.01758061544908,1.48091838016635,0.528879790078946
"Line_4517",4774.98035913606,562.222688294926,69.8099487569936,2.14120748873471,-0.669415129525213,0.607646162206474
"Line_4518",4259.5203205648,535.918610137012,66.7995819486964,1.99443965853748,-0.715522269819404,0.519293800320611
"Line_4522",4240.18565154696,545.504816819529,73.6672542163604,2.04619771470789,0.375672970838085,0.548492506594873
"Line_4551",4847.2706820855,413.682918431414,72.8086075805164,1.53126575684306,-0.909850055809989,0.403861356906479
"Line_4575",5011.31377881897,414.193415811796,72.2332571571215,1.53445679508436,-0.226024162337168,0.405655407919423
"Line_4577",4000.81731227893,554.220412496739,71.1235100375497,2.09274097998652,0.473704384561517,0.573999804471282
"Line_4586",5081.79136699723,538.412035864965,71.5094980071033,2.00889991578027,-0.79570781905146,0.529226894267908
"Line_4600",4376.15851562897,548.91428834647,68.9919401262511,2.06595695617879,1.29100454046435,0.561192318228152
"Line_4616",5462.6489773422,532.962926746144,70.2295211634745,1.97660274446597,-0.652054731592799,0.508791811188124
"Line_4625",4996.11149093587,539.131721916056,73.4416771211825,2.00808675594309,-1.55254180076708,0.524054087088156
"Line_4636",4867.88139393012,546.938416540764,68.9491986757959,2.05618853147455,-1.22957067098224,0.557639404298413
"Line_4673",4808.00381102615,543.11355809839,71.7309503315386,2.03053996953504,0.231334286259086,0.536779373794838
"Line_4684",5397.07003061189,538.396871732876,71.8582864280576,2.00812801447355,0.522372206642986,0.527098046185964
"Line_4689",5553.48573818489,549.119861097642,73.0508921182174,2.06500981315346,-0.92426577089943,0.558516778528052
"Line_4695",4583.7516613128,421.340332416818,70.2129425524091,1.5713349026011,0.255889418291371,0.422537333378076
"Line_4699",3767.10880342057,529.541019266197,65.8651750788783,1.95890847281098,0.538658251929241,0.498560410598741
"Line_4710",4907.48272425509,540.911373036399,71.7579822869536,2.01833604012023,-0.471539027307745,0.529615035155456
"Line_4724",4832.92447087511,537.616497086727,70.9049241281959,2.00287823686176,-1.29341901014839,0.52373626257759
"Line_4727",4915.67841698637,554.1424489284,70.239501271101,2.09634897866571,0.180369619136181,0.580800227069059
"Line_4762",5090.77954360974,464.056124664561,70.8573858428197,1.31267413007336,-0.692381924002338,0.429477692536729
"Line_4767",4768.49519768582,537.365105035967,72.4050801577581,2.00511862953613,-0.959111538403846,0.530562957735368
"Line_4786",4505.06796869422,555.972071244702,71.1892290059174,2.10533473464363,1.09619766807708,0.584860607195456
"Line_484",5137.89702616829,413.489788191018,73.9631436798064,1.5298920878149,-0.859286195238256,0.401990112786345
"Line_4860",4958.42682903377,538.73568855129,74.2112690082753,2.00539379861966,0.926282856026806,0.521421695859893
"Line_4888",5031.74524466761,560.369151124835,69.6554741056201,2.13143123145477,-0.26319899055362,0.602695488348298
"Line_4897",4431.49525748144,544.267712752998,69.5232235640233,2.04126926795489,-0.415873033157643,0.54832523652134
"Line_4902",3950.08794794311,540.946883795569,72.1330329953751,2.01693892194309,0.578595458703501,0.525254654161377
"Line_4925",3111.59997033985,421.70526264959,62.8555676633471,1.57660029160207,0.489939031864573,0.430148672739657
"Line_4937",5253.53322493273,535.680130407879,70.4821166276716,1.98785639621101,-0.474244027392358,0.510493304254262
"Line_5006",5183.35926716049,415.905304690064,73.7992021441004,1.54303142893792,-0.875065074158528,0.409349701282512
"Line_5026",5568.67466791709,555.344074829234,71.0568483934619,2.09871319198821,0.516591456790273,0.577583747037679
"Line_5036",4170.32049790954,544.112273736989,66.7390308491133,2.03670178761262,-0.558801265328438,0.542105662076566
"Line_5149",5302.55379709498,460.985721241299,72.2010145882877,1.30269147642155,-1.04940372085876,0.420135573112408
"Line_5160",5093.08790507394,541.918894792558,70.8437567751865,2.02510874515202,0.589078609374263,0.535620454939617
"Line_517",5012.33637639074,543.553794367501,70.6585811608021,2.03504271607302,0.0991612657414471,0.54412723686068
"Line_5190",4680.44831669458,539.995568889586,66.7245514572819,2.01430447106024,0.117338786370517,0.529240269520047
"Line_5193",4362.68980756111,543.124782415652,69.1006543238121,2.03279986113154,-0.815418680459628,0.541034529693947
"Line_5205",4783.42531708844,384.214219608761,72.3852496271887,1.24858384084825,-0.767215881708931,0.352517683800357
"Line_5227",4568.2903907283,548.486232074971,69.8147843400384,2.0622859754845,0.831572067387855,0.555184346269916
"Line_5241",3578.97902042565,544.086786785146,66.9863126182798,2.04109263577412,-0.764589057994129,0.547907666580647
"Line_526",3987.63298659151,541.690427246435,66.7798622306537,2.02615569227392,0.0756765976467138,0.538639690607735
"Line_5272",5226.12067861147,538.85456621835,71.1775359765902,2.00615595651509,0.951729022730474,0.521253897076254
"Line_5284",4667.16007366126,406.956663447626,68.141770830437,1.48991187109531,-1.28177289123409,0.374081734499473
"Line_5297",4930.90205928754,537.126529879042,69.4486030304999,1.99577854568545,-0.664068747635003,0.516775004521877
"Line_5319",4960.08338153475,541.527644872618,73.29453388525,2.023166961983,0.355105237300634,0.536327128132042
"Line_5326",4961.78225686615,420.287739919418,71.0189577769055,1.26632157163165,-0.839398676531247,0.370857431363375
"Line_5368",4123.58342844979,527.719864762003,65.8322443789022,1.94445177178914,-0.865087808092991,0.487544096999643
"Line_5418",4505.7974905742,418.571312529404,70.1653654148024,1.5592780588601,0.159767613405389,0.420126772723749
"Line_5448",4410.63018695485,535.619692716601,73.2285079223116,1.99187311193444,1.2048341927405,0.517594810326099
"Line_545",5784.11727804582,462.12474096819,73.630187059953,1.3296563439505,0.355488892032588,0.421723775944898
"Line_5456",4592.55814221713,545.662391126776,70.7989014532123,2.04694749198893,-1.00086565438114,0.54930367003678
"Line_5510",4499.4123237635,533.757075160574,69.0267022207672,1.9838883174615,-0.781223920242208,0.515988575888588
"Line_5528",4140.28267358932,536.139448751879,69.5982723649267,1.9940869119628,1.58234053804649,0.518530188487311
"Line_5574",5193.697311563,420.692205413439,70.3248370216427,1.23515991693217,-0.759599898520328,0.371667554137295
"Line_5673",4884.29648960886,555.022122243153,69.0541864105616,2.1007509156161,0.519519728815452,0.582527202509846
"Line_5736",4219.24608870949,533.710113977419,67.4886234754852,1.97832377011374,-0.934989569319731,0.50515208033024
"Line_5760",5491.13493896838,545.993690267326,71.3547973643131,2.04669356328678,-1.13004301531348,0.546936905271693
"Line_5773",4709.09072758084,417.591748015512,69.8330039954735,1.13611297671634,-0.519021364146145,0.36431783509897
"Line_5778",5026.64091544998,412.943567097521,71.6630859408797,1.52754978655863,-0.926288519931493,0.400922777099805
"Line_5810",4238.84850141659,545.557576453436,67.053595178751,2.04627308206248,0.750881665026142,0.548988584729177
"Line_5832",3983.13476628048,411.461775138808,70.7497813910813,1.51897637826063,1.71280961456962,0.396064396016487
"Line_5843",5339.06981997908,549.765405911771,71.9979655939721,2.07132168167071,0.209748497453932,0.56452949826739
"Line_5952",5001.7452313116,547.077512244836,73.108922565254,2.05990630129868,0.0969857815416437,0.56204041082472
"Line_5991",4792.40979991185,467.978030799722,67.1126079197628,1.43537167106146,-0.575794917425459,0.433685120578463
"Line_6014",5166.06933451761,542.146267855454,66.935199091229,2.02471142594522,0.607683952759238,0.533611138405617
"Line_6048",4038.23253069074,539.417786302564,66.3829077469035,2.01116478013303,0.77300748614313,0.526246193467703
"Line_6056",3105.61258771407,543.542310056199,68.3797168461084,2.03147533121006,2.64365674742866,0.536835132519423
"Line_6057",5110.67838667306,306.690822286104,70.471180884339,0.755464886537715,0.35230375611227,0.202912410416688
"Line_6081",4739.36885058665,413.466552055388,66.9900081023899,1.52977895018575,-0.571479025653809,0.402123278707886
"Line_6099",4177.01933724241,538.329098394799,71.0282812565142,2.00821564442698,-0.258703691090193,0.526985744871026
"Line_6138",4321.71162405628,536.594450910697,71.412440045933,2.00024405265367,1.84682780106976,0.526749066345627
"Line_6263",4486.75821176395,416.28076560201,71.4390215408683,1.54374005838082,-0.62475155115829,0.408917777142495
"Line_6285",4845.27052472169,545.202590628384,71.9946235295216,2.04382902965652,-0.485973320643865,0.547288044289063
"Line_6321",4725.87509629795,534.148263314366,74.7624043677108,1.97811848177805,1.05085282114673,0.502496804806033
"Line_6328",4467.20483750637,550.379022342385,71.5359953118571,2.07273978400033,0.722038998835009,0.563628566208114
"Line_634",4445.36739673616,536.14162867967,73.2460890312025,1.9975608872425,0.98954442206442,0.523470965204241
"Line_6348",4982.78525312787,475.652143865738,69.699906000249,1.47175603719392,-0.447302000779147,0.4620956908896
"Line_636",4478.93874097547,554.127040833405,72.7485698454729,2.09057915874678,0.345546694631409,0.569849810406505
"Line_680",4697.96935856056,541.361351866019,72.0557280835705,2.02593252978632,0.458718884094631,0.53945472014976
"Line_728",5066.65864982365,545.507503886034,74.197270558072,2.04509914892547,0.223959121985513,0.546822732746645
"Line_729",5113.74217401851,466.844753877183,71.5764577839379,1.38900538870368,-0.94136822057908,0.434752989189944
"Line_739",4258.08101660661,547.609307463921,73.151488946713,2.05321966862252,0.440930476654476,0.546994209276635
"Line_772",4805.602167586,527.968098788708,69.6018816801241,1.94938130243337,-1.08135106928031,0.492190143553717
"Line_787",5103.12056719814,534.128277561137,72.9406656666495,1.9797612604115,-0.967480065169058,0.508233366067729
"Line_79",4651.45740223785,538.733128600692,68.2962914295601,2.00582460528242,-1.01029017484566,0.522818443363566
"Line_795",4445.42825596206,569.242911828197,72.0878395045447,2.18297333360936,0.65699090898979,0.634548942739357
"Line_816",3910.17098558988,555.167738655779,71.7137318925348,2.09932938116673,-0.182269656667941,0.579883542082482
"Line_835",3845.07783192224,539.0228265347,67.9939920135214,2.00807184368815,-0.680802710550516,0.525709385177683
"Line_855",4811.19866310031,418.264370563404,72.1194784728613,1.5555037603302,-0.422237979305785,0.41612483770717
"Line_924",4679.19613226787,542.220236644627,72.2459984368186,2.03006216468347,-0.705259470803615,0.543364014697655
"Line_95",4268.99552910007,552.248903887893,71.6149614640889,2.08265321939746,0.906123081986075,0.570212758614757
"Line_979",5461.08422399618,533.314795783641,71.4414314186145,1.97917340000749,0.253619774041278,0.508934210645442
"Line_2844",NA,NA,NA,NA,-0.979587712902618,0.516995242410896
"Line_1042",5433.43816170118,452.817064480905,71.8980431006022,2.96674423198391,-0.922754217514756,0.548615802604805
"Line_1069",4374.42985430333,451.142322037886,72.1004705772809,2.96088440686695,-0.521860773222599,0.545561102015504
"Line_1081",5532.22395648511,350.798241888325,73.2972324331887,2.15650314868173,-0.642806883760139,0.394019780404113
"Line_1109",3970.41172042165,458.407460879553,69.8435941249424,2.98282974994107,1.67216068733951,0.559626355360865
"Line_1114",5544.85759717702,451.789770164266,72.7500240644368,2.96289695732603,-0.608198407656136,0.546836356777225
"Line_1160",5240.34611001131,453.404701040403,72.0909418736048,2.97023299527787,-0.722648910685927,0.549573934017987
"Line_1164",4988.60354746981,453.185654941309,75.8190540333669,2.96899809088923,-0.600117984659227,0.549161991268999
"Line_1212",4924.86402829914,452.495156610714,70.6737585794234,2.96434635096152,-0.714296826870645,0.548297431846413
"Line_1233",4793.1589480133,323.368820942859,70.5236623264259,1.1281626001339,-0.747090891451009,0.315724812560537
"Line_1247",4621.6121178104,456.720529874459,67.2972174313823,2.97941369123571,-0.570318689234642,0.555936587337063
"Line_1285",4072.3890671289,451.318297208191,72.5681695698463,2.96495668595343,1.83785286998176,0.545323059215816
"Line_13",5748.65311042251,351.445218679062,71.91002005243,2.15857764838629,-0.650795340442307,0.395420690930542
"Line_130",3801.14818798882,452.89829042103,72.3337835934817,2.96591224633157,1.62831735160763,0.549027636144563
"Line_1329",4883.79714665766,457.548442394123,74.7203796284548,2.97814039564247,0.376139483811909,0.558299724134316
"Line_1374",4724.58065307627,336.383365876663,74.2619368482378,1.38154255516903,-0.762401850646357,0.350136780321039
"Line_139",4976.21989192652,351.924954465291,72.4212326690613,2.16088294579131,-0.692722836858463,0.396248670324747
"Line_1405",3542.23504520822,451.764025629135,74.1307125365978,2.96633727714749,1.68544658748645,0.546155383651079
"Line_1424",5546.59128402396,455.733148455229,74.1588880192664,2.97538368252679,0.420079182062258,0.554334790473519
"Line_1444",3894.83332938433,449.303032067822,67.1998818180497,2.95544668481849,1.57059546916921,0.542055028877479
"Line_1450",4364.31192770535,354.292159046274,69.0725460532143,2.16790557329214,0.814195368392013,0.401280822186005
"Line_1456",3914.83103894878,452.356087116184,70.2343201416313,2.96486889346588,1.48057406184102,0.547844421044911
"Line_1462",4709.05464954954,452.62834678852,72.4802342619694,2.96518170975386,-0.766631206073995,0.548538252138735
"Line_147",5047.53680593151,408.426825309571,72.1256550951466,1.43825901748078,-0.76894242330979,0.435170792794855
"Line_1479",3987.48917010393,456.32775232655,74.7165291145651,2.97790301402479,2.21086990880356,0.555349706673031
"Line_1486",4472.43151126293,351.314140734554,71.5510246021365,2.15833203979035,1.22687931172911,0.395120613605242
"Line_1489",4361.29986575815,455.699557481505,73.1630358483598,2.97598054534901,0.863227529505471,0.55407314507637
"Line_1511",5443.20698699752,450.681957219158,70.4021432130492,2.95810426999151,-0.668633691374071,0.544913321069995
"Line_1519",4165.78651366162,450.932984144038,68.2666031937782,2.96196115259641,1.62249328454147,0.544901175012871
"Line_1523",5120.22976296849,450.644863893666,73.5502747526222,2.95845974857161,0.445312755571816,0.544732202148923
"Line_153",5655.53053824558,448.469093401438,70.2859940884109,2.95279085299854,-0.848360953894841,0.540388927645967
"Line_1574",5540.47122641885,412.423703832419,69.8197464500082,1.6599980569775,-0.24449428955766,0.446514898089926
"Line_1584",5508.51622182508,350.605886831886,72.1250950859455,2.1548969406412,0.172505902422923,0.393811426218866
"Line_1596",5583.58623023159,456.860091301441,69.543279836924,2.97830691226475,-0.685418366474593,0.556524018523722
"Line_1603",4526.86253986602,350.90348122036,71.2153853178045,2.15597487639847,1.19299010201515,0.394388296247978
"Line_1643",4957.38019173172,352.583313157345,76.1026038479388,2.16228520084937,0.59712396233391,0.397721127504734
"Line_1706",4230.16179946754,353.32440269663,71.9355685015384,2.16388658350079,1.78461897025984,0.39942787720162
"Line_1721",4653.71767742204,451.251970268705,68.3940587264221,2.95926116443496,-0.484532995189873,0.546186634985047
"Line_1753",5075.18092841171,351.054866402049,72.9467084964102,2.15689115700441,-0.127496837570855,0.394652369256078
"Line_1757",5675.69542752296,452.031143013877,69.5254016645218,2.96679567847189,-0.679060438331248,0.546755314063731
"Line_1763",5138.73853681091,453.684229965764,69.8001607917587,2.96693059947781,-0.585355739336986,0.550759214503368
"Line_182",4937.61593588819,452.22512593234,71.2917879745643,2.96502376829823,0.112133027515224,0.547471443221992
"Line_1833",5941.4216296629,458.594476912113,73.7294532352403,2.98256007287351,0.0519604954066171,0.560095673860469
"Line_1840",4770.60559069679,447.865407444555,72.3790067503058,2.95072684303445,-0.0388896307311172,0.539281113927517
"Line_1857",4629.28716909683,454.750763883282,71.5812333457902,2.97315700949411,1.20317840360378,0.552212282039714
"Line_1890",5251.47795744381,452.008185119945,68.1909997095424,2.96510694539288,-0.614178600375876,0.546980896764929
"Line_1895",5082.84409364811,452.085110532788,72.6061025702901,2.96338110477345,-0.602633159434355,0.547468805104926
"Line_1903",3856.89773519898,454.669098461235,70.769258162606,2.97470668745208,2.23949051725291,0.551788471651585
"Line_1996",5827.81611220984,453.111366839895,74.2205401703494,2.96705188180817,-0.597793878523998,0.549287829023785
"Line_2007",4900.56943605457,450.361905729249,76.5589598901522,2.95828570323639,0.766074983865589,0.544099760906652
"Line_2080",4914.70338743405,450.096490119099,70.68672451367,2.95909276776836,1.0689034173358,0.543370798942278
"Line_2151",2613.06051899459,452.10651236826,67.9295290074409,2.96581085849653,1.60704137728831,0.547122844254095
"Line_2181",5284.69059383094,451.736965008716,71.2602793436497,2.96326738415985,1.56103258187458,0.54658083760143
"Line_2184",3455.75009853161,350.995686946952,68.4849512514531,2.15683854494043,-0.71593834987895,0.394537545370629
"Line_2206",5856.36712994558,410.871421743114,70.5832572475477,1.48283315251541,-0.705201687496222,0.439635450252306
"Line_2258",5530.35461208055,350.40704967007,71.92951920137,2.15405528662495,-0.299935732286385,0.393461549352401
"Line_2268",5615.08482342406,409.659852305543,71.5683312468703,1.44813673975807,0.208614184656437,0.436400472003234
"Line_2270",4147.09563243234,453.899370721101,71.6242311884854,2.96934292061499,0.510750863524761,0.550826662490089
"Line_2271",3536.39624704898,452.400113176966,72.6655722324027,2.96475555964975,0.785100864112329,0.54791948915116
"Line_2276",4388.89470857547,452.583747039729,76.4186239865943,2.96737712350022,1.13720550957594,0.548057199654085
"Line_2336",3902.53377572971,349.951206240677,73.1501880039884,2.15385234747682,0.787732472206449,0.392261907816746
"Line_2350",4603.75698914675,457.329395373917,69.956054604703,2.98182819961247,-0.724488220041871,0.557051101442796
"Line_237",4170.46560295259,456.873470224717,72.7343979852626,2.97983764009612,1.34860227285338,0.556329006664366
"Line_2384",4871.42364375965,454.471645029881,69.9538228957454,2.9747286579944,0.80711624192903,0.551352073896608
"Line_2406",4717.51307048938,449.738880677768,68.7804042170619,2.95970476791162,0.762291605866359,0.542432861829671
"Line_242",4378.35734495707,454.062518857676,68.2349072904023,2.96910461405562,-0.505964451533678,0.551304506117035
"Line_2455",4908.21472971729,450.824691952554,73.5404612462939,2.96167600261834,1.18029675226357,0.544646722686224
"Line_2461",5023.29550996672,451.908206217612,70.8789235984,2.96487100238936,0.956303286100737,0.546700040677418
"Line_2534",4895.74235712677,457.017711907002,74.3232289613844,2.97936465876318,0.848069843070096,0.556793991540044
"Line_2540",5819.8618199594,449.774985052628,72.2158884155245,2.95723424670982,-0.647998247927963,0.54280637867941
"Line_2546",4713.5941682593,350.938266212813,72.9706580204604,2.15640998644229,0.641017581448687,0.394448048872302
"Line_2560",3464.47529426896,350.099912040897,65.9025884664838,2.15490545039001,2.23826527404372,0.392456874548101
"Line_2590",4892.74502959071,348.920299810129,71.138171721357,2.14852214209319,-0.293322327673992,0.390492389585249
"Line_2600",4595.41242863618,409.914908208699,71.7973579083511,1.54815763830887,0.270376758964866,0.439412250043724
"Line_2613",3953.61465401364,398.407111547873,68.9628475248794,1.7851095802966,-0.514962595129224,0.435803426891822
"Line_262",4830.07139511871,350.492777245951,72.1480027289833,2.15439533867313,-0.627896983779549,0.393585958188697
"Line_2623",4583.75968139918,453.325768269365,70.6289328521296,2.96930739640367,-0.0363297949741183,0.549454422554964
"Line_2635",4754.38473637405,451.908590801461,72.2662723592176,2.96557597941158,-0.820698847794057,0.546549600586021
"Line_265",4954.42990833924,452.962166602435,72.7537280243018,2.96830847863429,0.527596083693157,0.548769649355831
"Line_2660",5150.63337115427,452.034986873148,74.0542608381363,2.96460975420391,0.0433098993250547,0.54706815173339
"Line_2661",4559.36755870227,450.575790352159,70.5111299847545,2.96126146774034,1.50793735412319,0.544092275279472
"Line_2664",5142.30218334227,386.686466277469,72.5049216097045,1.40023379736096,-0.239816286903688,0.392174724394245
"Line_2678",5432.92708634912,448.091627959917,72.0579774746283,2.952512214639,-0.70053305724167,0.539568960382749
"Line_2694",5064.83879550902,453.529129867172,75.6625357650699,2.96926713088548,0.196885946093095,0.549941128195232
"Line_2804",4261.26459119161,452.149234904915,67.320309923049,2.96475434511808,-0.624809590799697,0.547341718103884
"Line_2887",4590.70164444575,454.804120682606,65.32536158576,2.97490278320817,0.537222432895409,0.552081219020055
"Line_2893",5021.69663346163,451.637046467622,72.0856770670737,2.96501437782673,0.816860777222969,0.546095767668472
"Line_2894",3622.90735790703,449.286517775755,70.461703614619,2.95378820861507,1.65128062960317,0.542221039695038
"Line_2919",4829.13421607469,330.291204834814,74.4395351251272,1.53964542776585,-0.353160794099213,0.347900757941246
"Line_2925",4941.98787958781,450.960827677112,70.3339585482979,2.96281488388278,1.71646997736772,0.544833080095559
"Line_2928",5366.10560514605,452.57261076292,72.2946513427813,2.96722699742857,0.515585472559358,0.547997455602519
"Line_2953",4081.2201497218,454.547519023948,65.291257795413,2.97366687078169,1.54856664038217,0.551731627847937
"Line_2995",4932.12440322788,454.507153266666,70.9779808024542,2.97453420564591,0.726297761527352,0.551431069103942
"Line_3024",5413.00473038703,408.676083056415,73.9647120865407,1.52984849632402,-0.709105433847871,0.436693823881383
"Line_3072",4564.94384053386,455.533051375309,68.4106210148851,2.97370932620591,-0.754705002036718,0.554062257970629
"Line_3104",4503.0218530755,451.388377220321,76.0656950795461,2.96294400358468,1.49163978401491,0.545809582901997
"Line_3126",4979.20406324562,460.388782628438,70.8974334105617,2.98775334398767,-0.59150880438471,0.563600519830308
"Line_3130",4916.01324669154,449.545112587064,72.2044527046819,2.95469735801715,0.7963561451323,0.542787625659571
"Line_3138",4755.36455447055,456.310492119258,74.3715920775942,2.97738679868741,1.14187284518015,0.555387793474025
"Line_3155",5248.32809656862,410.037914581081,72.0199971930174,1.42165505519774,-0.252312087219274,0.436319135965926
"Line_3300",5524.64948839402,454.192704119678,74.5897967931019,2.9695010564541,-0.573317633792671,0.551526121869667
"Line_3360",4993.90136010199,382.244354290584,68.8853520033967,1.25456867945722,0.585376650548997,0.381612593376583
"Line_3395",5382.13913315524,320.507721924961,69.1247017966807,0.792837870656564,-0.860517684228654,0.215077465932528
"Line_3424",3556.21965325536,349.245876159551,69.69186083182,2.15053058228332,1.20074167157519,0.390966848356044
"Line_344",5036.10120424658,455.434483963295,70.3732315092046,2.97569069526291,0.731703915663688,0.553517407193308
"Line_3461",5475.07881215071,318.150722136292,71.7335314446536,0.799167613485668,-0.843078638593739,0.214094838083123
"Line_3475",4576.98270441123,449.695425603402,69.6795134610528,2.95518187545849,0.662176042763982,0.543019696432518
"Line_3481",5407.61342056607,454.22594738816,74.2613572780383,2.97385474415885,-0.0159838399470191,0.550854682089376
"Line_3484",4801.37764028128,450.979213389623,74.6893157833492,2.95988636963873,-0.600421990941856,0.54529731644783
"Line_3500",4779.15295389078,456.954442462123,75.3399027831013,2.98073062091599,0.18817601088557,0.556341416352065
"Line_353",5262.4095854543,351.510878575728,74.1388209474969,2.15752120461544,-0.708064016547844,0.395742305913138
"Line_3577",5085.90002198351,451.85110996057,69.9267992052724,2.96733095276116,0.407560760759189,0.546268580909509
"Line_3620",5212.90504305514,451.020479268742,68.4383724122479,2.9650695004993,-0.733447199192922,0.54453250743326
"Line_3625",4439.5576794482,350.252176612398,67.4697385638894,2.15482913799141,-0.253260692730491,0.392878945186017
"Line_3630",4753.77258955835,350.955569708339,73.2702279988864,2.15661028597939,1.05835500863386,0.394429875156332
"Line_3632",4457.82874558132,449.625760439761,68.0641089848291,2.95629257366004,-0.706481045822431,0.542613405568247
"Line_3645",4429.73963637624,452.137978812619,69.0191117776308,2.9629914013035,0.4994007064348,0.547616981592828
"Line_3665",4837.61478507165,449.50717163179,71.7986938979394,2.95736691535089,-0.643204834577639,0.542159197045222
"Line_3673",5210.48096397849,453.259954085897,70.0845549132287,2.97203966346109,0.685676574159864,0.548739052452161
"Line_3680",4314.99576249432,453.874350700555,71.2398788610053,2.96873145502176,0.960128173201475,0.550854150973097
"Line_3748",5158.22885073446,335.647881722122,70.9742309208424,1.31896116923764,-0.758622278756392,0.3470740163778
"Line_3759",4730.61575254442,452.761556711421,73.8445416768307,2.96654998658897,-0.682630480244974,0.548570568189658
"Line_3768",5897.54043743795,453.659976810043,70.8769795955863,2.96719389542555,-0.771457849169396,0.550620936768485
"Line_3833",4370.7424189893,448.125511477399,67.7579568768906,2.95140819305828,-0.674845107469263,0.539778643304075
"Line_3840",5095.04359654685,415.113376059909,69.4844246799295,1.49849926149213,-0.62505871975522,0.445603774286188
"Line_3886",5135.86542036118,451.857860383985,70.0823853906887,2.96504728704853,-0.792117990182189,0.546565115879086
"Line_3914",4551.88436595395,447.468239142838,75.697139505511,2.9534351005347,0.166666142918996,0.537974815860796
"Line_3936",4783.50466095361,449.110195634779,72.1717022535052,2.95627115685086,1.24175354102651,0.54143082573161
"Line_3950",4543.47312018953,453.506865624173,72.9297478602303,2.97173615573657,0.456879269124382,0.549545940362293
"Line_3951",5309.03685022027,450.963566578905,74.4864916339603,2.96123302899763,-0.701678100604106,0.545075583899009
"Line_3955",4495.37425709665,453.220211984994,71.8762945622653,2.9692710781586,0.444150493056398,0.549228454497418
"Line_3981",5868.93928383074,353.298654529654,74.3511294581546,2.16416300415515,-0.62743921354175,0.399326435311601
"Line_3983",5690.2179299818,450.576035830859,74.3855550070679,2.95655889512814,0.3047263137383,0.544904072726906
"Line_4041",6106.49280513116,456.098490338083,74.077393266882,2.97674159766076,-0.767224677566001,0.554924814994088
"Line_4048",4623.1610380281,452.197744200176,71.8880403730608,2.96148627340894,-0.757406855861423,0.548062615851877
"Line_4125",4780.0360501756,454.096917416814,73.1458156468487,2.97209249733519,-0.649126210432133,0.550866619574459
"Line_4127",4341.75878100776,397.734443540829,72.3031993697523,1.75755781454436,-0.614099339877405,0.436438988613198
"Line_4136",3858.95382738428,454.710974928726,63.3396951711863,2.97023260160496,0.454552517293816,0.552700092694527
"Line_4240",5656.24313703862,351.045958861481,70.1307321822668,2.15670964853707,-0.626973118644018,0.394649396825017
"Line_4283",4678.03965955981,449.264598489214,69.2798737424035,2.95526572887003,-0.628721581963567,0.541945105249142
"Line_4331",4275.79710014574,453.462486976664,70.2385706187433,2.96923464288037,2.18782429020276,0.549756931432152
"Line_4351",4599.89240427974,411.383014106536,67.8963612079518,1.55292310021127,-0.324034466444048,0.442101713301927
"Line_4367",4478.76268021928,397.028602208179,69.075312293955,1.7574659124409,0.163506693791624,0.435010621363006
"Line_4380",4649.09556216252,457.480252744065,72.1114439312575,2.98180144606549,-0.670878385476108,0.557449930426112
"Line_440",5785.52110879321,458.467066449487,73.1585681493326,2.98243859908055,-0.600629523708046,0.559817232233353
"Line_443",5609.62886846822,384.517644051083,70.697879125247,1.29580756230057,-0.786092065415935,0.385494129204182
"Line_4460",4800.73423447479,451.733325116195,69.1871748842924,2.96539629209792,0.0947664217823327,0.546237648783882
"Line_4487",4535.12643750501,453.69940244142,70.9462173399645,2.97053140123611,0.852842365585506,0.550099078464764
"Line_451",4168.40789741211,450.141492100165,70.3483241715766,2.96220129618531,0.350190172715646,0.54302297606941
"Line_4511",5063.62090605318,448.634762378628,68.8310502739416,2.9554227173179,-0.645352552747317,0.540379110566796
"Line_4542",4163.46282199739,449.881255365695,61.4516589182375,2.95728498751096,-0.6394717057019,0.543089980364542
"Line_4545",4670.38395164576,453.215218623623,67.2070444396488,2.96679437777115,-0.770017724090772,0.549604416897694
"Line_4593",4549.12364064901,353.184944180306,72.9099007226867,2.16359444740267,0.0674630209788514,0.399159418271749
"Line_4626",4729.42060077205,409.854883742102,72.2541647399027,1.53026504368523,-0.789532356430632,0.439753308601001
"Line_4670",5064.23462636251,410.708219005762,74.6608470635564,1.44542640577879,-0.209109583987296,0.437869843401681
"Line_4704",4565.84830602164,394.942006089277,71.9087939530659,1.72258945386255,1.00564887258843,0.432829381996029
"Line_4792",4109.0843936036,455.349274638418,70.9694274088976,2.97558814583423,1.08857562685938,0.55328825919399
"Line_4795",4316.78234965788,449.471344720949,71.3008041695176,2.95670818798407,0.209081687718873,0.542144226688865
"Line_4823",4511.8618191312,452.938222896716,70.6399689225741,2.9686585367881,0.869859823775905,0.548584376654691
"Line_4831",5076.68890640088,450.979603494489,72.7598525797118,2.9625144340651,0.03185165880879,0.544880224019099
"Line_4872",4811.9803664661,452.699881106566,73.4528121691293,2.9657458883545,1.11668456377165,0.548551545702873
"Line_4887",4162.04965528302,452.223665238631,70.5324626333341,2.96370517137886,1.35137555439872,0.547772443877535
"Line_4895",4719.42081216854,451.933911617965,72.3925104187933,2.96441999624947,0.452071840627768,0.546893252486666
"Line_492",5295.94615618621,318.671032091163,72.4067729895695,0.796798251969742,-0.544124589659659,0.213872901333509
"Line_4961",3823.33496766439,455.58616323692,70.2282228357196,2.97443172857407,2.31551165037267,0.55404945317183
"Line_4964",5137.57603463641,454.690648660658,71.7550419254635,2.97453791496621,1.32184819660658,0.551892976874823
"Line_4969",5047.46129848901,453.094060014141,70.0263589376403,2.96682336197229,-0.65393965955676,0.549358878229344
"Line_4990",3885.44847170563,453.395454295006,72.7853760414442,2.96755018428804,1.56876186754533,0.549928960246622
"Line_5017",5125.18968099659,451.946486246046,71.5852763663828,2.96334432249731,0.45941484383841,0.547099239193946
"Line_5055",4728.98754488417,451.955290027238,70.4944110856945,2.96680338522742,0.420314242243989,0.546570019803837
"Line_513",4445.87688029139,448.774657710798,66.7491137838411,2.95717664406193,-0.585177307531325,0.540422926610702
"Line_5172",4968.47788812375,456.829229115118,71.5761733192886,2.97945327667191,-0.637037306867536,0.556247857891181
"Line_5183",4210.36471095145,449.381513975454,70.6347528971274,2.95585207342086,0.21442049766209,0.542102898960469
"Line_5226",4197.72245077648,351.793104922225,73.8504044896257,2.15804450100538,0.578359768973929,0.396404161960146
"Line_5249",3909.90161909889,448.679266639375,68.9937785054933,2.95251518891756,2.3926352940354,0.541016577852043
"Line_5285",4964.11817311802,352.383629601172,71.0563758019705,2.15994628281684,0.125947767459665,0.397669250432072
"Line_5292",4272.09498850967,349.817481195422,70.8349613066205,2.15172083950632,0.831318452445254,0.392300519512878
"Line_5303",4940.40673953069,410.001079970518,70.8462598764912,1.49829832745055,-0.664997459352162,0.438604042248593
"Line_5311",4643.93908276572,453.913038040566,71.1030178712764,2.97075226188067,-0.712276034977491,0.550668803744104
"Line_5318",5487.58201661136,449.325245411968,69.177876757793,2.95572444964128,-0.665542035471548,0.542020676750837
"Line_5335",5078.53329053386,352.20738960445,71.8187266992721,2.15986471174728,1.08415364087756,0.397175842432341
"Line_5408",3646.13326102103,449.076017580679,65.23780768523,2.95382300202491,1.33781492180453,0.541765946594592
"Line_5420",5088.9575557593,453.923068842208,70.0693988993128,2.96947849565288,0.933776380345716,0.550875589676244
"Line_5450",4646.74189753578,448.86101592414,70.7931050011121,2.95420875426923,0.742770426502774,0.541124590500115
"Line_5477",5548.42443109513,332.272335955302,73.0620745291262,0.867056521959303,-0.695106503406326,0.254038984780278
"Line_5529",3896.13741340121,449.968879273837,70.8947218864297,2.95934188684769,1.37339269609616,0.542917163399026
"Line_5550",5616.24554212334,452.647155977231,74.1264600353561,2.96653806651334,0.550160438763674,0.548197772570392
"Line_5562",4479.81305822492,449.518266693489,71.468561307466,2.95733396992678,-0.713233747985076,0.542196139010177
"Line_5572",4539.08585026345,451.705785808714,70.9737243897161,2.96344278404473,0.109304824301969,0.546535276184108
"Line_5610",5015.46746478916,450.035546701728,67.9621172721142,2.95931493621326,-0.749085011975602,0.543121064666945
"Line_5625",4204.82231751661,450.858619187996,69.3601786335941,2.9616934530972,2.23726997655901,0.544770585900353
"Line_5676",4661.33111692445,450.383203907401,70.1512053260292,2.95905511405369,0.839322225598026,0.544049595568905
"Line_5727",4490.68959372655,458.134664433714,67.5765747020642,2.97910960409632,0.914861264556063,0.559622275566759
"Line_5729",4822.57805904101,449.665447291665,67.2782945828806,2.95603562459173,0.485525176035118,0.542775203328414
"Line_5745",5018.18947095613,450.919338447602,72.0456922707059,2.9621359108422,0.723659507872798,0.544861974673158
"Line_5782",4664.43479543641,352.057616746178,73.3720851730545,2.15929695888326,1.44704642933773,0.396907498994019
"Line_5886",5483.94125697894,409.576163677978,71.7611440031909,1.53643014336401,-0.720110167504154,0.439009336118527
"Line_5913",4224.88667482041,452.197490014369,69.006567805766,2.96730875985509,-0.694540557429648,0.547035834620859
"Line_592",5105.41211884419,409.318617995644,71.979702325566,1.59260355959124,-0.643379811135667,0.439126010930812
"Line_5984",4622.36161415502,456.128571691106,73.8532580985108,2.97335575362397,1.1720012657469,0.555650925044127
"Line_60",5793.00964823659,411.610537145311,69.1115466742389,1.42200844253239,-0.520511254224066,0.438909543428313
"Line_6012",4946.88137836129,454.772745490622,71.2772696295958,2.97137260626575,0.796321540742053,0.552601207618747
"Line_611",4241.36671531257,450.111602846685,63.8614945642605,2.95930011415759,0.781579827476838,0.543356391783807
"Line_6112",4116.61428245852,459.342718655411,71.8544407645232,2.9859441095144,1.22405880578529,0.561256072078866
"Line_6135",4832.4284066184,415.18675635354,69.7734237205986,1.63480445298859,0.59990196340816,0.450026101903205
"Line_6143",4898.68223981892,453.626980714577,70.6186154067922,2.96851236337917,-0.623543447805861,0.550260164311309
"Line_6152",4918.71045979136,450.398461314875,70.3977206685074,2.95837866768932,-0.7129835599124,0.544167158829369
"Line_6198",4556.88192585734,383.212521394663,71.2882157759092,1.30769466125021,0.0263517367479553,0.383910811031293
"Line_6200",5260.4495900807,453.045943176559,73.395834881898,2.96749363877284,0.88403127524321,0.549101579415469
"Line_6234",5031.82270846738,352.098273416284,73.5818821647147,2.16066684747357,-0.663706765943885,0.396770957107049
"Line_6271",4926.47994660745,452.889583717874,73.3587298964931,2.96677792246845,-0.753263035897646,0.548849230312017
"Line_6275",5394.54358958532,407.458123497684,72.1182580908091,1.45934420425325,-0.0434832165356375,0.433940137555493
"Line_6302",4996.1334777071,315.526795329812,70.4820836260328,0.809030685699075,-0.774299027908595,0.214141060897499
"Line_6308",4499.74624920515,453.515805940456,64.5721261680951,2.96826747574006,0.939634360584711,0.550046654535728
"Line_6362",5207.91061207198,448.782166958386,72.3474822132449,2.95342090918405,0.11686128118749,0.5410722212531
"Line_653",5112.06921695758,351.709758976197,72.8533586218086,2.15889179562272,0.811938265747018,0.396037649184933
"Line_654",4519.95516882305,350.736187823379,71.2943283670164,2.15536373875274,-0.666884103584586,0.39410484918546
"Line_68",4832.46583220896,449.088219598487,71.3226717451352,2.95365666405051,0.261048171514807,0.541761923431932
"Line_688",5294.70857393212,449.823191145935,72.1238408745107,2.95732620447054,-0.414498986509877,0.542959810596663
"Line_694",4438.22132949191,451.178888161475,69.0880874525507,2.96419932834889,0.475338727556656,0.545082096120634
"Line_699",4790.22186257524,450.207464393364,73.5669971506914,2.95578245533465,0.468125084269631,0.544132369727631
"Line_7",3905.10151812461,350.207287487301,72.2734640541953,2.15462953282029,1.73736117262982,0.392822720291524
"Line_701",4976.27003608866,451.934503544399,71.1386732767511,2.96454098216598,0.404754530385304,0.546943817114683
"Line_720",4464.34597712684,449.673584191717,69.7499306640919,2.95686744356434,0.838565755148918,0.542659568423867
"Line_725",4413.41246203044,449.539959181893,70.7943073553986,2.95808511520518,0.757991234721559,0.542168343087955
"Line_738",4552.15858521851,451.449564152289,72.5233353537633,2.96255295563263,0.743978417765376,0.545979185642651
"Line_763",5402.26149057702,451.562371081495,71.6339229995379,2.96524893228991,0.20370642910298,0.545798791713491
"Line_786",4680.88237874907,353.730437486095,68.9744206248542,2.16487391405553,0.0856702490565382,0.400372401794611
"Line_788",4510.15374684105,453.141669877159,68.1569910143808,2.96639639212811,0.0300850369600754,0.549559133592137
"Line_803",5516.49872046517,449.406305849392,69.6197122261732,2.95586197703482,-0.7950215018358,0.542194575180472
"Line_885",3853.73372929769,351.208302308624,69.813694321261,2.15738694662181,0.992426811593094,0.394941197632458
"Line_925",5068.74663450895,449.866735339934,68.0925218502701,2.95707029648438,-0.695696252856946,0.54311418581426
"Line_962",5169.88462306555,409.043200311843,71.4526690078171,1.42058330336934,-0.80264914238207,0.434190409256041
"Line_965",5424.3336291582,451.053853748674,71.0835241095845,2.95947693045194,-0.675267856599361,0.545572578996351
"Line_1049",4844.50939498939,564.251063788539,65.9431392228939,2.01149991773741,0.532038902752669,0.476384278619688
"Line_1051",4869.63855953177,922.232745398738,NA,NA,-0.815713506205132,0.632912332531446
"Line_1161",4460.62029313476,572.839501883984,68.2481602689265,2.1447597569092,0.518573265683359,0.477206417557446
"Line_1232",3829.61894660237,922.76368589264,NA,NA,-0.819986368958772,0.635925676910455
"Line_1249",5240.86254217984,922.526855687406,NA,NA,-0.000949222766057689,0.455415611181933
"Line_1287",4641.95600198897,674.136345997859,NA,NA,-0.420657572155349,0.455152158648102
"Line_1297",3852.46471093,440.197925615934,72.5614647838659,2.02152657438395,-0.0105059293402627,0.343680834593774
"Line_1358",3340.64943951186,922.162693437139,NA,NA,1.87243684049266,0.632655074424638
"Line_1362",4424.94957719131,214.983096551148,70.090809908157,0.672690249958258,-0.444213960149028,0.089496880354947
"Line_1546",4381.1509244255,410.905485963782,68.6096844577225,1.45844658938086,-0.0114360212468674,0.171573458168485
"Line_1677",4726.79390467449,922.234631783749,NA,NA,-0.8491242045786,0.632969253909656
"Line_1801",4483.93888664898,922.351055673783,NA,NA,0.628707218758646,0.633491334322414
"Line_1816",3572.18193492227,674.159034341368,NA,NA,1.52376770007959,0.455042693746603
"Line_1836",3520.14150933524,674.185923348074,NA,NA,1.50671891554198,0.455281012072018
"Line_1847",4033.43996885635,246.962469275328,66.7131044765839,0.797711918597897,-0.418087017579392,0.125811383165678
"Line_2060",4195.80295049502,674.124477095099,NA,NA,-0.409982251239968,0.454635560394316
"Line_2068",5026.85247649534,674.256516902358,NA,NA,1.1851401947362,0.455599118940512
"Line_2166",4187.5201334203,922.594271789171,NA,NA,0.0485181135378692,0.635001625817178
"Line_2365",3839.28570290183,922.437281097841,NA,NA,-0.0302930341328954,0.634199648115479
"Line_2392",5659.92271398854,922.280405345647,NA,NA,1.2318318922424,0.633347262412966
"Line_2554",3169.47599226009,674.466835844125,NA,NA,1.21353558265663,0.456895645398185
"Line_2568",4359.61603085661,383.09701378876,68.1832145853413,1.19064768976012,0.934138323600333,0.285153873665829
"Line_2587",5357.81232429599,674.127780546757,NA,NA,2.23888316402009,0.454699831969586
"Line_2629",3697.26421668226,922.481248204683,NA,NA,0.538165796450046,0.634348453742709
"Line_267",4101.43792334717,568.442090169016,70.1025222929955,2.06944855550946,-0.725375445292111,0.476793051001481
"Line_2684",3420.11949612855,674.089186878943,NA,NA,0.890820984736124,0.454594574483923
"Line_2807",5478.81729700453,499.458269687259,70.3132654970946,2.02270838380038,0.0540457910078873,0.386674344751986
"Line_284",4887.33157828822,674.171609731751,NA,NA,0.294140836165674,0.454952080633499
"Line_2861",3949.18517948991,674.086807022714,NA,NA,0.295556849555678,0.454544805160946
"Line_3003",5494.22891613909,674.326711742148,NA,NA,0.919445241493752,0.456032530822887
"Line_3032",3790.57328425863,922.651255250585,NA,NA,0.63386948517262,0.635450201964409
"Line_310",2986.82774838476,922.763218194145,NA,NA,-0.873372848662046,0.635906513736533
"Line_3109",3997.33405586876,922.478793527791,NA,NA,0.601716562557677,0.634391849270383
"Line_3153",5388.54206259738,922.638587027833,NA,NA,-0.0280471772627953,0.635138310481284
"Line_3178",3792.20233452161,674.20468682368,NA,NA,0.299949271847201,0.455339427781809
"Line_3204",4710.05333988388,922.530441601657,NA,NA,1.2224388549424,0.635226213157443
"Line_3205",3915.0442895462,674.226889083379,NA,NA,-0.858110342595095,0.4553908094128
"Line_331",4359.68659527195,673.988391287765,NA,NA,0.00414134892982587,0.453838180543591
"Line_3344",3827.14339416672,674.3145453069,NA,NA,1.50779515470067,0.455817186227887
"Line_3369",3478.12720074289,922.514837049473,NA,NA,-0.0810508594328136,0.634592310747778
"Line_3422",3217.66012106547,922.608698924201,NA,NA,1.82791799917294,0.635584794958804
"Line_3436",3706.32539243969,922.644430209435,NA,NA,1.16465261944284,0.63535229324258
"Line_357",4789.93610465377,922.23338066066,NA,NA,0.00592058745830193,0.632930114393633
"Line_3600",3511.43676133897,674.157373285077,NA,NA,-0.392767102381846,0.454989186239227
"Line_3688",4342.91621183739,379.81306328858,72.7705491923348,1.19636568188526,0.463013983336813,0.168112540576142
"Line_3753",4597.13801124983,566.025791549347,69.9221749659392,2.04280841036867,-0.243003664626626,0.476479626985093
"Line_391",3835.98629333321,674.163908291755,NA,NA,-0.385814811273163,0.455128500437323
"Line_4098",4433.08989333998,503.072336505397,70.7754044330351,2.09639862447808,1.36625488007474,0.385459456646257
"Line_4128",4358.85449481075,922.480538851629,NA,NA,1.15999323795275,0.634167368100432
"Line_4143",3994.90788699506,674.324348000418,NA,NA,1.20488310997401,0.455881793803172
"Line_4174",4278.45021206674,922.465219645407,NA,NA,0.593745688965208,0.63411422042355
"Line_4216",3886.61699042396,674.186471933362,NA,NA,2.21049138198457,0.455288778699325
"Line_4248",4910.64782989954,922.355796865599,NA,NA,-0.786255114983218,0.633727926393593
"Line_4276",3074.92043674934,674.235599782321,NA,NA,-0.826965937397747,0.455725194247303
"Line_4344",4376.54733766401,674.243307166997,NA,NA,0.287784324965082,0.455702106720308
"Line_4442",3405.46914058409,922.52403609621,NA,NA,0.607063004655965,0.634529342031502
"Line_4565",3844.25869768556,922.273027948228,NA,NA,-0.809671594904091,0.633071197920702
"Line_4680",5147.12804909551,499.172074182475,69.007241786871,2.02478317597637,0.065854121886896,0.385905364557937
"Line_4696",3807.66965942759,674.243305432668,NA,NA,-0.413291467338865,0.455553253277398
"Line_471",4847.24804807026,564.282850371427,70.5195761466377,2.01072927081189,-0.245123727411921,0.47595620337413
"Line_4785",5208.17801941003,922.652039628098,NA,NA,1.1916189193363,0.635484454407979
"Line_4820",3779.08802035774,922.437495137944,NA,NA,-0.00127651587235733,0.634209623848499
"Line_4907",3984.53953274765,922.522437069183,NA,NA,1.23063473464499,0.63466125982265
"Line_5077",4452.8362852709,674.405921523914,NA,NA,-0.00797275892612914,0.45663606771162
"Line_5179",3879.15672169297,922.522689602508,NA,NA,1.7997764594955,0.634657800046685
"Line_5194",4093.19458953661,500.096819613538,71.553337081488,2.0308851148049,-0.446529122064405,0.386407801040334
"Line_5253",4179.8849808676,922.608559594352,NA,NA,2.20408693321814,0.63558281784799
"Line_5264",4256.52896497356,674.064085349486,NA,NA,0.590425443535446,0.454446174452829
"Line_5387",4564.90173514691,922.596125744894,NA,NA,-0.772187028873158,0.6350159799988
"Line_5500",3694.16393354594,247.228504233558,66.5593942288507,0.853263393666702,-0.717922692327084,0.12629014784543
"Line_5507",4413.40073676547,922.848701431693,NA,NA,1.23540121342603,0.636410669899971
"Line_5553",6697.96767247121,922.739259641358,NA,NA,0.0305443307077884,0.636321532742462
"Line_5575",4795.82147787236,922.441592336433,NA,NA,-0.833528763194435,0.634183090019547
"Line_5600",5493.0562567319,922.824153216718,NA,NA,1.21944639108642,0.636485842103823
"Line_576",4890.58924056011,379.189049949145,73.2878722477045,1.1841461565542,-0.621828195850838,0.282953717794153
"Line_58",3469.12384109197,674.223554443016,NA,NA,0.575554194155581,0.455393199615112
"Line_5849",3896.00479825623,674.247985755895,NA,NA,1.69990690490758,0.455516160303574
"Line_5860",5426.80789441838,922.851657547462,NA,NA,1.18933173640858,0.636520985907472
"Line_5864",3957.57651363435,922.471686720649,NA,NA,1.1956812956337,0.634342738994525
"Line_5895",3012.20536111473,674.152630276661,NA,NA,1.21935833749992,0.454817386957354
"Line_5917",4592.04274060437,922.765916737069,NA,NA,-0.830823048301505,0.636011801150036
"Line_6058",3490.31203914789,922.864092762514,NA,NA,0.555638236390006,0.637037414703441
"Line_6071",3741.52941341063,674.199021330143,NA,NA,2.58854222586022,0.455133462735265
"Line_6103",4001.141309379,674.260427391146,NA,NA,1.18376025331535,0.455613128552027
"Line_6356",4225.23103524611,922.164487125276,NA,NA,1.20201633521053,0.632760697785517
"Line_6365",4422.26217274664,401.247939884456,67.8866032973398,1.98922610173259,-0.132643162626091,0.300001374384475
"Line_675",4168.44328223851,674.19041729909,NA,NA,0.903687097349646,0.455294566270503
"Line_677",4840.9706028614,922.475971015948,NA,NA,1.21608394731738,0.634293748324866
"Line_71",3533.40286387468,674.173093189524,NA,NA,-0.399414780368816,0.455188826523671
"Line_85",4363.62718852148,922.443940551016,NA,NA,1.19165850108101,0.634491789350126
"Line_850",4322.24867389332,922.161307345764,NA,NA,0.529812766432746,0.632602728701165
"Line_860",3626.91009529512,674.20347459645,NA,NA,1.1964139700061,0.455301586791609
"Line_1000",4601.92400961971,573.540652511089,70.6150662416214,2.03339612586658,-0.814942881218211,0.736907888938842
"Line_1003",4420.0679351022,566.706835451121,70.7701321526793,1.97978164812078,-0.922687190762915,0.732990235086309
"Line_1013",4745.36547079652,564.719296421941,67.8768664758219,1.96157465818387,-0.865060547659042,0.73238146257015
"Line_1019",4897.01004474827,567.522526625156,69.9758017449125,1.99200230543548,-0.975777259079479,0.732527138819385
"Line_1045",4597.78936647738,571.227960451235,69.4361585053921,2.03176107369969,0.246682071664937,0.734241565585048
"Line_1065",4000.40227511459,565.948366904125,66.7133021070607,1.98152783867884,0.239905465143608,0.731658503530174
"Line_1070",4479.89586880901,577.116248870298,70.8201019166887,2.07183562824077,0.228214859059277,0.738439814818037
"Line_1084",5424.84597519237,567.156439297752,70.8051564137006,1.98344651330728,-0.863825522997562,0.732774704266008
"Line_110",5316.43262233496,583.579881150367,71.8965614374647,2.14188964416998,0.27314634957313,0.741762585763294
"Line_1108",5537.93311564746,574.806662815863,73.048763337622,2.04868827424033,-0.942882367756084,0.737784914369599
"Line_1117",4811.44473292343,568.415366919027,74.198143937278,2.00587180549614,-0.862297039331883,0.732857899676064
"Line_1132",5752.62512423534,576.183454030784,71.5804191024902,2.06999473875557,1.11251130340469,0.737627675056323
"Line_1136",4383.98318162803,567.08167480581,69.194105475466,1.98688000167227,-1.01036428564396,0.732939325302341
"Line_1149",4527.92624953402,574.955130783279,73.0421303639045,2.04361952702659,0.992100963986489,0.737675864754415
"Line_1169",5722.86080334265,567.849544056479,70.5246679564458,1.99541491986309,0.360638429841587,0.733091877705453
"Line_1175",5648.0786009887,572.534032907724,71.3750902685357,2.02475365681381,-0.770680912503724,0.736528369575682
"Line_1189",5248.85920791651,569.404295501188,70.1409764611856,2.00736670166754,-0.982034422628418,0.733865042053199
"Line_1191",5362.48813615034,570.347870777308,72.9180191623783,2.01521074048209,-0.817964271720623,0.734867517258917
"Line_1201",4951.45785684824,571.380128634183,69.3950129023609,2.02119372875672,-0.902255616239929,0.735432739246489
"Line_1221",4983.13529661496,567.225197276732,72.2567988943777,1.98545407174164,0.344541359451036,0.733172461176267
"Line_1228",4604.5518304605,562.83832444542,72.4149118383328,1.95736425867244,1.56612198885116,0.729842067005112
"Line_1229",5635.39303843834,570.010622191526,71.8225468515252,2.00772648575848,-0.834264444997519,0.734918768306318
"Line_1231",4876.57086133295,566.533519219212,71.3161517856075,1.98735405593586,0.274536802531159,0.731939136967898
"Line_1234",5403.62953019418,570.569002449288,72.7960953586615,2.01259456114923,0.213485170286795,0.734963406691641
"Line_1235",5123.2364563611,568.435817554761,72.0559586354368,1.99856396646231,-0.889557454186187,0.733146516298608
"Line_1237",4180.07826473486,572.589971440747,72.9151615956062,2.03119563469213,1.57619812327579,0.736119021350189
"Line_1244",4676.73478246924,569.688572723894,68.6390928955726,2.00851935122533,1.67399688055981,0.734073159920147
"Line_1248",5282.54490830909,584.342116879986,71.351750079414,2.13796722525011,-0.820340732928466,0.742671595322526
"Line_1250",5300.00526756717,570.092110193763,71.556805625549,2.01703956654067,0.28521777512235,0.734224503075663
"Line_1252",5953.13712996145,571.577957470202,72.8797518407973,2.02039450304888,-0.707937727832293,0.735791990968295
"Line_1255",4692.29750809655,571.819186420081,73.6472353174084,2.01224175365287,-0.978234069070862,0.736566834055509
"Line_1263",4280.58894066996,568.397506701825,72.207495781954,1.99967843301244,-0.724024309886627,0.73332285925516
"Line_1265",5032.14542177949,566.502693697228,69.0934990107423,1.9795310333497,0.180899165985597,0.732528141547208
"Line_1266",4248.39863226865,571.702645057385,73.0922799735808,2.01472481253319,1.57638629417429,0.736295460015971
"Line_1274",4788.28991497474,382.758534039309,70.4456257346772,0.873075457211721,-0.872034681199764,0.245201693707194
"Line_1276",5415.51832400967,573.534379128844,68.0430705306205,2.03422901181556,-1.01014053432756,0.736999400472117
"Line_1278",4779.20954331589,566.951023289494,70.6584562485056,1.98518007844201,1.15695955144595,0.732485488480685
"Line_1296",4799.81554322486,569.788772834871,70.0437697024417,2.00806888940269,0.444596391959296,0.734300837961504
"Line_1311",4058.96848069581,571.117929989896,68.5287790115013,2.01903093056475,-0.952375429005877,0.735389001363922
"Line_1314",4642.85349159499,568.503030491443,69.7910993527675,1.99192820802807,0.985519412953851,0.73398332871689
"Line_1330",5304.95305277355,574.472046910232,70.2866708290428,2.04935026613975,-0.951647355161313,0.737252921718721
"Line_1332",4585.84884963059,566.439678753071,72.163355414305,1.98635708746625,1.0518894132243,0.7320735551305
"Line_134",4293.221247328,574.456242808602,69.6389968426251,2.05309308863052,1.61017980888039,0.736749403333529
"Line_1378",4537.76762417863,573.669085865525,71.1718418956102,2.04270127128427,-0.973193232836413,0.736366943080985
"Line_1386",4800.51345931496,573.591507124421,69.3546351531877,2.03548222557753,-0.966239064250569,0.736707808150279
"Line_1401",5186.15440560563,564.298955543012,70.3162458321619,1.96507475491974,-0.723551088941978,0.731086733886003
"Line_1411",5212.88298510283,566.917926113313,73.3230657729541,1.9852621684068,0.96702630552575,0.732772185971709
"Line_1436",4906.99554277261,395.134341850253,70.8100038242331,0.841709376687455,-0.450937257556444,0.307000822807735
"Line_1446",4936.64028564883,567.023403319477,70.1293427805127,1.98684662947901,-0.651350221332532,0.732799963280182
"Line_1452",4939.2861963744,572.216938607184,70.7324161698544,2.03102306708683,-0.967006453003426,0.735733854026654
"Line_1455",5279.75129996608,567.768766652085,72.8011194450025,1.98940797365702,-0.784350881733658,0.733457521276903
"Line_1499",5260.50578494361,570.560365000095,69.0125112730509,2.01866289367457,-0.926349365895209,0.734527741949171
"Line_1509",5379.084110023,574.285291369517,69.9959078860254,2.05449810341707,-0.881842517574178,0.73622984770252
"Line_1513",4222.65110808844,569.732690412972,73.0362173474996,2.01248183643619,1.63302415974576,0.733834803014477
"Line_1524",5714.11601064429,570.205601594755,71.843930772992,2.01473375543454,-0.709856541986998,0.73410894303805
"Line_1547",4442.29697617969,569.824980456624,68.979174355683,2.01118287572293,0.415229811585972,0.734317765129501
"Line_1550",4130.2872524612,572.79330876663,68.4197640190713,2.04029405535138,-0.807684468423318,0.73576277645794
"Line_1559",5008.89858653679,571.896427271514,74.2488104167251,2.03423591803204,-0.895964313419119,0.735115729947897
"Line_1597",4779.85173387327,562.501145551885,71.9147171243144,1.95449808725847,-0.804150584362235,0.72978934435504
"Line_1604",4253.48435486374,571.410802165814,71.6310157343978,2.01776811758258,0.351418635908266,0.735501836218579
"Line_1610",4906.88186832428,573.721696020678,72.4759966439709,2.04206709282452,0.252477979223014,0.736562794351414
"Line_1621",4587.72372393312,573.151049892087,66.9160365013113,2.04229675556373,-0.905666721647077,0.736098337267942
"Line_1635",4391.84475873459,566.670704962064,70.7578137965826,1.97871930975852,-0.731297017003454,0.733214498898649
"Line_1637",3799.12980581783,572.132695272152,67.0072999098517,2.02450001338678,-0.811210246624553,0.735802923492923
"Line_1651",5264.22083130147,568.119052940147,71.2386612265149,1.99602023750278,-0.887397229023894,0.733401647627878
"Line_1658",3936.13845280933,574.087808911593,68.3919208405794,2.04041085932662,-0.919188853620601,0.736879505226951
"Line_1663",4928.94608290249,573.464168799841,70.9204069868399,2.04362035491276,1.02420957736843,0.736231315595794
"Line_1664",5116.23192668088,568.942493053254,70.3158213901924,1.997028680712,0.17396156999707,0.734164800156942
"Line_1681",5077.86140611142,570.79674414833,69.9664176849391,2.01319742306232,-0.903201031339924,0.734967700609219
"Line_1685",5078.2792750555,574.541321859012,71.1847041779705,2.05693018650488,-0.832784321007021,0.736795679535139
"Line_1686",5141.10132743717,572.125001504018,71.5235743668979,2.02705358625076,-0.800530198278486,0.73628524912507
"Line_1698",5107.5089339332,568.286190516231,70.166264505821,1.99814545538962,1.51813593824894,0.733508205640572
"Line_1704",3894.84281489918,570.965862360396,73.135822367817,2.01970423381938,0.345476721383542,0.73502176124656
"Line_1705",4501.91195455281,567.853092190586,67.748256677736,1.9948939842525,-0.992514667463811,0.732870917769392
"Line_1741",4597.85780374329,570.781532280821,72.1075825423663,2.01240143911027,1.12439266007328,0.7353647440357
"Line_1771",4665.11091686584,569.623910682649,71.022726395027,2.00800156378419,0.232190073191586,0.734151876532422
"Line_1777",4412.77886425578,563.603999537098,70.8640840518884,1.96057437646914,-0.643466587070948,0.730592911963996
"Line_1785",5178.47966336653,564.913056577163,69.8256140597752,1.97424774706468,-0.715391790129464,0.731056359242102
"Line_179",4786.51692516609,577.431725335248,71.1981614918922,2.07293263969227,-0.886936778861536,0.739005267055545
"Line_1806",5364.89049414276,584.061347041755,72.7658435065376,2.13900555707737,-0.757131353846658,0.742372286732796
"Line_1808",5126.1832773539,573.07662838343,70.6939634715092,2.04399506426671,-0.725977070945956,0.735583165733743
"Line_1813",5415.90655000269,570.830168746454,71.7013930598746,2.00699615042724,-0.997241737148002,0.736028496834099
"Line_1826",5966.58920180985,568.120844798655,73.3027806563022,1.99295140179653,0.165826093710251,0.733812310376102
"Line_1828",4803.07834629681,579.139090596636,70.8233570693378,2.09539591743089,0.330906521646924,0.739637951834031
"Line_1837",5273.14164747415,566.134594219208,71.7026665915858,1.97360160251016,0.237135276085887,0.732660582744847
"Line_1854",4465.19557175461,575.426445606594,68.3146824402474,2.05223573468453,0.262266494799033,0.737839920109557
"Line_187",5338.78931981652,573.852261750515,70.7703434662625,2.03718301080217,-0.988055661463573,0.737321483621409
"Line_1879",4830.36559631831,584.845588554563,69.7581497513053,2.14890456967487,-0.933498503880148,0.742809446380218
"Line_1902",4956.87428079542,574.579239789417,72.4565371645938,2.06136820642197,-0.87996133501537,0.73642442817606
"Line_1910",5795.72557351382,570.329647470555,72.1653544405977,2.01240996684677,0.190310671363898,0.734755579485222
"Line_1921",5206.59641852651,568.15962071849,70.856074704912,1.99443274731972,-0.819198942400268,0.733549596290441
"Line_1942",4443.83622262628,561.88195879112,70.678908422358,1.94788402639116,-0.755319929603094,0.72941799440356
"Line_1946",3711.97818261573,572.171964303445,69.119805869133,2.02180235437256,-0.8960142428818,0.736119033153641
"Line_1950",5335.95556333356,569.039477847503,73.6213061581041,1.99833087089698,0.374310132487357,0.73426403953709
"Line_1951",5843.53678626497,566.786687562585,70.8860417235849,1.98976812055321,0.318597822921124,0.732083336229723
"Line_1985",5108.69133889754,563.326064196744,71.4813627000162,1.95737717828225,0.333983441960963,0.730345293594647
"Line_1988",5305.96607059766,567.884540992586,73.2105649284427,1.99193777645929,-0.930438426700336,0.733376275901261
"Line_2001",5187.60834031881,576.230366131296,70.2514767196643,2.06364977513675,-0.882249691172541,0.738173966735884
"Line_2004",4779.38220144373,566.84811101855,73.1872025606157,1.98558684480442,-0.946357447883029,0.73267484587924
"Line_2006",4798.43306391185,564.429941772229,71.688080718644,1.96487204103107,0.425227839058949,0.731317421681797
"Line_2008",5131.17236775316,572.847127183612,70.1827626395451,2.02738869421953,-0.854816773912317,0.736585410902119
"Line_202",4743.26035794373,567.725510189349,69.0022123496708,1.99366903045059,-0.85888872453222,0.733056274315691
"Line_2037",5499.68844333664,567.923266207734,70.9238920317987,1.99605008388595,-0.929803060748218,0.732785021986775
"Line_2054",5719.75774947071,571.507219582694,71.4815892026147,2.01995581388424,-0.865067096143993,0.735331429374091
"Line_2074",4823.74340775312,579.074469297773,71.3518691644233,2.09473382406044,0.259761249026334,0.739572991374217
"Line_2090",4548.13279908776,577.451224236815,71.711481571278,2.08020069868829,0.26111654759074,0.738411396454255
"Line_2092",5016.53737757213,571.084169766651,69.9691923626123,2.019060823236,-0.851588823193245,0.735268424753136
"Line_2095",5093.55046787927,571.878620822615,72.4063826407902,2.03346824328803,0.398488347410721,0.734811451580217
"Line_210",5555.33973895911,568.444271718252,72.0244979233197,1.99741667035805,0.21112255254516,0.733550051320189
"Line_2115",4921.63854115517,572.374090338118,70.4642198848328,2.02980620813998,0.196029843889481,0.736104310835378
"Line_2123",4850.8996807287,576.248181915043,70.6677280676202,2.06601264093231,-0.95417582083288,0.737883255417521
"Line_2131",4575.57407069551,567.077424324497,70.606590236015,1.98683173731728,0.985041786479308,0.732452217579516
"Line_2140",5035.10180727587,577.510457318971,71.8605621000519,2.08338753008513,-0.899975526730159,0.738253554695974
"Line_2141",5275.85546934863,586.219799259887,70.7453274358514,2.16044247018691,-0.93251495021425,0.743441239493245
"Line_2145",5483.48868047538,569.217991042106,70.0873227871899,2.0099992046964,-0.893951641465999,0.733601682713555
"Line_2162",5544.92401379143,566.344049135573,70.9024492094338,1.97914566115467,-0.79584267927593,0.732609293727569
"Line_2183",4852.06985774122,571.014990325065,70.6468366859198,2.01823497581663,0.200261341311723,0.734992855359549
"Line_2197",4788.65077408626,569.826636685154,70.0915726852971,2.00797543983869,-0.718217210226381,0.734624157611427
"Line_2205",4298.81436867084,579.452160048882,71.2314624567223,2.09602641446132,0.255404723627154,0.739891511893752
"Line_2211",4664.57093162496,575.202871650414,68.5515579423356,2.06206678651999,-0.885313006155864,0.736983282159113
"Line_2213",5022.62510185653,565.744470738444,70.7283746153863,1.97206129687553,1.61764033098424,0.732241015346578
"Line_2217",4449.9877203703,566.676875826341,71.8435032907102,1.98162710734916,1.06491917408726,0.732641764599126
"Line_222",4989.42497860283,572.64751187529,70.2601042173829,2.0274964134689,-0.897845481667067,0.736402625125127
"Line_2238",4471.3010474112,568.8429845516,67.5209136042587,2.0017686342506,0.133622834952767,0.73366335520053
"Line_2245",5293.71179263976,569.829246096509,74.5207421838937,2.0077647570593,-0.915040049497299,0.734492241166941
"Line_2257",4606.56217261369,572.959598061652,68.7029171721754,2.03483499417659,0.267448674509694,0.736224265958885
"Line_2264",5189.94208171472,567.892001314755,73.5212000350263,1.9927676882069,-0.960266909608658,0.733017465203901
"Line_228",5538.23867246093,572.001025705345,70.677885803096,2.02370231355164,-1.01631917456365,0.736306844477619
"Line_2284",5034.85627479097,578.724628182924,73.0379867008884,2.09320537417864,0.267792919928502,0.7391974768457
"Line_2293",4677.05864519565,569.075655179579,70.5375067738033,1.99833077704552,-0.920866412322642,0.734240514738514
"Line_2302",5515.49806747165,393.450732940482,71.2282565331746,0.854671301524374,-0.907160415245181,0.307574250782415
"Line_2308",5487.23531205893,570.039362272003,70.8155491735978,2.01382594349917,-0.905435799419097,0.734410980953639
"Line_2328",4309.12869367822,570.481746987815,72.9016848893915,2.0185092364473,1.62430819717827,0.734643565661139
"Line_2332",3993.76761493686,571.396215869725,64.7321871477947,2.01778157109876,0.51150579043112,0.735966345231822
"Line_2334",5125.04466996682,571.805370854576,72.0031698234434,2.02042452987255,-0.984101548234371,0.73605719575639
"Line_2342",5046.22412585377,573.433033948409,69.9606840520835,2.04762651198827,0.333990738062276,0.736164956806033
"Line_2343",5242.59397199734,571.597195107466,70.2965867799822,2.01679053517729,0.186762091650338,0.73601828288026
"Line_2344",4476.96414241596,569.934861536256,67.9639501981323,2.01561239504446,0.339120402835017,0.734155684763665
"Line_235",4315.99569348602,570.006917615472,69.7863733373941,2.01866621032819,0.363576973561511,0.734211198998173
"Line_2355",5191.0574872603,564.956232832229,70.633052312844,1.97130278696202,-0.668336000305873,0.731438928237844
"Line_2362",5527.68521744673,572.031084580773,72.2286778360761,2.02426196685612,-0.920633518209323,0.736379635327946
"Line_240",4445.08891691276,570.046737113807,68.0231958466798,2.01225561306449,0.954934380301515,0.73402598129572
"Line_2404",4539.74331464387,570.069038000577,70.4950447253765,2.01329162385821,-0.75640287925962,0.734426085237779
"Line_2410",5229.35192670666,569.347937378777,71.8911779025233,2.00749022579407,-0.819667356366696,0.73421513746234
"Line_2414",5023.75388307563,579.093311894985,74.3419668164243,2.09240260687251,-0.927855377965046,0.739519433509283
"Line_2424",4798.5680376129,572.885240121561,71.8715253860719,2.03708884809966,-0.978644350157602,0.736203627025827
"Line_2434",4238.42079981804,564.180117987139,70.8541492630129,1.96336803093918,0.380906604723297,0.73098015133284
"Line_2439",4594.05069121553,566.860722762907,54.5902198531006,1.98140031864463,1.05760978059786,0.733104143801843
"Line_2445",5425.9427792104,390.887194009947,71.8579892007963,0.862523809643645,-0.729293852575198,0.307469454206785
"Line_2447",5422.36714528588,568.46159356028,69.5447446515551,1.99720720928435,-0.841696573914994,0.733230865377354
"Line_2454",4744.49311699587,569.109810182854,71.7994732983043,2.00344177104451,-0.87375682833305,0.734338591606079
"Line_2462",4079.25372922837,567.514438986169,66.2207752846505,1.99463539961687,-0.868039346648219,0.732567283012355
"Line_2485",4826.32576781296,568.961609293708,72.7556008605342,2.00813961922749,1.05167277773913,0.73344293764188
"Line_2495",4734.54562479674,562.841505788937,67.115794615552,1.95873303330852,-0.691054792371292,0.729632042895697
"Line_250",5476.60500479896,568.542977392731,72.2526091296404,1.99644942949413,0.239950872662997,0.73382626131227
"Line_2510",4932.13474336413,564.01206186464,72.1038890781184,1.96625764661673,-0.887136350123396,0.730666658141433
"Line_2512",4850.81675307026,565.970972850011,68.9763561194681,1.97424905634507,0.316798514644274,0.732447066688812
"Line_2514",4719.42405890904,561.749277300271,70.1617693337182,1.94900737347898,1.24777415808198,0.729239380504288
"Line_2519",5474.38861073423,577.001754884522,72.192334734554,2.06494629450234,-0.985263492331237,0.738952465014929
"Line_2549",5112.71355528415,577.129469605293,71.1880384599207,2.05988887389474,1.00159899980351,0.73926971426442
"Line_2559",2613.9919438313,565.491315254481,70.0076587681829,1.97422412830506,0.965291815207092,0.731807332581167
"Line_2564",5391.96294082545,568.216537015142,70.4363392207011,2.00068852072694,0.254259204077475,0.732928688534857
"Line_2573",3663.59633004523,564.082155902271,71.0956777319993,1.95765204605843,-0.887239743542988,0.731623286987324
"Line_258",5190.01430647102,569.665346664082,72.1432297581121,2.0068122642587,-0.887962177333035,0.734402864712208
"Line_259",4479.10812930157,568.445465088169,70.5642298895918,1.99380032619535,-0.926741952614807,0.733579513584011
"Line_2593",5255.22131480585,571.810156935861,72.1570769158559,2.01952877023124,-0.792851822870997,0.73587726285807
"Line_2599",3468.98723196861,577.681292685668,72.5307636371916,2.07929119561864,-0.900884271188394,0.739107002285164
"Line_2615",4551.85569091475,576.360303826582,71.1965119106896,2.07355029416144,1.56532926629437,0.73748404062836
"Line_2618",5282.71609862987,574.659673783196,71.3159398426438,2.04289903560706,-0.928438850824066,0.737361526860446
"Line_2625",5883.88142523305,566.384602129667,71.6801092075501,1.97935771695398,-0.817660080870631,0.732405146007527
"Line_2630",5088.49010499789,563.970779619598,70.5792766660707,1.96495146838728,-0.700904487327798,0.730887868965094
"Line_2633",4973.64006261659,570.665102468262,69.0056810292096,2.01305946137918,-0.725558229643364,0.734799561816816
"Line_2636",4949.99993254502,571.191830623437,70.6609028587871,2.02198989919714,-0.850953240614552,0.734863684147854
"Line_2663",5547.24894929398,575.924721659448,72.0625270012114,2.05712613761011,-0.841652727735728,0.738139080024712
"Line_2676",4820.40974695861,565.195746493313,73.5174227874119,1.96985309649897,-0.960323812814072,0.731963830545377
"Line_2679",5014.25595587666,571.182839039708,74.6991589841895,2.01840835399573,1.07292106533974,0.735379459660108
"Line_2687",5355.1194129432,570.872714959834,74.9253284898865,2.01876345677323,-0.935488606066047,0.735140741772512
"Line_2691",4268.76048763732,579.410798971078,69.8470880162823,2.0933832825576,-0.873748754979901,0.740063387445757
"Line_2700",4384.42862435864,574.121939528752,69.329750179799,2.04838264809742,-0.968846026479642,0.736291648307952
"Line_2701",5250.48348568889,566.730770932953,68.233714754321,1.98385335289022,-0.778713355178456,0.732868912592977
"Line_2727",5132.9173235932,579.373405126042,72.4571176936131,2.0990948487046,-0.766761099271813,0.73921290120925
"Line_2728",4343.61498533605,573.864132420419,68.0366096715689,2.03419100073233,-0.804149388826539,0.73742305530973
"Line_273",5341.95886538177,573.397235442947,70.9804249352868,2.03850493561532,-0.878008467351702,0.736388539622118
"Line_2732",4563.1761216538,566.479389902634,71.1259254700105,1.98108726765548,1.60485784695012,0.73233239300586
"Line_2751",3869.93807969001,578.603636639032,66.9990554850123,2.08819714146568,-0.931155580802454,0.739266863069455
"Line_2760",4842.515018952,569.715333554902,70.617863170344,2.00591572333486,-0.877167776157409,0.734336408392507
"Line_2770",4083.30389547882,567.110926961908,71.0340951217787,1.98790470831877,-0.860063145398381,0.732367614711991
"Line_2774",4376.24831319368,571.298301496443,69.4427725051386,2.02248258180902,0.229621198710872,0.735245846899747
"Line_2779",4947.93743461453,575.014525337765,71.6695045225131,2.06731910123664,1.57966413618108,0.73627804911356
"Line_2795",4509.27329897494,568.996860365107,69.1223433713946,2.00138481279332,0.202209099755467,0.7339369662468
"Line_2812",3951.1698314932,564.462773101861,68.9889480270431,1.96595235785532,-0.905248297568843,0.731222840490991
"Line_2819",4458.83680963524,568.654144814151,68.6519788719068,1.99450875705877,-0.937415426088091,0.734010340726094
"Line_282",4269.67440751709,562.115113614641,71.9770444838815,1.95311644507793,-0.869170212852804,0.729365930084248
"Line_2827",4923.47410178415,573.05518725588,72.3758212042323,2.0415866113509,-0.832648898086524,0.736079994456145
"Line_2831",4591.4785391109,568.198172148014,70.7248249064376,1.98812552738615,1.03618113134858,0.73391070790781
"Line_2832",4274.26068166373,578.425804655815,70.1695827342352,2.08816836204936,-0.914266767200068,0.738960947270614
"Line_2838",3793.66281686072,573.479607506054,71.7985876191807,2.04477210393562,-0.784906462318848,0.736189016259761
"Line_2845",5308.01350335284,576.902217543209,70.6504633248048,2.06319594166601,1.71729714819222,0.738894197784536
"Line_285",5063.81191454284,570.414470669043,71.3583382517465,2.00641974883924,-0.935899193124637,0.73548155701877
"Line_2858",4995.88548990939,573.026826671827,73.2773176157502,2.03994413802407,-0.939305800791744,0.736168011557882
"Line_2864",4411.52642650775,577.612922192181,73.1771597063129,2.07732297238547,0.266966807478519,0.738489017847235
"Line_2872",5090.17998517997,573.332564135114,72.9075513373285,2.0402284756147,1.03709006925425,0.736549456917893
"Line_2889",4755.18539834172,570.725873082512,70.6071266043688,2.01483173512129,-0.996791949211731,0.735111996697076
"Line_2890",5027.10096182844,576.042863119867,72.322729820176,2.04958497974134,-0.827991668904841,0.738956297895541
"Line_2896",4864.99498905625,575.061594882716,68.8368462328006,2.05068897922426,0.30490111145377,0.737372179190699
"Line_2908",4879.5304603628,577.764126822123,67.6854841661282,2.08183052420526,-0.78262967271399,0.738788530467249
"Line_2909",4959.98426510381,402.473661695024,70.6234846257355,0.876875490330052,-0.580205717484168,0.30701772310293
"Line_2926",5011.78615842721,565.730154923205,74.6131544827964,1.97892566404817,0.233621851568621,0.731698544668241
"Line_2927",5144.86869426511,566.592757455234,70.3029450831153,1.98589650615066,-0.961598260148524,0.731999174112946
"Line_2941",4839.02946913382,568.19482065102,69.2794963469281,1.99459981776099,-0.776832426775768,0.733404388788075
"Line_2975",5262.57927978526,578.797238197042,70.8339391953492,2.0781431196397,0.23880910574941,0.740071795228775
"Line_3014",4431.94950762828,569.388350422772,69.4563018340557,2.00375501768129,-0.980713684810248,0.734272287992168
"Line_3016",4997.46910740674,572.465029339239,72.6276982389331,2.03112152706658,1.00352258989523,0.735872429759928
"Line_3031",4532.12813649184,567.184826018331,73.4027824035042,1.98566409972037,-1.01071929282698,0.732932942317633
"Line_3034",4852.98060093514,571.070086861905,70.0759963921386,2.01505874951248,0.943455193106131,0.735254387789805
"Line_3042",4399.93103809359,565.934445513693,69.3004595772088,1.97503874333732,-0.863705596070727,0.73239558423703
"Line_305",4817.69087414062,573.097433095889,73.0784846923062,2.02706787257922,1.07854824397307,0.737078257618263
"Line_3055",5619.07438024095,579.234215133798,71.1863700890271,2.08476378148813,0.254384743660454,0.740066767162156
"Line_3057",4388.16016550849,572.901605249638,69.4986630459048,2.04304731828074,0.328997741999961,0.735676554044484
"Line_3059",5324.46785246441,568.031813200451,73.9127548321403,1.98730312293481,-0.82508568233044,0.73386971040849
"Line_3070",5286.67771124468,578.573072480688,70.9681255792171,2.09176116674595,0.999193821852872,0.739052770872931
"Line_3085",5727.22687778822,578.344024270168,72.6707168966185,2.08237334653151,-0.880738503962299,0.739402583254985
"Line_3113",5188.4437202031,567.925933535339,69.5264869097361,1.98809841451812,-0.633829823867908,0.734056751048571
"Line_3118",5101.2615796723,571.831431988297,73.163492689861,2.02743350697814,0.399063484998588,0.735556191617677
"Line_3128",5070.96548138217,564.188991401498,69.2644514456957,1.96342593230471,1.64651654081962,0.730960558155287
"Line_3133",4873.1653705426,575.285639320905,73.686046693954,2.05722568903413,1.09227178348672,0.737748803429413
"Line_3159",5072.05897579415,383.222880598509,68.6218500272144,0.830632444286592,-0.778991376242916,0.281209171924233
"Line_3162",4469.79773066461,565.5807590487,71.971625144757,1.9738023878454,-0.711456001409525,0.73199240968221
"Line_3164",4936.01070307439,571.477876215975,68.1549767297259,2.02059065526843,-0.974748019953652,0.735277136101198
"Line_3170",5722.27227592889,571.205862477791,70.4295437234545,2.02011631436684,-0.733371638928309,0.735383002233923
"Line_3172",4795.7017749115,569.892785159819,68.7480501232507,2.00715272594904,0.340026726353254,0.734343913821202
"Line_3173",4656.12279713669,567.483131930836,73.1857085822345,1.99304365430751,-0.93328144419053,0.732515616536935
"Line_3174",5259.42666563826,568.59267235522,73.0918685918933,2.00001862724297,-0.982328616299599,0.733581798993407
"Line_3182",5401.65413531304,568.636486603277,71.0871974262715,1.99700610862204,-0.866086254009755,0.733751253841907
"Line_3199",4788.27060287991,568.22102022004,72.1636269095311,2.00269306904564,0.219405288277867,0.732770308434049
"Line_320",3549.95036771923,565.220385768834,70.2273933989174,1.97138079178853,0.289185336117692,0.731503945565465
"Line_3206",4419.82174401429,569.999318751177,72.8808895253046,2.00730934544325,-0.868132245889246,0.735002317768454
"Line_3211",5042.68906173124,571.230691514048,71.649404983535,2.02243892789586,-0.962420938451355,0.734991974985639
"Line_3216",4583.7642080088,574.871022011303,70.6660773401028,2.06234169233626,-0.937853490234436,0.736252687780747
"Line_3218",4761.952281231,574.403557241045,72.024345795799,2.04720750138204,-0.887451475187349,0.736978174693958
"Line_3219",3929.03845350531,574.562285698567,65.4897491195364,2.05495433377014,1.61739067564854,0.736623000789414
"Line_3223",5297.28923111543,569.409396945293,72.9828728997149,2.00089867942029,0.915608988063577,0.734479550456023
"Line_3236",5149.27627918145,577.575328447385,71.8739355717708,2.09278606430653,-0.943599301294442,0.737685045678676
"Line_3239",5493.11662053373,572.21186787193,72.7455896822117,2.0245105640903,-0.865383786738004,0.736301894251839
"Line_3248",4207.03593914671,575.558404663136,72.3544579698196,2.06003834360377,0.961262053740397,0.737464317051504
"Line_3252",5020.650076217,567.33495119795,70.8882966195265,1.98559828602892,-0.791030459992827,0.733276495584439
"Line_3264",3981.88321603568,570.796168959363,68.4429700109925,2.00942893881816,0.256347097591118,0.735480660092327
"Line_3275",4760.67132992945,572.697727119461,70.0637584735833,2.02723430908594,-0.834963553938811,0.736797184229953
"Line_3283",4681.21439085855,570.82878462094,66.5722247638383,2.014686120943,-1.00812291169194,0.73498167185334
"Line_3294",4690.33280694455,567.856464189712,71.980127802458,1.9973187888482,0.30152997643342,0.732957385967342
"Line_3295",5649.57787039056,570.45054733559,73.2439388325237,2.00531262742553,-0.853091762442587,0.735694202089052
"Line_3296",5274.87996193961,569.342990096121,69.2631949931105,2.00181267852038,1.67152532738806,0.734451467415932
"Line_3308",4895.208661425,568.799110963443,71.8318495581042,1.99636890568493,-1.00867361329881,0.734096580336355
"Line_3334",5187.95579432329,583.46609770756,70.2387921079276,2.14813681617687,-0.9322592022946,0.741091831997735
"Line_3337",4903.27082635162,565.124753781139,70.9282521661584,1.97260185782861,-0.740111974214422,0.731421850351279
"Line_3355",4909.44375844639,569.26160978765,72.8239114100921,2.00458390371435,1.618458825014,0.73399644961467
"Line_3367",4287.33159422556,581.432303432559,71.9436478924107,2.11292699900848,-0.939439056477833,0.741037494433073
"Line_3368",4766.12047822111,573.701889934421,69.4816632645151,2.03400576908963,-0.972553938447259,0.737146087305319
"Line_3381",4977.67451593131,571.380678237038,68.0897579445064,2.02406469852803,-0.88970787854683,0.73491837347792
"Line_3414",5130.05652850839,565.655561672394,71.0317586950513,1.97672681239785,-0.957830594345103,0.731557967156966
"Line_342",4742.50460803446,566.376826237902,68.3546740920555,1.98689246069771,-0.907627086738181,0.732069830190001
"Line_3452",5371.77671471011,562.322106188368,71.0591136212925,1.95102156871512,-0.813508086003537,0.729830983320372
"Line_3464",5023.18130585356,569.071140449627,71.9822222490467,2.00089312705033,-0.950764314180314,0.734391742763037
"Line_3477",4994.26497126742,573.673752747363,70.7240373206237,2.03169042023112,1.21009682597552,0.737413533383683
"Line_3480",5430.59506931697,570.543315407329,71.4362431552641,2.01439601531533,-0.981094346322473,0.734815596758966
"Line_3485",5097.49881237652,579.227792438563,68.9745364026745,2.0831939153747,1.07464992284698,0.740280890666798
"Line_3498",4843.88637168392,573.831753797985,73.8038903080335,2.03274337592997,1.57091002602661,0.737413541566329
"Line_3505",4519.44321492943,564.477480648703,71.9340852332945,1.97219840356056,-0.785453033012285,0.73074278283158
"Line_3520",5261.31700093085,572.424224861792,69.2370374342128,2.03234939926657,-0.812533667359621,0.735385090688692
"Line_3534",5468.30213152739,565.169962928634,72.0225666858762,1.97533710508637,0.43043635318277,0.731348906318725
"Line_3539",5252.11178097768,567.456558368609,69.3396358090299,1.9852216330204,-0.944665862809329,0.733163504763282
"Line_3551",3842.81242945622,572.39740483478,71.9849307453214,2.03300919238268,-0.864181923115353,0.735878040900387
"Line_3553",5028.95141611782,568.358184436442,73.7651556210367,1.99998171798024,-0.860205693686162,0.733520728465043
"Line_3561",4888.14897710885,569.992996631623,71.7195869589327,2.01511993470533,-0.897267633705813,0.734042734049929
"Line_3570",5766.34211107599,562.768164509083,70.1583025472967,1.95234637115707,-0.76221212846666,0.730375929313699
"Line_3571",5152.86386526464,564.907266849968,70.8482980948807,1.97155556202814,-0.790458793854654,0.731197962092197
"Line_360",4760.6735649221,562.258576374972,71.4299951929463,1.95164138266313,-0.861515962342428,0.729484956117081
"Line_361",3211.66403865618,570.461979679125,70.8449752220873,2.01214507391725,-0.884394746458072,0.735227097222917
"Line_3629",4563.33127746987,567.519815328722,72.6893340205896,1.98831238796941,2.41982457459184,0.733213732206601
"Line_3638",5553.82393367387,575.391179889836,71.2077504707824,2.06046273203585,0.989458524897959,0.737528446141753
"Line_3653",4641.2951263047,570.384478583562,69.0073061067756,2.01394365322681,-0.841926771774559,0.734861592394023
"Line_3656",4491.79778114003,568.33121717244,66.1471491713027,1.99223334880819,-0.954946033629503,0.73397482661123
"Line_3691",5275.93859566831,567.056329305476,69.8725959819434,1.99147265047154,-0.779227482751941,0.732356043260492
"Line_3694",4588.26678817734,574.704938478203,71.8608576644141,2.05142632088318,-0.807618336020518,0.737606181365556
"Line_3697",5001.42371409111,574.614732075517,71.0688733586546,2.05309683017741,-0.813143221524041,0.736887395333218
"Line_3701",4901.7510352941,570.715012947434,71.3634855868214,2.01496666235248,-0.862798269936239,0.735240203524669
"Line_3712",5043.88379856954,571.061533557369,69.0276074623437,2.02198409099672,-0.703002049199904,0.734837622864823
"Line_3713",4470.17698272804,574.219994988261,71.4764708081143,2.05129944506654,0.269181238967113,0.736582123888162
"Line_372",5819.42845519261,568.183644801852,74.1552213436663,2.0020575996229,-0.807255391365878,0.732827053127335
"Line_3720",4877.97883418414,569.155144774747,68.0108018452682,1.99982859516632,-0.804992744225385,0.734381689480495
"Line_3727",5295.42893099095,566.832462062148,70.7925107739093,1.98104620281489,0.279347976641773,0.733025816918213
"Line_3771",5010.20504406183,576.381337701731,74.2923360581123,2.06007076561011,-0.973295554818951,0.738740263761053
"Line_3783",4700.41074781619,568.841373104231,70.1885285293158,1.99293818776741,-0.806927625646955,0.734863243107618
"Line_3791",5464.95287156597,564.393658960752,72.0535296119782,1.96779194729694,0.30884964862164,0.730788070083041
"Line_3804",4376.66813232566,571.350564039419,73.8606056651882,2.02011910645952,0.356117783945888,0.735334756261484
"Line_3806",4887.81176057645,567.343978683847,70.969883993352,1.99112175749259,-0.957541739310207,0.732652284654979
"Line_3815",4877.11585757762,572.606147785557,68.7316918024239,2.03095166684517,0.293227621083698,0.736124495290439
"Line_382",5468.93948495643,570.207627017187,70.6674178697788,2.01313544546866,-0.858970529828221,0.734842281749685
"Line_3820",5614.80511750336,578.647834267948,70.1679599822854,2.08255716652986,-0.955658444988478,0.739332047253911
"Line_3821",5003.78261944221,570.319811153909,72.6832985212498,2.01401556631016,-0.859134630882359,0.73458492824822
"Line_3823",4712.18171395406,569.71451135405,71.3214911552214,2.01077160852841,-0.954066523298459,0.734005519948121
"Line_3828",5029.4892487986,579.783736155178,71.3705573140763,2.10728948653994,0.215017131015187,0.739345094739668
"Line_3838",4917.27983641849,574.363671907422,72.5246068335574,2.0475059707133,0.220346254243758,0.73659896954014
"Line_3873",4613.39307659352,574.143512564626,74.038260790613,2.05756573653441,0.283636008410736,0.735845248540686
"Line_3882",5024.64589438905,573.7813167781,70.0943995109359,2.0404271746112,-0.853139546877845,0.736708658971477
"Line_3894",5049.88904940976,565.225021310644,73.814646996403,1.97113460610832,0.150259562857565,0.731644265017631
"Line_3903",5050.89085879131,570.156413233789,71.0932422900604,2.00971856358585,0.305069377044843,0.734735198606179
"Line_392",4717.19512123346,567.495809850763,67.9703811320999,1.98604337967476,0.329688197463263,0.733302346379179
"Line_3925",5284.99849259419,577.604034619687,71.9348739714707,2.08079517034062,-0.832107903909787,0.738912024233715
"Line_3930",4564.85583036677,569.478469751213,73.9715313819768,2.00974342166365,1.67073457455905,0.733855114138163
"Line_3937",4241.42291933838,573.247352277637,67.9773163286666,2.03797241822353,-0.917635231968524,0.736594676424577
"Line_3958",4285.28078881107,568.486830838612,73.5610730409408,2.00116551894084,0.307334810865726,0.733211844936589
"Line_3960",5216.01592302608,379.840604613263,72.7997621321606,0.824839080115574,-0.857201881406543,0.245023451862708
"Line_397",4992.08820529154,571.068394748158,68.0817505632516,2.02593253821275,-0.8812390207635,0.734462989146732
"Line_3971",5462.15409336078,570.972139239533,72.1921212686422,2.01820642444565,-0.899377462282159,0.735130061796997
"Line_3972",4760.77491678282,570.605376205534,71.7406464942784,2.01500217664539,-0.967052811808538,0.734850978993375
"Line_3980",5075.1128275044,563.55646396372,68.7487279540761,1.95752644393959,-0.780959278052053,0.730683437373995
"Line_4015",5147.83215333821,569.272781172115,68.2785891569552,1.9996834909738,-0.868259077666116,0.734239995975397
"Line_4017",5373.39124349414,577.931067456706,69.3256256597086,2.08014408170088,-0.937572841620863,0.739228289815868
"Line_402",5332.85187287775,568.426787037219,71.3710638628282,1.9944227879682,1.07539859025941,0.733721238588211
"Line_4038",4524.67036358021,566.668262685919,69.0713448016222,1.98222626510206,-0.87623534739633,0.73271952308866
"Line_4040",5367.2606276554,581.224041235414,69.9744687771397,2.11158236491498,-0.924368658312691,0.741001013573746
"Line_4072",3926.66748472703,569.240922884185,69.3394845516984,1.99982384054159,0.284614925721395,0.734132228990287
"Line_4077",5363.77008943009,574.185843359218,74.2154620619582,2.04227591136179,-0.974281573130685,0.737058875077166
"Line_4078",4785.24299631339,576.035102948561,66.4536407019665,2.06295931133646,-0.938459346834939,0.738153083650205
"Line_4097",4847.6231266645,570.524304127318,69.6803584079213,2.01762947456525,-0.924119933534078,0.734619197777621
"Line_4139",4694.89264117685,568.378770212344,72.1789086899416,1.99617128552337,-0.920197322046185,0.733587025534567
"Line_4142",4919.8120351899,579.629268903625,73.6913454573732,2.09043404613713,0.998117556448739,0.740403702765495
"Line_4153",5257.44607777258,376.617707934489,71.9130845038033,0.799863658996864,-0.662894404412932,0.280366404388628
"Line_4194",4941.79326582574,577.770556364938,72.0538368060659,2.07963144968917,0.299323847143342,0.738599646531347
"Line_4217",5012.83966646574,580.033850659466,74.7195127164877,2.09177100006335,-0.903444169508011,0.74061430595467
"Line_4221",5261.82312894521,388.132337705439,72.0538115199835,0.889811905154437,-0.900441681028993,0.245604575574694
"Line_4242",4550.36678057685,570.784380822993,72.2767171217574,2.02284340143987,-0.995718677654333,0.734469326560131
"Line_4243",4530.95207371385,574.89162007132,68.8941557266584,2.0433397446099,0.281472790739485,0.737816363967825
"Line_4244",4449.96351477477,571.215535751073,68.2221456244431,2.02113933269535,0.201692648908147,0.735127938201091
"Line_4250",5742.30628620191,572.311106624388,72.6945722832798,2.02722815072675,-1.0033324684694,0.73608580194594
"Line_4252",4660.79710465794,568.847491149964,69.6665707318668,2.00125231679363,1.00338192760628,0.733641162248225
"Line_4261",5830.10783396609,572.582117656905,72.968929531964,2.03520152997164,-0.831912788187633,0.735830967500361
"Line_4272",5416.8991274274,570.026102402497,70.4819436370387,2.00113446697543,-0.775584148497135,0.735528075448699
"Line_4278",5396.76453024439,564.34494032653,66.2855534855478,1.96293389214457,-0.866226911654302,0.731187746445114
"Line_4299",4107.03321318423,575.975045333504,68.6119551887653,2.05806146718662,-0.885710355561495,0.73810254121038
"Line_43",4823.61936521103,566.930676925848,69.5526895851611,1.98766215104338,0.178366210756049,0.732221232959657
"Line_4321",4741.8462087572,573.517425976768,66.4086263068145,2.05035371548155,-0.894476136785389,0.735654655971082
"Line_4333",5482.48463206628,570.430295166579,73.255357112077,2.00945223937761,0.168115315856602,0.735359143817761
"Line_4370",5167.48627873408,569.913251260205,71.2536013467013,2.00421614803608,-0.913584188553574,0.734784782003981
"Line_4378",4816.46920625276,576.512173559437,72.1197948596943,2.05413252316443,-0.865676293103649,0.738802235903642
"Line_4415",4770.86517140154,571.46208798714,68.0032369218702,2.0258610216216,1.12099135442716,0.73535455832531
"Line_4417",5327.27621899928,570.692056677954,70.8552973759241,2.02235840943442,-0.904091043250378,0.734356120550213
"Line_4425",4718.52890193557,574.67608795486,70.7921367396318,2.04082919505325,0.279139739611314,0.737807076049677
"Line_4437",3263.85360488334,568.472569313255,64.5444474602104,2.00637563593593,0.22918709140602,0.732814873556283
"Line_448",4653.68365943883,574.377302725261,69.5126718039765,2.03980247165636,-0.964761426836522,0.737766256706052
"Line_4485",4751.70904610673,579.353200841595,70.7478392008587,2.0911272819816,0.226115043136586,0.739936350175506
"Line_4490",4360.41808495132,567.920748535869,69.1575683286255,1.98616214181882,0.253669715824987,0.734040898225247
"Line_4498",5644.10364499885,571.81193684594,70.3498237512311,2.02257175514371,0.261591980245399,0.735900042963917
"Line_4550",4653.34579116136,565.925815014716,69.5692652925027,1.97338891335885,2.34732130307485,0.732254578389589
"Line_4557",5130.19645519647,577.322006354129,71.9621620042183,2.08055693159477,-0.885073442479574,0.738369132256765
"Line_4563",5048.33890763671,571.495004247182,71.9892922397849,2.02800216379887,-0.92004562982395,0.734972734476385
"Line_4579",5054.54764749165,569.917316069437,70.0517104700139,2.00868500187982,-0.869952804578529,0.734777044154083
"Line_4582",4835.72307975312,573.137508798814,69.7562420961021,2.03314753800573,-0.729187348179161,0.736455643602802
"Line_4594",4566.94810347749,574.227127767636,72.8086341885415,2.04227978182722,1.00773339457232,0.736854801305472
"Line_4617",4557.86886160223,567.060165073717,71.7772551700619,1.99142857681651,-0.890306094796273,0.732566070008697
"Line_4618",4996.09387695458,566.679129440107,70.7506972882965,1.98441997557729,0.357939546839337,0.73225498556042
"Line_4620",4945.00035577994,571.268489400729,69.065776062177,2.02859890713394,-0.800362990920733,0.73494317272178
"Line_4627",4342.47326626787,568.388507409066,68.2023838335528,1.996036083437,-0.951225628031982,0.733784786036068
"Line_4653",3747.95282276609,566.73585118018,66.9132244279612,1.98607781066917,0.397407208488674,0.732525330639374
"Line_4677",5114.76953938058,571.81151472993,71.0730865777746,2.01807095933263,0.175102932910194,0.736167611289486
"Line_4678",4477.71224338157,564.040431035176,72.4100812962858,1.9639148241805,-0.816191464193276,0.730867781134841
"Line_468",4542.18629604837,571.325220610717,68.2558125220133,2.01698390155466,0.306564847407632,0.735700749640982
"Line_4706",5347.78138932073,572.067686924276,69.6618219526505,2.02220175638274,0.222184259781296,0.736226352311603
"Line_4754",4272.1456942287,572.698070609341,71.7928595199115,2.02618936995124,2.49069788004544,0.736669710180389
"Line_4768",4830.98631650498,570.813486807978,71.6475031857214,2.01971047622758,-0.705803751385691,0.734939886069519
"Line_4796",4448.33437732408,578.387337868969,71.7294373856022,2.08075431470227,0.228887002102061,0.739333918096853
"Line_480",4238.22940438797,574.467752591731,71.4257175275596,2.0403021138803,-0.968827172032436,0.737266336444565
"Line_4802",5227.01384889282,583.308806283479,71.0965752763121,2.13504935338708,-0.886742459765487,0.741738873351907
"Line_4822",4840.79776570591,578.541534923134,72.4537684881585,2.09793283128288,-0.874052967578389,0.738645739759341
"Line_483",4761.50114033562,574.033887501256,74.9005943636776,2.05119819426815,-0.841280152128903,0.736388389576751
"Line_49",5778.47185888283,565.88591991215,72.9226375176082,1.98045875323316,-0.932361613188887,0.731553674284826
"Line_4910",5637.27996932396,571.235037239622,71.6421587150591,2.01733740814744,-0.950742713798043,0.735732238621068
"Line_4912",5143.97215153646,564.077816891748,70.124406311645,1.96567881009451,0.332564626197069,0.730701004416617
"Line_4913",4802.63346871468,565.504434958306,70.8743241836955,1.97157874762613,-0.77517265868122,0.731945401415917
"Line_494",4234.06362638321,569.829134102193,70.5015801268297,2.00641655361984,-0.878857296258939,0.734790159622378
"Line_4947",3982.70547567245,566.759793289369,67.6915642347337,1.98701095321572,0.35667199561982,0.732128303131944
"Line_4959",5525.61791856719,573.562255473527,72.5601078511731,2.05289799381156,-0.873019604163584,0.735916439565015
"Line_4966",5025.57932489286,569.065800733753,72.7728139182878,1.99608762418931,-0.91342596930271,0.73470759152226
"Line_4973",4771.86314985607,570.079046577715,69.5694817827026,2.0095325870457,-0.953054622761824,0.73469338480789
"Line_4993",4427.06633645403,574.588769231648,67.6814056013037,2.05540299692948,-0.884756972114448,0.736575001885257
"Line_5019",5474.981967617,567.612480051728,70.6308691473407,1.98613565066085,-0.88121323880979,0.733500293165284
"Line_5020",4469.36440687949,576.034656236388,72.0559064367416,2.06097663487742,1.58261895636876,0.737772839238424
"Line_5044",4115.89584407093,566.739770886216,67.8833920113079,1.98324382599159,-0.91800317241433,0.732647258260563
"Line_5064",5623.62737345775,387.168959521395,71.0679904616138,0.922977139950794,-0.964789826215322,0.307304834275366
"Line_5076",4928.97273459684,204.532801964694,71.8990505492493,0.663960307729544,-0.175302232711293,0.114043702281727
"Line_5086",4412.75262342811,569.105425882402,71.3292215674884,2.00809794401475,-0.908635715711715,0.733592801181868
"Line_5091",4902.01416807638,565.265509763112,71.290004150538,1.96948618239278,-0.955128519563066,0.731994177403546
"Line_5095",3965.37937821276,578.878632304278,71.2690966334579,2.09207898125671,-0.892011612404141,0.73915240470919
"Line_5105",4966.62505829184,576.448918817155,70.9283716839402,2.06516119541818,-0.947819365360944,0.738590620518831
"Line_511",5880.14843662736,572.177276212142,71.7216683834586,2.03095612951602,-0.997076922409307,0.735474496434691
"Line_5126",4908.29037528459,568.647068999616,72.1011458731344,1.98850272909021,0.1816311345329,0.734812104428817
"Line_5133",5791.90556675394,569.363596780928,72.7403950091245,2.00672045997694,-0.876970554030826,0.733592814793334
"Line_5136",4667.77502863876,571.057126289673,72.1969211045167,2.02258395410518,-0.930928273343591,0.73476501704478
"Line_5155",4605.50943802542,564.562408565492,68.978824443103,1.96946233708442,-1.0228122505467,0.730885607649421
"Line_516",3951.63197672968,561.813705522681,70.5805056747352,1.94914713249346,1.18008480296903,0.729145069519265
"Line_5166",4423.51846528686,562.118167097258,71.6942628017652,1.94841845857415,-0.915151138173319,0.72970437480772
"Line_5167",4817.07576738104,573.519542271196,69.6946525930725,2.04314350917309,-0.910792780997847,0.736539727034527
"Line_5176",5519.21118549607,564.526708936662,71.791107661726,1.96548522153626,-1.00409070858708,0.731350707314588
"Line_5182",4026.7605091005,564.603202973892,67.2463982133577,1.96872800663293,-0.770679533045697,0.731016216486391
"Line_5195",4514.85441167876,569.518912726961,72.5985677708703,2.00755776541433,0.233659397343389,0.734077952516156
"Line_5214",4499.84083822839,564.852040774425,70.4351884195013,1.96936169873368,0.249667243674587,0.731151416071988
"Line_5234",4650.05913708863,568.162967855122,67.5441382525256,1.9928125476951,0.292284243009169,0.733892036691673
"Line_5262",4898.03655936887,572.26768329297,71.0149516779537,2.01839279620088,0.255903500955071,0.736635820519515
"Line_5293",4841.48488990799,580.096811190898,70.5799012961693,2.10220565505988,-0.902189112541893,0.739988739679339
"Line_5325",3597.14308172805,579.487773281762,70.0137159526912,2.08718238716142,0.296906942902635,0.740381015955382
"Line_5328",4123.61590276588,573.08957647504,69.9135087053347,2.03193666012895,0.250525832961635,0.736762078636303
"Line_5337",4626.93013392436,569.565486353055,70.4544347584032,2.00181196970335,0.167253370492992,0.734472028453654
"Line_5351",5314.4398775257,577.131574634645,72.1482213139632,2.07308644409716,-0.812825405704838,0.738434631011968
"Line_5356",4557.87336620974,571.600705942248,69.131470468131,2.03096057713572,1.66149504032958,0.735038164053911
"Line_5375",4412.21755577442,567.561841780085,71.4688044750993,1.99243801561874,-0.940737911490391,0.733023065304622
"Line_5376",4594.97184665797,572.44719575771,72.0552607446357,2.02956112764964,1.04476424291183,0.735949956774927
"Line_5377",4966.25325355318,572.056265541358,71.184899182989,2.02445726955733,0.244778155277122,0.735716656519737
"Line_538",5106.36293455066,569.104256448694,72.2871381882301,2.00481470658573,-0.807612298057758,0.734020610679343
"Line_5385",4512.21056738398,569.341408910769,72.2782409232512,2.00736385330123,1.04376928160351,0.73410576245493
"Line_5393",5456.89238795941,567.381655586567,72.1942739768648,1.9857329973659,-0.828881332529948,0.73304058279251
"Line_54",4839.84986659075,571.570601871157,67.5448599893906,2.02891369657409,-0.986709531353552,0.735173122143372
"Line_540",5053.8157118637,571.405287189578,71.2859875547296,2.02068927427467,0.245608904373862,0.735202981699546
"Line_5409",4746.0546977017,380.706507544897,71.3401901321663,0.870650424441614,0.386410220490872,0.244912171523323
"Line_5425",3143.40959623722,570.306920049884,64.8384649663199,2.0122788408486,2.58853927013119,0.734898926354644
"Line_5433",4651.26910260403,569.167882714524,67.9443884091146,2.0062273687777,0.242174061093429,0.734004990686362
"Line_544",3813.83649779196,567.699616380723,66.0261352031708,1.99957809530014,-0.978359387596804,0.732417145086834
"Line_5468",4480.51548874419,570.736610932954,70.3778917873894,2.01192219111796,-0.935702699548855,0.735094483157271
"Line_547",5283.62182398041,571.036078905646,71.7347739134771,2.01986150375364,-0.811131140613101,0.73507392227669
"Line_5475",5707.61649838004,565.666298261081,69.2227307328057,1.97361511787624,-0.677347594715427,0.732522820160996
"Line_5479",5393.56336169223,569.627980839626,71.9243183996782,2.00084810185842,-0.943690866261508,0.734685163961673
"Line_5488",5317.2904485347,385.427992732852,72.4450750856395,0.866536603605144,0.379646796613545,0.245403974441037
"Line_5489",5240.45620028586,569.057011958698,74.0581468628389,2.00991777960014,1.11687329815574,0.733649463878459
"Line_549",4995.18329057819,566.739159370027,71.9066474281926,1.98441459239269,0.223010252005408,0.732292895862076
"Line_5495",5279.14660867955,585.276733833258,72.6441748630512,2.16256014532486,-0.930680546668531,0.742244651927726
"Line_5498",4968.49510621422,569.152223228131,71.4658231428292,2.00096346344029,-0.876454336948335,0.734430748317816
"Line_5499",4991.01604519139,573.972455498844,75.5960479733525,2.0561816639228,-0.858602715677455,0.735973365931778
"Line_5505",5403.32432583281,567.185964181899,72.9901899654022,1.98875371052476,-0.671506253986732,0.732943653079541
"Line_5508",5364.66490228214,570.88234755657,70.7414311517549,2.01553733474378,-0.834262681451469,0.734821958082189
"Line_5518",4643.67492471747,568.37520674422,73.5166653498966,1.99485198213798,1.6235905905299,0.733756343027607
"Line_5527",4214.58763611035,570.369530389507,68.1944927078864,2.01694075732648,-0.842724847900196,0.734290630897963
"Line_5541",5474.9157245638,579.591710718792,72.4115085293442,2.08588043857055,-0.880585785894404,0.740561346552148
"Line_5542",5167.04203316822,569.766095677722,72.4941245461223,2.00975194959417,-0.86980424000946,0.734186159734482
"Line_5545",5284.48720727378,569.053856534415,72.4001856931703,2.00247550408268,-0.904271338683371,0.733891243825138
"Line_5552",4901.09618051903,570.652303586714,71.9975096058675,2.010635276411,-0.650287153313533,0.735353226778187
"Line_5558",5257.97872662621,569.318799026664,72.0853102882869,2.00813757125913,0.995817908341836,0.733727416156687
"Line_5560",4507.84881388641,569.702620139734,71.255472445318,2.01419631422691,0.333269161078626,0.73381641001995
"Line_5565",4503.26648272495,575.92149342543,69.5289041490233,2.06609117438658,-0.859353175119315,0.737588522396581
"Line_5597",5548.82972796718,574.082681666305,67.9309552517754,2.03924606774829,-0.949158548073825,0.737570985724805
"Line_5611",4001.35315761419,564.900999389533,69.2306172906929,1.9699027039163,1.04109525988277,0.731484865195186
"Line_562",4214.43502323727,573.810651004752,70.5516978707032,2.04128933181965,-0.970810697174188,0.736819234118344
"Line_5623",4151.75998029562,569.725798240094,70.6783357046394,2.00425841029096,1.60207981009199,0.734459347286823
"Line_5656",4674.94516974632,571.620918964583,68.1231004378828,2.03245027505869,-0.856982130980401,0.734623178853772
"Line_5657",4736.47194115111,567.514967276302,71.084945144533,1.98473098503189,-0.883501208264963,0.733436228522441
"Line_5662",3376.86248402197,571.597038223851,68.8923217890639,2.02033875752083,1.01030862950905,0.73560520884871
"Line_5672",5048.17708701976,566.061057016105,71.8642421522639,1.97522986107845,-0.987868292731789,0.732225547090539
"Line_5680",4206.78207669069,580.282592510577,75.4817008431733,2.09878048748654,0.252992206116499,0.740568485616465
"Line_5683",5437.0085370152,570.866019260909,70.3009127658409,2.01937716509725,0.313693844845546,0.735365077000978
"Line_5689",4274.05849364164,567.371405016506,67.0658345815837,1.98411479285235,1.19157316058003,0.733609155801539
"Line_57",5471.96171176321,569.773465362456,73.8831927556496,1.99991984071664,-0.912557298992433,0.735299210704033
"Line_5710",4836.15742995689,574.521212370096,72.0380611472388,2.04558565633507,-0.910063165563795,0.737126361146418
"Line_5713",5511.38165182612,572.700478052662,70.6326632542693,2.02378218904775,0.166900189015484,0.736838264511378
"Line_5717",5011.25655719027,568.851788867387,72.0090028970601,1.99918686263965,-1.00776877279835,0.734182857694932
"Line_5740",5706.95817274545,570.080255083436,70.0923942889439,2.01364811030337,-0.927490094383656,0.734134582978315
"Line_5744",3765.49660890201,570.070184379064,68.0790236197397,2.01539021225171,-0.714122396898266,0.734130746134897
"Line_5750",4644.11289547838,569.19956430276,68.9334144285794,1.99801312783666,-0.748956859671569,0.734296236172875
"Line_5767",5327.70040271112,568.869812624474,72.3704276611882,2.0001646947509,-0.763814430300379,0.733907919117742
"Line_5771",5051.12828422145,568.666508946625,71.5741024326419,1.99669858157095,-0.97620725731432,0.73408535992531
"Line_5783",5440.58831063527,572.956681729405,70.4458668335669,2.03524531781742,0.308342957572741,0.736349470105305
"Line_5785",5106.74050659975,566.888841645502,69.9065824224864,1.99460622490501,-0.780541541365551,0.732042645285978
"Line_5796",5830.80667805459,565.388601738814,71.908087838701,1.97244146646581,-0.805155518906307,0.731658225782358
"Line_5803",4520.38206469917,578.818382860185,72.9405850540733,2.09008544459692,0.404291393137118,0.739239819380835
"Line_5814",5022.66629270503,571.510287177324,70.5293455777227,2.02418447507677,-0.794943310387254,0.735498938802241
"Line_5817",4268.33368002341,575.616258332436,71.3304531002536,2.05953041504712,1.11415444348504,0.737953007014731
"Line_5824",3906.649592262,579.194595266872,68.1270247156048,2.09144104944444,-0.938153462776549,0.739370793006708
"Line_5878",5035.1161177019,576.002124730764,71.4670800958555,2.06538290815628,-0.906902538926957,0.737604009254667
"Line_588",4689.18310280412,575.948441655755,73.4904390755122,2.07076254225912,-0.928763778277717,0.737324539795181
"Line_5884",4282.91281357043,568.21049312613,65.6923649225585,2.00334172625788,-0.87300720130033,0.733129856091082
"Line_5887",4934.39843020051,572.202727681624,70.2251801169076,2.02920129037844,-0.872893963671898,0.735728862472628
"Line_5903",4709.00422268758,576.323722943428,70.3487214128905,2.05894387276452,-0.866161633648095,0.738594773653684
"Line_5904",4698.72026360421,569.073100271045,69.7432295843034,1.99963987817705,-0.899539379276729,0.734360189877574
"Line_591",5157.0754167018,572.125865462627,67.3768531753658,2.02110193204638,-0.926165590785581,0.736198717046351
"Line_5922",5085.19697931186,381.318792582823,70.1242459413501,0.843845748478248,-0.585131346348232,0.281348219246237
"Line_5946",4878.62497814258,569.680745882927,70.7746503459356,2.00979073412284,-0.897113200101416,0.733855125135869
"Line_5953",4189.67462958321,568.295186652129,71.4114941474002,1.99827797106421,-0.861244014647326,0.733478210274825
"Line_5956",4905.61351874545,569.65632423657,72.1010872191801,2.00408392649279,-0.787567626216705,0.735050670879821
"Line_5977",4153.77889222172,580.471786028358,64.4600483915039,2.10467106758063,0.241132108116554,0.740388890722064
"Line_6017",4623.69217875087,564.892032860406,69.8259722584274,1.97114874581559,-0.956455557568152,0.731391370949253
"Line_602",4250.37514972764,567.643507193297,73.9323380451178,1.98786534629454,-0.825117200402585,0.732991516709438
"Line_605",5286.1419653189,569.021611845099,73.0313005091373,2.00974350947498,0.165552621655418,0.733381914985228
"Line_6051",5576.66617431795,580.482532024406,70.693136243458,2.10474321846793,-0.807808954813283,0.740616448928375
"Line_6060",4988.08101228128,576.709964333575,71.1678203425834,2.07385184551197,0.202933517185782,0.737862236562707
"Line_6068",4896.74880933936,579.303553331261,71.6027715854487,2.08243719887984,-0.894519606618261,0.74036071743514
"Line_6077",4316.02234742807,565.701860439158,67.8932340524218,1.97142370376562,0.39979327784322,0.732690167464309
"Line_6097",4953.19587063848,582.051211937858,70.3734271631513,2.12311335288299,0.967949480489663,0.740991141863629
"Line_6100",5011.00875333867,568.198796584207,71.6587399740272,1.99760817020079,-0.736495397130076,0.733464099013486
"Line_6115",4951.94941394662,572.411659555037,68.2149865463191,2.03508034469456,-0.937746689715969,0.735538387891987
"Line_6121",4437.97508892332,577.582254226795,67.9620283687622,2.06922815669939,0.299042765454794,0.739104936740436
"Line_6132",4446.48537737408,574.248974711898,70.0544397190831,2.05644499233677,-0.838248702039304,0.736347302857828
"Line_6148",5650.64470093225,565.499393320738,68.179932767979,1.97704519376268,0.464753388359845,0.731376075617772
"Line_617",4604.00523833713,571.976939539093,71.0337079696323,2.02988944359427,0.345094613555788,0.735823493310224
"Line_6173",5429.84869435838,568.128446351282,72.6483310174024,1.99140264289,-0.918521174306568,0.733414313732227
"Line_6199",5955.61024248483,568.158553545724,72.799140035685,1.99211765628581,0.481531763559199,0.73388706704385
"Line_6201",4645.74081033205,571.849760670242,69.7286143705469,2.02524546859348,-0.937639786832636,0.735751969925727
"Line_6213",3778.11722724715,578.488143532481,70.3320253780115,2.07811075199961,-0.868574551805891,0.739867962868829
"Line_6214",4748.33704598016,575.687772673627,72.7340694821014,2.05396528078784,-0.906030277912163,0.738031877258353
"Line_6217",5085.7115514513,570.505746011605,70.9832804127103,2.01196064572967,-0.994203879634162,0.734974805350485
"Line_622",4484.34272872243,568.577191814024,69.9734052781885,1.99643377278187,1.54971999653175,0.733630376117739
"Line_6223",4687.17289636424,566.971254330268,72.4906688049686,1.98790896057602,0.28428966724968,0.732507769919167
"Line_6226",4929.28219092672,577.39639471699,69.6403211053079,2.0776495349469,-0.884037724007487,0.738583895388064
"Line_6232",4266.63768194997,570.686194226396,69.8204886664063,2.02486675064671,0.276431611735965,0.733984779267399
"Line_6243",5520.624178021,574.186914965203,68.1807162838811,2.05289733158019,-0.875023484208505,0.736411175703372
"Line_6254",4304.18909885965,570.6552804429,72.5869369763649,2.00880896504011,0.368658852932842,0.73533114080002
"Line_6255",5600.93095322004,570.098452552067,72.8320957505566,2.00889585572125,-0.940435230257108,0.734796403316562
"Line_6260",4742.94855858565,576.559305703029,69.6062246156349,2.07419455802567,-0.738508090689357,0.737885854991729
"Line_6278",5107.31645593815,573.82388987402,72.2435524391539,2.02931783145561,-0.805056459254618,0.737404487246159
"Line_628",5011.23815074551,567.591707759824,71.0836565506847,1.99263129924555,-0.827521316050817,0.732868751412865
"Line_6283",4530.66142787604,572.052673218485,67.3681878269981,2.02473747173176,0.955717358038581,0.735699130865493
"Line_6296",5114.93986007968,568.688770322425,71.6208688858073,1.99540388596952,0.191875988479161,0.733796779423668
"Line_6304",4619.54702073851,574.191697808981,72.4496236781588,2.05600104245915,0.376436075093945,0.736140900511609
"Line_6305",5377.33676951132,570.761563036835,72.5324287811692,2.01800711163486,-0.831190061111897,0.734591913194204
"Line_6318",5258.22226621502,569.026513373258,72.5141635593192,2.00109990804336,0.257584782339974,0.734437512670335
"Line_6324",4721.86354286209,568.313450220603,70.0284535457736,1.99411892805183,0.338165362371284,0.733920049909761
"Line_6325",4481.83529178553,568.567276706241,67.7077410478348,2.0018040802147,-0.817450461504726,0.733413894366272
"Line_6338",5039.90758907509,564.273033075516,69.9870265793477,1.96235881142756,-0.989006212974326,0.731216280222078
"Line_6343",5444.79966517017,566.997594759544,71.4581003209166,1.99046742655699,-0.871991961893653,0.732222183982829
"Line_6345",5680.67594072569,573.014523094651,73.2330583410518,2.0270859082094,1.7075013880796,0.737095960845136
"Line_6357",5549.64006052546,566.855540740801,71.7355897123611,1.9790677838973,-0.847321045320292,0.733203164189719
"Line_6369",4138.81332650459,577.792441473642,69.8239960976444,2.0617748932129,-0.93148357155187,0.739802250878935
"Line_637",5166.54158033332,570.741568615487,70.9916881660924,2.0206093713867,1.64037401587226,0.734769717517833
"Line_6376",5111.51506230107,574.463075564587,72.3128662737548,2.03521863046969,-0.775281921967935,0.737870820774632
"Line_640",4556.76632576114,581.788414177525,70.9494755577692,2.10684171744336,1.13461794020362,0.741521446822345
"Line_642",4783.33661206305,561.722347641637,71.7765297106491,1.94752918356692,0.530277535281031,0.729172336013897
"Line_649",5358.1082706978,568.082521848146,72.3717709520179,1.99389375656277,-0.850350589469398,0.733418181781959
"Line_655",5193.39437796749,571.880777611382,71.4697845825361,2.03057352845531,-0.899652621862997,0.734805629742495
"Line_661",4914.75349947915,568.89135967275,70.2180208693231,2.00216761207625,-0.842390920691353,0.734085987752707
"Line_663",5052.22278336509,571.09946465442,69.769514373874,2.01411320399093,0.992929880115947,0.735779854599949
"Line_667",5305.43610844108,576.111061169178,74.4585485041585,2.07081635366854,-0.906676176260966,0.737578362003098
"Line_672",5689.80525990405,569.819343758717,71.2950268110343,2.00852227289882,-0.920066496504915,0.734419267220288
"Line_673",4250.04015087346,571.272716411722,67.79894107,2.02638513982062,-0.820258148803139,0.735130485087971
"Line_674",5704.14765171548,572.596711805684,74.942972516672,2.02667029381166,-0.858833360316336,0.736232527374217
"Line_676",4872.12205772514,394.247617481056,71.3690849142985,0.874201344854599,-0.312483250753208,0.307557730497693
"Line_684",4729.77283999896,572.03132259035,68.8867324179246,2.02642180727194,-1.00291589189205,0.73604682738157
"Line_698",4925.17011260935,567.524223887216,72.5187236487739,1.98345873170255,-0.806661156234143,0.733659924268264
"Line_714",4394.03137549188,572.852668951943,72.5367306904713,2.03390005476073,1.11396063583863,0.736386548898212
"Line_744",4733.7092499739,570.192448255108,73.474553766366,2.00455732825528,1.19621323801658,0.735387653901031
"Line_752",5218.0968590221,566.833363160595,69.3397521399951,1.9819452502269,0.432724322165434,0.733165248678047
"Line_775",4511.48353711242,572.6493519749,71.1864791071478,2.03237478019369,1.57944708613968,0.736426869825732
"Line_777",4972.30915557759,566.639601195996,69.4658776420814,1.97746074152193,1.09060414355931,0.733246253887599
"Line_802",5118.4612935803,574.285495257865,70.5045477651183,2.04830929633559,0.204912749776678,0.736937055215339
"Line_806",5213.20749919782,565.806279979399,72.7326860895975,1.97483900694026,-0.836821611196786,0.731993353796066
"Line_827",5751.02876941217,566.915317681307,71.7164522299471,1.98629981301627,-0.846101996186459,0.732604707519284
"Line_828",4131.11599896294,572.748930528037,69.3359087446846,2.02615776393451,-0.802862291857883,0.736602481454261
"Line_830",4050.86937064221,575.435673015852,71.8091979591444,2.05816316829905,0.997852539205201,0.737482973148099
"Line_865",4743.43715058524,564.487615082591,72.3586293409646,1.9647240469128,0.410937332195172,0.731485881534726
"Line_915",4695.27403188845,566.948566377475,72.5548890255024,1.99113621040789,-0.986172233975031,0.732144347233037
"Line_940",4781.73496153858,565.553795343266,71.0695129137939,1.97693452951253,1.14057982387539,0.731926237475713
"Line_950",5331.09345817543,565.423812528078,72.2352440840899,1.98048387998961,-0.795533382190902,0.73121479679637
"Line_97",4761.31770934652,578.196266925196,69.3862752116209,2.07971439974802,-0.808012307966415,0.739012535714319
"Line_977",4637.9465724426,577.23553464425,71.7010690328433,2.07522708529599,-0.914135928689895,0.738724438232294
"Line_978",4340.15822353397,568.846806503082,68.7742021023371,1.9985038852818,-0.853885515138902,0.734265876646444
"Line_985",5117.36010561637,570.67532633401,71.8982638465925,2.01168446218768,-0.744842739948967,0.735256750634478
"Line_995",5627.2886846274,572.992089581273,69.9402928664693,2.03882104510249,-0.974113182350591,0.735766791886757
"Line_3272",NA,NA,NA,NA,1.14867498010121,0.73291774259911
"Line_1008",4321.9131092091,903.057986208811,70.2368432780167,2.21849333604111,1.06186150220308,0.38136014696828
"Line_104",3371.29580912764,845.095797452039,74.0632838309734,2.00702122994319,0.456892061523631,0.374194486650402
"Line_107",4781.94881413014,551.373366258476,69.4509816130665,1.50433452439481,0.687677208328311,0.336002231171371
"Line_1082",4139.8056658608,851.575529661864,72.6644275274021,2.02917533170259,-0.380477065987976,0.37511030929909
"Line_1088",6041.86948749907,870.677543341625,72.0150601406477,2.09032235546317,1.25300217717409,0.37837050216548
"Line_1097",3983.07332977086,850.748166273025,70.2657064813898,2.02884126965365,-0.419562845733514,0.374860393353532
"Line_1107",3754.13960399121,907.708752511664,70.7082994615169,2.23334044283635,0.552896869958614,0.38221725392463
"Line_1127",3738.11341444062,874.064381193849,69.5247342162086,2.10829318689493,0.477727870096716,0.378380438959758
"Line_1157",4592.62361464976,560.345113492502,69.7081733771725,1.54862800251033,1.53476317051991,0.336346646479809
"Line_1167",4345.91426431101,457.26898062869,69.0410427205409,1.32455952289262,0.604577850622447,0.306361933804943
"Line_1180",3896.6533808158,458.041598912946,67.557843108535,1.32573032938796,1.59235062578175,0.305565724594377
"Line_1186",3217.66273586707,869.940540577911,72.6489906946019,2.08965956533765,0.631347959989561,0.377956854141242
"Line_1193",4391.57713040927,875.821373602767,67.629597299193,2.11214118444297,0.555965980408385,0.37893156345494
"Line_1206",5176.47652810309,860.255168652948,68.3468832112786,2.06003433419193,0.499009283856828,0.376235848779178
"Line_1211",3039.87610822748,875.605035030873,69.4812369727511,2.10945059143834,-0.356926576832596,0.378808355836074
"Line_1245",4886.4113280372,289.445343674146,70.348408339011,0.906357209720562,0.537099598774498,0.147917424231684
"Line_1259",3914.4555324862,887.228150518109,69.7944754029102,2.15558480402337,1.13293821048691,0.379556718094748
"Line_1273",5283.67828880639,457.896421016421,73.9766463125021,1.32426024482966,-0.298362570905443,0.304624188561777
"Line_1293",5900.50307468257,855.573347805851,72.8521769701218,2.040074812522,1.112265646945,0.376256077697436
"Line_1342",4708.87346270137,456.591900232659,73.037646434949,1.31913633616855,-0.178133130157176,0.306637728889266
"Line_1368",4437.76955768605,855.651212225492,69.1143376360847,2.04027070049448,-0.53743423119045,0.376128371237043
"Line_1387",3381.5307577747,883.543616002545,66.8868158736519,2.13655709777566,-0.421749185016983,0.379942809596726
"Line_1410",3263.85008199474,884.13500230957,63.7286875404634,2.14219472674629,-0.432822238100645,0.37967048458553
"Line_1426",5468.99464395093,849.648439029036,71.9436854613106,2.0219715848613,1.11107633377423,0.374898886794135
"Line_143",3932.32629140568,876.870972359548,70.2797479853799,2.11829633640478,1.13159180530383,0.378731504708042
"Line_1458",4069.35720087469,887.603071258409,68.4876935246249,2.15683691974271,0.521799572964566,0.379913932569576
"Line_1470",3441.91549198731,866.360363800586,68.4136304896288,2.08092461516161,1.86741121204904,0.377260569805492
"Line_1471",3256.60559134106,872.587146706221,69.0493494101753,2.10512059185437,-0.463274971281277,0.377498537990515
"Line_1540",5014.87697428721,457.519074436991,72.9266896057712,1.31905545562248,1.20199676586401,0.305976854687753
"Line_1567",3598.60391598847,866.419142543707,67.8832072482305,2.07310229660456,1.11370891478612,0.377806535373024
"Line_1599",4747.2372835633,453.367918378246,69.7395641441447,1.30154317353236,0.71686565680479,0.30457704159338
"Line_1606",5176.22540014378,455.614008657222,71.0955156363087,1.30868215461446,1.59384490891098,0.305465805140539
"Line_1683",4448.22085241006,456.815326638775,71.768313918682,1.31924075435099,1.4933583222115,0.306609120348582
"Line_1699",4073.26925906518,335.175282592431,69.54781022207,1.24092214309303,-0.19183902310716,0.17469107231319
"Line_1729",4744.18090741332,914.11560517593,69.1706177896245,2.25961407840197,-0.411028628119685,0.382778183347782
"Line_1735",4208.23243986484,875.919389565889,68.5170053382132,2.10734521323741,1.1541778773897,0.379374720025111
"Line_1768",3529.2477728179,891.618859575403,68.8819194044364,2.16899953907931,1.10215953191162,0.380704956293674
"Line_1809",3558.7145113458,857.639193787615,69.1033488426656,2.04920819075062,0.494491908136902,0.376286691184929
"Line_1900",4340.94823733945,566.59964784032,71.05117440702,1.58984892895448,0.646531317744838,0.339983606753459
"Line_1905",3518.7111346407,880.11495463035,68.0498336532313,2.12557439635922,0.52821990479586,0.379491906168002
"Line_1939",5032.20122244207,874.37306505407,69.6714018829117,2.10799309231005,2.76961268175522,0.378458512171036
"Line_1961",2758.78737247068,892.463562984052,72.7420248555539,2.17573730807806,0.494820078216654,0.380450745362957
"Line_1976",4722.79195814944,851.8500546646,71.5216871418019,2.02977537425578,2.82796784960485,0.375269388554437
"Line_1995",4673.70985401076,458.187800139308,71.6060041141532,1.32558067304083,0.977672189724118,0.305927580072648
"Line_2015",4381.41009124392,866.171465709606,70.7664039649935,2.07765800329967,-0.367304903964762,0.377448543497523
"Line_2019",4472.64655455461,455.050390474479,72.4862757304334,1.30416457699112,-0.444677046927203,0.306960811372613
"Line_2033",4549.574596255,870.575916002909,71.8792212077876,2.0910389896527,-0.398792891548756,0.37843640370289
"Line_204",5701.48654517648,890.592073565195,64.671215062334,2.16592045509398,1.12446052505338,0.380500584051394
"Line_2040",4372.468159306,853.825057695365,68.7625311872123,2.03619781184748,1.14392756084248,0.375514312927162
"Line_2067",5010.97596845053,458.578680829067,70.9834326744292,1.32864873146496,-0.464251596806799,0.306130431516402
"Line_2078",3434.94222806468,885.307051356721,71.6925162215955,2.14545688538055,-0.367346638815518,0.380105815852446
"Line_2089",4775.20835901509,459.351360072941,71.8515293416496,1.33169722814673,-0.445974823508099,0.30604971718948
"Line_2137",3838.88698617499,859.700542866379,71.897365106913,2.05518306284219,1.09804170191009,0.376332282228608
"Line_2138",4381.13052628712,559.702082029752,72.6945624092736,1.5535239950289,1.10590708896798,0.338040728175874
"Line_224",2350.61822966748,873.924300825451,71.0107337319877,2.1012225841369,1.18748937665248,0.379000218635692
"Line_2260",3644.39515123144,882.04792994099,67.0058419045956,2.14237866476214,1.13164084479611,0.378685625273906
"Line_2286",2379.60511824149,860.903140978683,68.8574293892749,2.05911877308387,0.493863071798222,0.376574651378014
"Line_2289",5384.17281957321,888.047740067379,69.7775839820982,2.1562051956395,-0.39753419836993,0.380088816679584
"Line_2341",2406.30616071651,871.824695167298,68.7707851256119,2.09688035217618,-0.41255564749396,0.377884757626408
"Line_2368",4430.39451100384,429.426929312584,69.4138191223405,1.23557465208026,-0.560171527860666,0.276855218098854
"Line_2385",3897.5299536263,454.273716285183,65.1563534788835,1.306761870397,-0.490216840174989,0.304500708539204
"Line_2427",3282.37174978407,869.726981201514,72.9808706396142,2.08959980000982,0.518889390118481,0.377879458866683
"Line_2429",3543.98359227922,858.203629761827,68.0079661127364,2.05049243349035,1.16254637900931,0.375960368073384
"Line_2437",4607.19304145167,848.544790777705,69.9014923597423,2.01728585569569,1.85573469063994,0.374807931267519
"Line_2438",3959.02971716378,861.400844911039,70.0437584910676,2.06180994187263,1.90382193422708,0.376759826565899
"Line_2450",4587.90603804413,456.742162912585,72.2421624150398,1.31902532412618,-0.287058515642332,0.307213825106663
"Line_2456",4631.05253779255,865.400819838865,71.9799192911882,2.07793120471008,-0.474720188705323,0.37670384296657
"Line_247",4983.27154135859,556.682575468316,68.4699809047064,1.52959150322828,1.11244221565477,0.33461399927865
"Line_249",4746.84166314565,554.024901209753,72.8580689357934,1.51725140945337,1.7601929904089,0.334575546413406
"Line_2542",3371.25878309773,889.424634777315,71.2832533590534,2.16533846418966,0.557495347047832,0.379940599576177
"Line_2563",4562.57856274754,884.982427540383,72.8184344584835,2.14226996246613,1.16149379278789,0.380171704278961
"Line_2632",4361.44086568509,865.753580154368,70.560068623703,2.0771905387219,-0.391886438668273,0.377344259816252
"Line_2644",2104.30562892515,892.064586341581,68.7972664319004,2.16936308739291,-0.422498735687451,0.381019557118793
"Line_2656",5454.16625183176,867.553157705357,70.4984444745767,2.07840783567171,-0.473900662229217,0.378332575006764
"Line_2704",5617.74948463311,566.632790925268,72.1327316285644,1.59177304857066,-0.470728223244046,0.338811424645535
"Line_2716",3271.07413924073,856.059517185986,72.6834471729232,2.03975864630214,-0.398805441238094,0.376499012727713
"Line_2786",4256.11583368938,564.967745586703,69.0063861375943,1.58295751755947,1.00673340152479,0.339327514258899
"Line_2816",5465.07742675525,890.919462765386,73.6304602693925,2.16860145218429,0.468490861357574,0.380530970881284
"Line_2912",4449.22626551006,567.437666795904,70.2825409130095,1.59774826384632,1.23818635348492,0.338831616002831
"Line_2924",4377.52057041701,240.241228022849,70.4563608007561,0.705243155919156,-0.389351635553096,0.0807715606541516
"Line_295",5997.8020165075,896.505993997586,65.7686888324935,2.19364943891703,1.92232900954676,0.380780258296099
"Line_2954",4024.07136029896,852.293113022286,69.0758078959674,2.03059948555246,0.544538185097606,0.375348789168024
"Line_2986",3077.62516000763,901.31814457419,70.7120454236151,2.2142361421829,1.87808036400614,0.381052691003965
"Line_3019",5332.20750382653,881.66113880867,68.1360163917727,2.13314925974641,1.04407469986773,0.379377230279201
"Line_3082",3818.34152688829,869.968764493891,71.4436674791734,2.0925482897042,1.14439773698356,0.377606745085385
"Line_3090",4940.22253556228,847.384833280833,73.7739521547109,2.01462860440171,1.14228761052337,0.374546719737171
"Line_3100",5072.1785880346,903.332112128704,74.0041830298789,2.22073169401341,1.13014775982986,0.381195288855063
"Line_3116",4879.36933397115,457.789482420259,68.6450397135653,1.31812767412545,0.717405980533446,0.307451182248121
"Line_3127",4523.95434633067,859.235642992744,69.3254484211595,2.05064592995178,1.10541164510666,0.376939853807755
"Line_3129",4515.82901523003,564.175266048718,70.2131593758024,1.56982048996282,0.48887360786281,0.337714912440642
"Line_3139",4904.42759128903,866.396111842284,71.716791110129,2.07991067263581,1.2277740846904,0.377206351398445
"Line_3140",4931.92044668798,454.372392177082,74.5063104610781,1.305564782005,-0.147210226270125,0.305144460822318
"Line_3149",4654.36165699033,874.90179330748,69.1352423839487,2.10916402831471,1.87870788239183,0.378754545648823
"Line_3195",2345.87879967579,901.449869347731,68.4276660948697,2.20779508484003,0.545912415710578,0.381929391791872
"Line_3213",3377.34823760636,458.128585098202,73.1805819068492,1.33072833003285,-0.293641660326021,0.306802688276719
"Line_322",3681.6932627831,863.901732122053,68.4354149472475,2.06798628794915,1.07974224812723,0.377162187720489
"Line_3244",4399.30941292362,556.218920504203,69.5166760721819,1.53146628917173,1.23589559900107,0.337147371753658
"Line_3261",2442.95554767277,878.852130472505,68.3884855895139,2.12144275934948,0.527866128765508,0.378890952000846
"Line_3268",3412.3674544015,863.801111279621,70.7002322661008,2.06810360100677,0.505039229071086,0.376893628196462
"Line_3278",5191.73840654036,870.02935829846,70.9965362387227,2.0918236180953,1.13952026293579,0.377667928401059
"Line_3279",5363.36497245652,421.941295555007,70.0228169161707,1.2635725201989,0.510975512393769,0.165702029509342
"Line_3287",4068.76167659028,559.036280896858,69.0965300047388,1.54497046106564,-0.429154733639692,0.336078239891125
"Line_3291",4144.14151776193,887.055419077592,70.6057643042897,2.14831549818463,0.534189328344328,0.380692310736725
"Line_3315",4552.84505191523,461.021607436225,67.8104745955166,1.33620580110584,0.978876772470411,0.306630034764015
"Line_3318",5729.50560424455,899.440008893811,71.4857327386478,2.20266551704285,1.02004365355512,0.381197847174825
"Line_3320",3825.20529977875,901.605629629427,64.9106779436446,2.21025952771249,1.85505854662913,0.381374041628869
"Line_3330",4547.47988096774,870.836029567774,70.6596514894478,2.09162133725912,-0.546678161403307,0.378619025862387
"Line_3342",3722.70961743223,877.319014859728,71.5441113689332,2.11229019061321,1.90117111688476,0.379485077945354
"Line_3347",3303.74982850322,896.36550638057,70.0953239789601,2.19198285020688,-0.494906476364931,0.380651469491487
"Line_3357",3968.94906997855,911.335028139657,72.0532862621431,2.25639637870871,1.890178046015,0.381670101092576
"Line_3365",2548.94383656429,886.51903297922,69.6126585385497,2.14701371632382,0.533179161850807,0.380515963535136
"Line_3375",4783.17841383374,904.014779913088,74.654558829498,2.2223899043657,-0.424243029136387,0.381407213568434
"Line_3427",4111.49389698152,884.295676504006,70.0916627138275,2.14652061273881,-0.471255993118999,0.379213910062822
"Line_3428",3188.74791731447,874.542312268466,69.7466754613814,2.10656942899611,1.14371144891363,0.378588202215957
"Line_3453",5179.21215412326,552.439246712974,71.1589647878011,1.51332526525789,-0.520961288306219,0.33603329170387
"Line_346",4524.02799059525,560.555833900177,69.5557410273573,1.55140244433354,0.950335041528433,0.337486620561072
"Line_3508",4705.52899528143,850.264993330377,65.0768281545309,2.0233141310385,1.851661358781,0.375017452259421
"Line_3510",3596.35385757792,857.758651538669,71.0014307312947,2.0505240899961,1.17960952412869,0.376215103676592
"Line_3548",4233.57473262921,875.936887085536,74.6322820750481,2.11449767680131,0.422704025810644,0.378406622540866
"Line_3580",4628.26363333824,457.449491837508,69.8266726556473,1.32327674755391,0.97480743588317,0.307587228012161
"Line_3603",4627.1882837843,902.61706493185,70.349550442879,2.21656926848176,0.509828895929106,0.38160702685485
"Line_362",4192.53630164293,458.043755455133,69.2239221065181,1.32645604034993,1.12821275238514,0.305451060953218
"Line_3666",5137.53771502185,889.957227850789,71.3983339746942,2.16220108210507,1.90718743778694,0.380420124926004
"Line_3672",5070.36348269591,844.770098446776,74.2188944819337,2.00850230221711,-0.407344631564535,0.373948146508597
"Line_3723",4269.79182968455,868.464242651862,69.2980963570826,2.08666477188386,1.12286113527835,0.377811034982272
"Line_3762",3022.16897157243,863.816406665578,70.571470273874,2.07049212791893,0.61336320626579,0.376800854023717
"Line_3782",4655.82857680599,556.513962450896,71.5726578582608,1.53081855787342,1.61958601539097,0.336216393811963
"Line_3801",4332.75707708274,887.236187170738,71.6907435486199,2.15501061800736,0.552811535955978,0.380120429886338
"Line_3835",4944.80410171911,455.929658263832,72.6172699736042,1.31489258986442,-0.275967353749445,0.305346054677524
"Line_3839",2717.36939314763,873.248557520726,67.8292875719372,2.10978884092365,0.483314780840967,0.37745846409704
"Line_385",4884.32431135183,884.132995843658,66.4747528321964,2.13793684705523,1.09440851351521,0.380138913609904
"Line_3865",3900.13487804572,878.972619472141,74.0019827107968,2.12316375783707,0.528399165408032,0.37916521647973
"Line_388",4063.57123827969,884.811968162293,67.5041352696627,2.1485110419863,1.13792593044551,0.379124857333197
"Line_3887",3362.90885396044,896.861960076601,69.8225936867824,2.18951350907642,-0.383625663763228,0.380959940086872
"Line_3888",3450.03324705726,911.022369704086,68.3709410005007,2.24156464359143,-0.417521905837752,0.383028948913955
"Line_3921",5276.02254688028,908.252340926653,72.2972499829274,2.22977480988675,1.12908572106541,0.382901676285564
"Line_3923",4557.71791267406,438.258469054394,70.3755553487062,1.51782069336775,0.33209346145222,0.278401530479995
"Line_3954",3941.72695659573,903.573765594707,67.7210751674572,2.21880116761138,1.13413931402283,0.381495024170839
"Line_3966",5164.27413088117,380.652447174916,73.1820556815435,1.13801516099845,0.149932695454754,0.257425964223265
"Line_3973",3408.74544422205,856.422821767444,71.5150712123227,2.04741563532508,1.18464524394284,0.375624052946465
"Line_4004",4095.2571036797,454.756337521087,70.7760121160761,1.31308005616327,-0.1873739148991,0.304845895036133
"Line_4011",2018.51517343712,874.306222163138,68.5759398814756,2.10172564864668,-0.38730635310833,0.379190180545106
"Line_4070",2100.46573698668,873.308293055157,71.5177349396371,2.10416922481538,-0.459307207171275,0.378258058540469
"Line_409",5067.10009453169,462.612845417108,73.7085620753995,1.35381568458127,-0.243110963917909,0.30590537696105
"Line_4132",4601.58516154268,854.599674305726,72.7269483209813,2.0390145547955,1.13841920126791,0.375447177640562
"Line_4161",4347.05113992566,460.199434534032,68.6538193687784,1.34329691329669,-0.329979793324729,0.306872741429266
"Line_4225",5987.67213823693,901.04065753247,70.7123791197905,2.20599429236051,1.13792623328962,0.381789052974038
"Line_4239",4405.44725496353,870.2694240899,67.8909872080172,2.09850202022882,-0.354094561811532,0.377276588238129
"Line_4300",4323.5604052286,862.599408063677,69.936094357404,2.06234532040279,-0.38227620898153,0.377510733045199
"Line_4382",3995.20199224608,911.217399069174,71.95950497087,2.24107577788417,1.13361874497697,0.383235659862068
"Line_4395",4121.59324536772,461.304878752621,69.4332291670451,1.34123552979266,-0.474127218661814,0.30771254852861
"Line_4439",3408.40874966325,900.543936692911,65.3280214580886,2.20163553134351,2.79947041439152,0.381952213666706
"Line_4456",4572.12177386332,863.156640041425,69.3950554609311,2.06749077995381,1.09715105841907,0.376773965009393
"Line_4491",3827.79205512085,883.096901858349,69.2481097922701,2.14013297704011,0.543927679725986,0.379303051985881
"Line_4503",3967.06607321681,891.411838445377,73.1579645455969,2.17251846656669,1.13916095609785,0.380242979415314
"Line_4507",3865.42217676939,457.186475406106,69.2775685502155,1.31496257783326,0.336781314996848,0.306074000575976
"Line_4541",3223.92804818651,860.13012404663,64.6328620265794,2.05298403447297,1.14043047740359,0.377191827874009
"Line_4562",4330.30695243297,346.365144547679,67.6989006162867,1.03178098947382,0.113820002606417,0.23012798926298
"Line_457",3771.80254914408,878.855568378238,67.4112049517636,2.1228614762129,1.13080492131137,0.378997769305483
"Line_459",4769.52284080736,884.487448277374,69.3213343593571,2.15021704266617,1.09683665151861,0.378782693320195
"Line_46",4785.8171289225,884.071586883806,68.5404457971062,2.14278797494478,-0.566811087523219,0.379803211394992
"Line_4630",5155.0744749955,863.341922776559,70.2886241264106,2.06959076625472,0.421156180609985,0.376639264711737
"Line_4631",5677.7938492837,864.691115476734,73.7790076217268,2.0752133630505,0.557694638590187,0.376732850713546
"Line_4633",3701.72594952537,878.253037602922,71.4160903192286,2.11681413915686,1.08566169537595,0.379304196821838
"Line_4709",4020.33435929072,899.173958068866,67.4597832630299,2.19635090997592,1.85480923034196,0.38157821275705
"Line_4756",4698.04293124972,850.400403584959,72.7949799551071,2.02632377218749,-0.452669490705136,0.374910157395742
"Line_477",4623.3755168268,883.537180610969,71.9743443836704,2.1449146212826,-0.43979488541442,0.378900856607732
"Line_4828",4573.91346849748,558.831042692454,70.2959495768954,1.5475802149731,-0.436633356072716,0.335588272090171
"Line_4837",4384.24061704462,851.289408939931,71.8869958292249,2.02825616639166,0.541312599144775,0.375058719557143
"Line_488",4097.91071382696,391.118811643762,71.5879316971987,1.10385371885168,-0.125626141956111,0.160585166431152
"Line_4896",3745.62031409866,872.222230813159,72.1195645760949,2.09699909981881,-0.37445583370212,0.378219866383982
"Line_4924",4660.22911645566,879.421430873844,70.3581251655446,2.12580320419462,-0.428220292604706,0.378844732908949
"Line_4941",4501.09233292237,892.364942716233,69.2173022933245,2.17467548026432,-0.425115193548597,0.380373847656022
"Line_4975",5625.0205982444,456.010349477132,74.5794156686935,1.31944301111849,-0.250365095526552,0.306422336824729
"Line_4979",4658.47012613951,864.211029466816,73.5297958362328,2.07333478472364,-0.302975800701965,0.376717086667739
"Line_5002",3277.7074071579,878.538337506554,70.9166997262983,2.12109702234267,1.11874821840911,0.378888753625968
"Line_5048",4543.97714517428,563.317051073856,70.3116535411028,1.56900683487793,1.75104084487741,0.335604247517409
"Line_5065",4439.29159578282,870.928799904229,72.031477419449,2.09147768451335,-0.402591614993204,0.37844560457916
"Line_5084",4588.80409440296,869.814470548174,65.8799267047091,2.09014606118898,-0.420437908470464,0.377993837235418
"Line_5087",3434.31992299331,873.764753946724,68.1915345356965,2.10326116945728,1.20864813929753,0.37866038776073
"Line_5207",4625.83131791819,457.931499425835,67.7517824461022,1.32329166124326,0.505515542498847,0.306168412889376
"Line_5230",3752.6852488375,902.082434574522,70.1570948237689,2.21405008273727,0.571984579139169,0.381455195973577
"Line_5321",4490.27874987037,458.977648899739,71.6751576888742,1.33137965004232,-0.327063532914954,0.307214585370583
"Line_5372",4157.19813667961,877.225195320737,72.5243738207527,2.11953407552746,1.13261926280536,0.378620248878093
"Line_5382",3652.54287494175,456.027786495925,69.0790365201196,1.31252117426487,1.2854163315806,0.306369295017538
"Line_5442",3997.12638535784,913.846249858926,74.0109601082085,2.26264984090422,0.555832868761487,0.382385148988849
"Line_5494",4849.46395223795,852.832599027829,69.0818754869862,2.03278175394551,0.470500759612133,0.375440267039714
"Line_5522",5115.38039856649,385.48358127376,72.4853561633861,1.13933126618707,-0.163981995607172,0.258661239761006
"Line_5561",5760.59326640885,897.362055008167,72.3560489462837,2.19440421167342,-0.341276698028047,0.381194745724556
"Line_5581",5333.63208518938,844.354360686188,66.8896448393324,2.00431387870216,1.1380127884115,0.374152084822879
"Line_563",4660.20571289905,857.250912044687,71.9862352141268,2.04819501019391,-0.396589482521735,0.375939983452758
"Line_5643",4016.27209762839,843.205034893019,69.6446632672225,2.00308428425344,1.91085127202762,0.373690304120423
"Line_5678",4655.43210170167,854.313463087803,68.145120093282,2.03788036875515,-0.386855930499267,0.375712490345215
"Line_5699",4434.43791390437,455.819019927975,70.1144726385934,1.30904158902663,1.60065182405488,0.306196043478566
"Line_5705",5518.5680179229,931.895593796574,73.9771014268897,2.32853525485167,0.512196246956509,0.384935750532428
"Line_5706",4430.36608065871,912.218850104682,69.2090123633943,2.24968646678643,0.576848036930812,0.382947368384954
"Line_5769",5263.00435577976,559.80820277914,68.5421542329934,1.54791058766033,-0.451825976772775,0.337418128851851
"Line_5780",2895.22634699862,856.27911677402,66.8806144556384,2.0453167330196,1.16360693194641,0.375599385903059
"Line_5794",4967.96741983848,863.155591687059,70.2107547048718,2.06831868145651,0.555347292152251,0.377078309332386
"Line_5805",4716.24627185121,882.589370629152,69.8033149057413,2.13113124947425,1.12857559842165,0.38021325700622
"Line_5827",4106.00813078907,865.122666228933,69.4278445091185,2.07367028852151,0.562469792642653,0.37722171086493
"Line_583",4719.32129495775,875.090269511759,66.8974063578448,2.10910729332106,-0.388255687741915,0.378922297961317
"Line_5851",4883.72595124796,874.127990750953,73.8316459178811,2.10750447521239,1.13114113056564,0.378023703933555
"Line_5882",4933.76932827595,461.096641059683,71.6847682563643,1.34677370186363,0.472249814974793,0.3078676653517
"Line_5892",4748.83834282725,427.389004888119,70.4521251594482,1.22898294249923,0.950739167189141,0.275824183904218
"Line_5900",4607.20597050484,858.951800692837,71.1270191297927,2.04805144187701,1.15655405958934,0.376972712699765
"Line_5926",4508.13983522108,890.0889349998,70.2762126904141,2.16925353581,0.538997323619883,0.379884685312209
"Line_5964",5460.53206504589,860.081900249167,67.050224495374,2.05519868708862,-0.507750837687302,0.376839762520572
"Line_5973",4355.26837367264,460.91249709711,71.9329764090671,1.34729395947222,1.23242858619708,0.307827010834063
"Line_5987",6660.93197650218,916.043923406689,73.261685198315,2.26306040245241,1.14508133524994,0.383398099050676
"Line_603",3670.3997310903,894.149224226067,71.426545594858,2.18104853152599,1.148951909424,0.380878881801129
"Line_6046",3731.0320692013,861.964072951014,69.7521345423829,2.06223456420277,0.471805376509774,0.377026668777586
"Line_6125",4412.50560381431,456.980934340216,73.6505613179209,1.32299259317402,-0.144568935994771,0.306045865938883
"Line_6130",3108.52409948957,870.045938556484,68.4345369944206,2.08670537467849,0.526262604653596,0.378229172368904
"Line_6156",4328.3380630902,880.87050547107,72.1226853019133,2.13377179685805,1.90789035400889,0.378495582999375
"Line_6177",2688.84961858947,866.603352861993,62.5159308778091,2.07705503953254,2.80850029851453,0.377582981520145
"Line_6183",2700.08107979786,893.857280496826,73.1747087274507,2.1806855210876,0.51243377339245,0.380541950240156
"Line_6196",3474.44938769172,891.259883214076,67.2787863900241,2.17597955086766,-0.513722153413293,0.37953432568303
"Line_6212",3954.4874457596,884.587712311563,68.7023188943507,2.1391215043052,1.06402276394606,0.379753397831678
"Line_6235",3736.27914489569,857.489586945026,70.3958175119345,2.0446003461837,0.436431257786254,0.376893715693988
"Line_6236",2744.75306859907,880.894157388158,69.7654675947092,2.13285393680985,0.409559733758715,0.378913434265189
"Line_6266",4606.73179330266,888.948962941145,70.400364539103,2.16471112016487,0.412485917376832,0.379544531874821
"Line_6314",4211.71747799873,932.629820483838,67.8425404242353,2.3306248050548,0.536570076188729,0.385105446141979
"Line_6333",3254.4180754778,866.095751553273,65.6313508131271,2.08060518840024,0.502409580547453,0.377212292197769
"Line_6378",4251.77375447395,879.503730618301,68.2855722893497,2.12619387666626,1.91216282120976,0.379118456857494
"Line_648",4566.33207603229,917.938018119454,71.3208284839794,2.27376627390438,1.14080860948381,0.38345130945573
"Line_660",4172.00410702826,864.498308511895,71.4480079329322,2.07223291715917,1.14528510621707,0.376970900277004
"Line_67",3353.83315962861,860.48325663049,69.5365306283026,2.05504173075837,1.16013544286942,0.377085252391252
"Line_69",3478.37299023673,869.391056074755,66.3839384594993,2.0876479922303,-0.426357336208276,0.378027520148589
"Line_724",4937.61247770314,855.808420745261,71.2360133770698,2.04144543753413,1.09632579586738,0.375939780437671
"Line_736",2997.42967586917,878.216535488432,67.9148538122719,2.1183769487969,-0.387330829286447,0.379323872789999
"Line_764",2846.62700947933,872.872485794589,71.9009521148181,2.102426607459,-0.411043625276278,0.378229865081692
"Line_766",2445.81064060835,927.45425084848,69.7497183696851,2.31765536507023,1.89864403196453,0.383759918071917
"Line_791",2989.82827366697,876.491429896079,69.4587976158561,2.11318084122071,0.403780205359499,0.378993948761479
"Line_821",3828.38490393922,917.915053612092,70.5109349126809,2.27808039013849,1.10856599319122,0.382936752833441
"Line_84",5042.83546953283,460.198312057623,70.3604468654433,1.33578756234766,-0.549243935116201,0.306230019845371
"Line_844",5211.48134208923,876.215474979591,70.9990024064986,2.11390855852387,1.16654738931898,0.378623258148638
"Line_871",3897.85968874208,862.721529167028,72.3186087455947,2.06409236969991,-0.45587923814273,0.377232792533024
"Line_896",3378.17948933229,855.766534182191,68.07068623768,2.04411608375902,0.497498452217657,0.375768558165444
"Line_91",4734.50693324161,872.581127571909,68.9301907111334,2.09940862801585,0.501435925747976,0.378262222071693
"Line_919",3571.18559977549,866.480276135922,72.3553104368213,2.07716699490005,-0.431248893060995,0.377322846345081
"Line_942",4764.13725518551,454.798038308334,68.6184240293274,1.3037498582437,0.147635109971603,0.305660159323707
"Line_954",3269.8346135942,869.54678201198,69.3333635676958,2.087463255558,0.594360595378493,0.377910992036676
"Line_102",3775.60476895553,455.295178176022,66.9329321865077,1.03866118392483,-0.887565240249176,0.35139282273482
"Line_1048",5011.74317728436,443.470654178882,72.9064277745795,1.02317334439185,-0.557455566648252,0.350573029935287
"Line_1271",3891.39354441178,463.443538769078,69.2210870564685,1.04842386306791,0.949612972260893,0.351832308671107
"Line_1407",5187.95447549241,459.529523661959,69.2010465494465,1.04377009812019,-0.556369605232905,0.351559169190698
"Line_1882",4517.74386530532,446.339006509599,72.1738698202911,1.02694586534889,-0.900831515819775,0.351052958654867
"Line_2219",4712.58552421703,448.759664062748,67.6192238047184,1.03036946141878,-0.906950814817072,0.351031264260241
"Line_239",4521.59964375381,457.070677734723,67.4863950595404,1.04150962355542,-0.600649906875851,0.351917857365309
"Line_2499",3769.22533504312,453.778302332923,66.1417675505049,1.03616047096557,-0.0373230629853288,0.351179938151412
"Line_2501",5000.09705524413,446.200626494888,70.7349912446126,1.02739018310339,-0.864928559348796,0.351481567179609
"Line_2611",5142.6581811831,449.888622312467,69.5870763589746,1.03129017097388,-0.878631818727248,0.350878212991862
"Line_2753",4238.78056012961,447.474712533772,68.7224490947254,1.02822455934576,-0.359391128210103,0.350696053956236
"Line_3058",4188.67256617866,443.684092282239,71.5568580122569,1.02318251171398,-0.568834247539079,0.35038943542037
"Line_329",4529.088325922,440.67212935521,64.9912203015128,1.01868084685454,-0.880191188303844,0.35014357028546
"Line_3349",3291.94994916703,444.037991705203,66.1749175527797,1.02335246918777,-0.904505254907733,0.350575789373219
"Line_3378",4870.2469068513,263.459102404324,68.2254512113639,0.707987456145499,-0.403099423637862,0.195924984285317
"Line_3482",3352.969032571,451.641145281169,64.2583496218702,1.03390841751395,1.5407032456814,0.351124745142037
"Line_3648",4902.92498896095,450.635964732071,71.1694439762609,1.03247042177778,0.618574873872272,0.35111809447608
"Line_3746",4976.33155468627,453.349121428105,71.8060876041768,1.03589203294234,-0.877688998803993,0.351583521689237
"Line_378",4834.93683827506,450.350307327169,69.2846118133887,1.03223857763962,0.610354990418314,0.350989823396669
"Line_3788",4278.44597830432,281.554797529102,68.8964013914806,0.751831676213583,-0.184716666592048,0.226486037892226
"Line_4076",4795.70564155546,448.267004636708,71.1268295419151,1.02945901785784,-0.559736297178037,0.350801654098365
"Line_4480",3989.22245010675,451.115816028091,68.6186266182334,1.03385794783039,-0.887860169025143,0.351356294644361
"Line_4526",5182.53342871362,448.911661275486,70.7937530008798,1.03074876511185,0.0917878810223549,0.351253602821852
"Line_4708",3069.77339101403,448.637432587669,71.128728158829,1.02964378337091,1.88325156702411,0.350684425376325
"Line_4877",4605.10259174715,524.713016272837,70.6097973747791,1.1708323052556,1.03294041815322,0.350858196946959
"Line_4893",5394.18719536634,336.896299454889,72.1978776061684,0.835643502882104,-0.733476911106762,0.256856690944871
"Line_4922",4405.62653324748,441.924452728757,71.1131104162175,1.02160650646652,0.291624247991168,0.351130995195397
"Line_5114",4429.80199904157,444.357099571477,67.9679987369481,1.02550198353265,-0.184120228114048,0.351553872476737
"Line_5121",3596.68278160568,454.651988394446,68.6348738862389,1.03701422653152,-0.250579070788326,0.351170946018258
"Line_5124",4187.06270780991,451.555813262236,70.6322052843808,1.03355974006337,-0.2095172585932,0.351270149299564
"Line_5225",4214.07193646952,457.779701948695,68.3992185283811,1.04156116580113,-0.558240497553491,0.351421516630838
"Line_5324",4006.50887862657,448.117607253376,69.4875326682251,1.02873655621338,-0.0720638454063081,0.350790531326405
"Line_5400",4141.24308478158,529.862621086047,68.0295100681695,1.17692621116798,-0.21820631379353,0.350746389201106
"Line_5603",4613.10528116801,443.083568806545,71.8233183244627,1.02250456054797,-0.410663885949619,0.350304937756683
"Line_5667",5542.61130081025,448.356735974468,71.331340466658,1.02990426525804,0.719884666145387,0.350950209270162
"Line_5684",4005.84699958826,442.067527683044,67.4628536888981,1.02219635964575,0.8615740015233,0.351044277622877
"Line_5781",5411.08014390029,444.700569518319,70.6020074848192,1.02510625803295,-0.562451167674361,0.350580093327839
"Line_5995",5084.77566668467,438.217940295061,68.8583121712171,1.01613682765498,-0.878054701523077,0.350080668682317
"Line_6044",3957.15237411571,447.044222502815,67.5965739344172,1.02796789563353,1.53748388491488,0.350939694143192
"Line_6312",3762.13570767572,450.736632746144,67.6969406652264,1.03296613763292,-0.549960432031634,0.35110119228809
"Line_753",5472.79529229258,452.902848239607,70.5758959321172,1.03511086712058,0.110149082812721,0.350928904303904
"Line_910",4653.44542610965,263.023551982961,69.4649831472024,0.721970449221915,-0.457386133185428,0.196377252477216
"Line_1351",4251.61294056418,459.142652025513,68.2099959671242,2.11991709567135,-0.509757571967394,0.414925273274565
"Line_2729",4936.54242607314,458.422640141385,73.0423796497788,2.08273039473324,-0.509757571967237,0.414925273274568
"Line_3515",4708.73130556757,298.242634791952,70.9559421932086,0.964223994650645,-0.630535899210162,0.148703499521408
"Line_3918",4789.03499097642,458.405819023436,71.7757807538779,2.12710030944271,1.03194845801712,0.414925273274565
"Line_4080",4643.15986049698,243.774316103689,69.4899382640891,0.708463883511552,-0.381049405092084,0.12244425733464
"Line_4789",4117.82696683543,456.912643187343,70.6008480889696,2.05699962306945,1.0319484580132,0.414925273274563
"Line_5779",2611.88951071333,459.433750529656,66.4786598648152,2.90757247342654,0.0686692275776442,0.414925273274557
"Line_5829",2864.70556994683,457.163366338895,67.8647107732458,2.08888817613804,-0.509757571971873,0.414925273274558
"Line_6008",4747.12202750226,298.268651541256,72.6079417517014,0.96582658610679,1.55488391655122,0.207551685294781
"Line_718",4206.07888558454,297.930092049156,70.6916101821952,0.959684883164464,1.24822593944655,0.207424732156657
"Line_751",4900.66809920608,457.98108718377,71.6497979136219,2.09370924884817,1.03194845801307,0.414925273274561
"Line_100",3970.55783877416,702.774756345955,73.7618938942488,2.15677815357905,-0.445538203790275,0.608098027087689
"Line_1021",5067.50211808871,717.993565938662,72.2881996065741,2.16208771975905,-0.44553820378678,0.608098027088483
"Line_1039",4278.7067106958,486.377343364763,68.1200310020814,1.4347968738224,0.0906820673452124,0.393845706827836
"Line_1071",5001.54611987318,676.813556069177,71.3645777166084,2.12868217281658,-0.445538203783579,0.608098027088472
"Line_1080",4063.52500693797,702.464046258147,66.5853957727165,2.14894147998787,-0.445538203788579,0.608098027088476
"Line_1112",4306.24631994924,698.550848606036,67.5030367238585,2.14733228718124,0.860569412357895,0.608098027088468
"Line_1115",4038.16976962624,680.720970139712,75.3027158893142,2.12271871085911,2.01480390937802,0.608098027088481
"Line_1118",4057.40035355862,659.048656715043,71.5239302077059,2.10840258028284,0.86056941235223,0.608098027088468
"Line_1120",4423.38355172661,687.919299879261,71.9071216217225,2.12786398017837,0.860569412355451,0.608098027088475
"Line_114",4570.88609289561,445.600808004054,66.5557595504416,1.43189836611583,-0.609105272345766,0.367291825849352
"Line_1152",4249.68696074797,670.950519472012,71.6250036228517,2.12147695038505,0.32778825082898,0.608098027088475
"Line_1153",4346.169222429,714.079460743656,69.4460682892743,2.16446438784381,1.45939701031999,0.608098027088476
"Line_1154",3895.21567087501,696.918264539142,69.344816701891,2.14564253034673,1.45939701032035,0.608098027088471
"Line_1165",4983.20757563721,684.526682391825,72.0150941095181,2.12633042418213,0.860569412355551,0.608098027088484
"Line_1198",4476.87570078194,418.768182547757,67.3547171820896,1.4380549141345,0.651759729813163,0.317494418544378
"Line_1207",3645.55820502844,707.326173880462,65.6116369151753,2.14976326690939,0.860569412354917,0.608098027088482
"Line_1209",4276.90932071318,677.399584916897,69.0837978056883,2.13080149397378,0.860569412354268,0.608098027088475
"Line_1216",4587.46707008599,710.33581117839,72.0833561874651,2.15626883224056,2.01480390937755,0.608098027088471
"Line_1217",4739.47302969638,706.491924455276,67.6325581498772,2.1456249479448,0.327788250832609,0.608098027088481
"Line_1218",2838.55907872579,680.315126917465,68.5233007774015,2.12652111494298,-0.445538203786702,0.608098027088479
"Line_1230",4963.3310208871,691.499434399483,67.3850672102182,2.13474223579121,-0.445538203789155,0.608098027088473
"Line_1246",6261.68392537664,670.905595762051,71.0605685468275,2.1252504374382,-0.445538203792264,0.608098027088468
"Line_1253",4926.00979023785,701.00260716777,73.9136163975753,2.14337912956803,1.45939701031787,0.608098027088477
"Line_1256",3590.37611139338,465.928831703165,68.8787083349403,2.15030843638405,0.436293933686127,0.373653013127278
"Line_1269",4213.60928607256,454.032355717297,66.8808802483573,1.43676953313515,0.581056982258782,0.369220941346045
"Line_1270",3567.85415573835,711.948954183484,68.8796446367614,2.15917991642587,-0.44553820378982,0.608098027088472
"Line_1275",5660.25026007959,670.161693737651,69.1714833521887,2.12503714888099,-0.445538203788214,0.608098027088476
"Line_1282",3969.47182218515,669.511792442599,66.3428973995755,2.11890545411352,-0.445538203789141,0.608098027088479
"Line_1283",4552.07258445313,693.617878216915,71.8742761504163,2.14567844569378,1.45939701031981,0.608098027088477
"Line_1290",4244.48682783218,688.788503396859,69.6806712468374,2.13577608746639,-0.445538203791186,0.608098027088479
"Line_1292",4768.28294564094,693.235648847332,69.4959271023399,2.14594212251187,-0.445538203785946,0.608098027088478
"Line_1300",3512.18291249028,675.674096915177,69.3933523121641,2.12164768872682,1.45939701031582,0.608098027088468
"Line_1316",5027.60366459467,709.498308776318,70.5049770094275,2.15660623497595,-0.445538203788809,0.608098027088487
"Line_1337",5280.70406724802,498.610982248733,69.3832656955624,1.44752584392489,-0.553577888770486,0.393905926247265
"Line_1357",4373.80683783525,702.320669633465,72.4245079799805,2.15252690718787,2.66850954136332,0.608098027088471
"Line_1359",4787.40035807736,471.142438690109,66.862520618064,1.44540369431608,0.0741297586702274,0.374871051351313
"Line_1360",4878.22039602669,697.167809750829,71.6836619516412,2.14979771608085,0.327788250829639,0.608098027088472
"Line_1375",4089.18397026516,649.219173574135,71.5686947338233,2.0973393126947,0.860569412356097,0.608098027088473
"Line_1415",3664.34100793315,676.009386837702,68.0226319592055,2.13015902180534,-0.445538203787904,0.608098027088482
"Line_1453",4467.16441064961,702.39285815567,68.826605043488,2.1466772724923,0.860569412358502,0.60809802708848
"Line_1466",4038.4165898959,671.906817484719,66.9738892854352,2.11929279562172,1.45939701031916,0.608098027088477
"Line_1485",3725.51294014995,649.852371961711,72.6441085045519,2.09391397082081,0.860569412359019,0.60809802708847
"Line_1495",4210.21032579298,695.262270708076,70.4412528344747,2.13608131120559,0.860569412357363,0.60809802708848
"Line_1507",4317.42850693371,686.581623757479,68.8771881467669,2.13848680517778,0.860569412355178,0.608098027088473
"Line_1514",4671.14796592517,687.27244786159,71.7558201663802,2.14069404783147,1.45939701031877,0.608098027088473
"Line_1527",4718.10633232084,670.315175975245,70.5629100457931,2.12599206898518,2.0148039093818,0.608098027088479
"Line_1533",4161.35621708131,652.228898903535,72.381423378068,2.10241042355242,0.860569412354184,0.608098027088466
"Line_1535",4439.07975356496,705.270949857124,70.2006990929384,2.15181635303527,0.327788250834266,0.608098027088468
"Line_1549",4613.24805157989,688.569078410674,66.832825580499,2.13968287005591,0.860569412354483,0.608098027088475
"Line_1557",4362.01395035632,392.919775165723,67.8074003908389,1.20593757944431,0.295717534087998,0.297910536014454
"Line_156",4391.25842319148,679.996779353034,68.2583435990403,2.13155281848501,0.327788250831601,0.608098027088474
"Line_1566",4213.03178509743,730.007575652411,64.3941318644404,2.17500549094986,-0.445538203787957,0.60809802708847
"Line_1576",4006.20333539191,656.705079438742,67.2280154619513,2.10321242453653,-0.44553820378765,0.608098027088475
"Line_1577",3551.47379139656,729.748922674985,67.2707980182289,2.17655670237129,0.327788250832714,0.60809802708847
"Line_1589",3419.61841407478,655.243232901391,66.2088272755499,2.09809635691539,2.01480390938509,0.608098027088468
"Line_1590",5160.44266473236,678.544145551896,70.5674706302033,2.13059322404212,0.860569412357755,0.608098027088475
"Line_1636",4359.97897974168,685.844959011325,68.5549010616563,2.12917581133689,0.860569412356163,0.608098027088465
"Line_1640",4204.35980823174,689.698054747704,71.2854804006032,2.14578832544245,2.0148039093775,0.608098027088476
"Line_165",4815.20415814656,677.841408486056,71.1707177791019,2.12933791677284,1.45939701031973,0.608098027088474
"Line_1674",4042.44556518007,467.355112116627,69.6729472110173,2.12333843855779,0.0412494333061473,0.378899133511014
"Line_1678",3885.87711216217,663.306063956204,70.0883187937654,2.11078972133356,-0.445538203785469,0.608098027088475
"Line_1714",4167.3154940096,465.7398665497,71.7077403828388,1.44535177662345,0.808715501034987,0.373068908675223
"Line_1723",3090.86636785855,722.110148743399,68.278074994135,2.16859852523487,2.66850954135854,0.608098027088462
"Line_1746",4995.34856692975,658.239876257723,70.4294950782119,2.10731233785808,0.32778825083561,0.608098027088472
"Line_176",3956.65263770799,697.940858343823,68.8267870451632,2.13912798594135,1.45939701032171,0.608098027088473
"Line_1760",5669.12159994881,672.333826060451,72.9136939479444,2.12500864996701,0.327788250833623,0.608098027088473
"Line_1780",4296.09910326309,647.177105332975,68.4778262868453,2.0945960672281,0.860569412355461,0.608098027088478
"Line_1792",4716.86115354002,695.15881582918,73.5108199795831,2.14856308429506,1.45939701031959,0.608098027088466
"Line_18",3771.24994441212,692.396784651202,72.9384939143125,2.14237270491352,-0.44553820379236,0.608098027088472
"Line_1804",4139.43635061977,691.515346681396,71.9883200008071,2.13996412912474,2.01480390938064,0.608098027088469
"Line_1818",3893.00572527203,693.943959438367,68.7262448140581,2.13966854754986,-0.445538203788764,0.608098027088471
"Line_1830",4555.45719678342,689.659494613474,66.9613077038399,2.13534983956088,0.860569412356206,0.608098027088473
"Line_1856",4014.06188448609,736.739198402676,67.6408634875418,2.1872659852847,-0.445538203789738,0.608098027088469
"Line_1869",4816.82169232656,666.537150658764,70.614780261842,2.11875482779368,1.45939701032012,0.608098027088466
"Line_1884",4033.76264825847,478.561187825475,65.1739781221,2.12212981471692,-0.61724399456167,0.385794586256448
"Line_189",4963.20004170758,676.890713080941,74.719104331135,2.12620171292357,-0.445538203789086,0.608098027088469
"Line_1898",5186.53381517489,726.561877811587,65.1862949795174,2.16936626298676,1.45939701031798,0.608098027088475
"Line_1899",4317.92337752028,659.227923304382,67.8194898478864,2.11113857554819,2.01480390937748,0.60809802708847
"Line_1914",5124.24942020973,654.504989529358,70.7237317584948,2.10454768928966,0.860569412352991,0.608098027088471
"Line_1920",4152.26826086424,721.567044496228,73.6108048162054,2.1712012788945,0.860569412352553,0.608098027088471
"Line_1928",4476.20715025893,412.128157241477,67.6423047430022,1.20834505119106,-0.541406767882212,0.308832179596197
"Line_1929",4833.7505390085,709.601452220289,66.2655530025707,2.15457777856617,-0.445538203787908,0.608098027088471
"Line_1934",4863.72789295092,686.929296537466,71.6243833527831,2.13190314124322,-0.445538203791238,0.608098027088465
"Line_194",4597.05273410733,676.003477271398,70.7337015646358,2.12836625280708,-0.445538203792417,0.60809802708847
"Line_1966",3915.8129383741,412.104707347875,67.9435697628592,1.2061931386913,-0.827997067551357,0.311217803780224
"Line_200",3896.99705075927,675.181012294816,68.149004539149,2.12375373358591,-0.445538203788796,0.608098027088476
"Line_2028",5540.6776463778,664.247489993849,71.655713852187,2.11954750093876,-0.445538203793082,0.608098027088477
"Line_2053",4728.91506131587,682.412321545613,71.7561131920672,2.12876638384909,0.327788250831568,0.608098027088473
"Line_2066",3261.59443558228,702.475828591201,68.5162113150575,2.14687497426975,-0.445538203788577,0.608098027088467
"Line_2107",4576.27385397533,726.13776332044,67.2560324242685,2.17335465090413,2.01480390937926,0.608098027088464
"Line_2111",4660.17751203036,691.818211902364,69.3061531921457,2.13473668710365,1.45939701032064,0.608098027088473
"Line_2113",4908.9945868542,658.120746730879,73.6320382884793,2.11223975026813,-0.445538203786338,0.608098027088469
"Line_2120",4314.53548415112,719.092101123185,70.7834075611518,2.16594341987778,0.327788250834173,0.608098027088465
"Line_2134",4226.3608741282,667.154870565661,69.7626699966296,2.12187061724225,0.860569412355219,0.608098027088474
"Line_2136",4777.40160533939,683.146807000908,73.5054948054929,2.12378365235793,-0.445538203789067,0.608098027088477
"Line_2154",4198.90037365045,672.279689130188,71.4889780516741,2.12184360765731,0.860569412352868,0.60809802708847
"Line_2159",3484.46892911333,667.540435591076,70.4155411459307,2.11437319228964,0.327788250829537,0.608098027088468
"Line_2173",3481.3715875616,651.130818210915,70.4546231382012,2.10256194699867,0.327788250834439,0.608098027088479
"Line_2180",4196.48097253499,684.694598888964,75.3890665329705,2.12904151020329,-0.445538203789953,0.608098027088463
"Line_2190",3751.85417114799,714.45218457638,68.257611178067,2.157901401618,0.327788250831871,0.608098027088476
"Line_2195",3993.41843057225,676.709182456338,72.3799022442827,2.1238154121571,0.860569412354749,0.608098027088467
"Line_221",4519.60737783461,686.362467715756,69.2312991270971,2.13557958104832,-0.445538203790748,0.608098027088474
"Line_2240",4058.31681442457,679.761571769028,71.688495546339,2.12705908842394,2.01480390938269,0.608098027088461
"Line_2261",4398.43255678989,704.713233488846,74.2437875100997,2.15235915798351,-0.445538203792218,0.608098027088469
"Line_2297",4440.38440182167,680.591123769882,72.5689993421016,2.12647323613089,0.860569412355368,0.608098027088474
"Line_2299",5082.62380189904,691.055265207901,70.8704827253498,2.14531797291882,-0.445538203792017,0.60809802708847
"Line_2304",5051.06286767314,698.45869591798,71.9188796875799,2.15146126808759,0.860569412354405,0.608098027088467
"Line_2320",4489.84696089954,678.373352608302,71.9008157060451,2.12157486898404,0.327788250831179,0.608098027088469
"Line_2327",4839.23063054771,658.906995241314,74.5885074973571,2.10164968924932,0.327788250832442,0.608098027088476
"Line_233",4345.8964047068,684.31902899767,68.3633211213446,2.13568800957971,0.860569412354609,0.608098027088469
"Line_2348",3583.24509970234,686.988864707179,67.4271733564626,2.13472050286769,-0.445538203788632,0.608098027088475
"Line_2356",4325.31894355526,683.6293816313,67.7557786661084,2.12527313186328,-0.445538203786705,0.608098027088472
"Line_2383",4327.64851773493,666.263790065484,69.0619130404206,2.11214234644456,-0.445538203790059,0.60809802708847
"Line_2391",4922.80362523473,482.562984253205,69.7914588465559,1.4487601628675,-0.634221779818994,0.379333604934059
"Line_2441",4051.99447425275,679.694671243898,70.1829662496533,2.12061769852462,-0.445538203787499,0.608098027088477
"Line_2465",4536.62556407673,682.768163151876,70.845692738252,2.12984705095865,-0.44553820378853,0.608098027088473
"Line_2481",2779.40905156225,684.422192364317,64.4834113802538,2.13273719376735,-0.445538203790189,0.608098027088469
"Line_2483",4135.7760651461,683.813826281953,68.4436499462852,2.13079718719788,0.860569412355853,0.60809802708848
"Line_2486",4772.04662786625,695.30879515112,70.5295952745179,2.14609301348719,-0.445538203792412,0.608098027088464
"Line_2493",4712.9963685936,718.336576265331,68.46556310854,2.16394089989169,0.860569412355637,0.608098027088473
"Line_2496",4144.12808506242,667.485580679555,68.9953753006769,2.11768505668324,0.860569412356204,0.608098027088466
"Line_2503",4021.75295146519,491.577787365981,70.4601048239791,1.44356230158193,0.985397680841787,0.390426413607225
"Line_2504",4185.02752994907,667.372954367578,72.281764906425,2.11714500382015,0.860569412354596,0.608098027088471
"Line_2516",3817.93389207792,722.951914542795,71.0301845145014,2.17225504488176,0.860569412355427,0.608098027088471
"Line_2523",4436.27984045937,663.419873030091,73.5870377470068,2.11130427930696,0.327788250834185,0.608098027088476
"Line_2529",4204.10763811552,732.0417115381,70.5864510626521,2.1783551310335,0.860569412355383,0.608098027088468
"Line_2539",3777.30849777915,655.234494713418,70.5750574427826,2.10060463500881,0.860569412352794,0.608098027088475
"Line_2545",4513.88332246765,649.636012588162,72.986056144222,2.09624741794304,2.01480390937759,0.608098027088475
"Line_2556",4256.57735431786,678.581139540751,69.9344132946829,2.12616433594573,-0.445538203786581,0.608098027088472
"Line_2565",2432.10203679119,668.864676817923,67.3597934759127,2.12078197286835,-0.445538203789969,0.608098027088481
"Line_2608",5017.39507287219,666.804340220655,70.4557861979399,2.11478936047463,-0.445538203787237,0.608098027088478
"Line_2642",4559.25681564249,736.684973844989,72.7493109688209,2.18513376448101,1.45939701032069,0.608098027088471
"Line_266",4215.79177329984,475.216759721124,66.2255358138563,2.13807226821661,-0.0320893947458959,0.379332168083828
"Line_2666",4326.70626094606,649.110583451374,71.3774583870352,2.09853761222359,-0.445538203788302,0.608098027088477
"Line_2686",3949.97868670047,733.074690560272,71.8906044843323,2.18337232253806,-0.445538203787719,0.608098027088475
"Line_2703",4692.86359705957,665.487129423538,73.1463839452342,2.1138230511194,2.01480390938275,0.608098027088469
"Line_2719",4669.56252176051,676.506964263498,69.2412822871804,2.12242735313667,2.0148039093817,0.608098027088473
"Line_2720",3861.45456396082,660.643828408215,70.0587147478542,2.105981756762,0.860569412354454,0.608098027088471
"Line_2721",4346.76390705612,708.566528948903,69.6104639178367,2.15887712054297,1.45939701031716,0.608098027088475
"Line_2725",5202.33463456863,719.911496018175,70.705320384366,2.16704999903068,0.860569412356165,0.608098027088464
"Line_2734",4350.98315764421,691.425395009416,64.9750002346703,2.13783982828548,-0.445538203788931,0.608098027088467
"Line_2745",4833.83273344126,676.785539937109,69.4992854682512,2.12277613397517,-0.445538203788933,0.608098027088473
"Line_2756",5188.69035673884,662.225197676382,73.6729689130544,2.11759313897732,-0.445538203787029,0.608098027088464
"Line_2762",3477.4499317261,665.95736253739,72.2233391948063,2.11051686986107,2.66850954136569,0.608098027088473
"Line_2775",4258.27011624714,710.673090715286,70.9011469570233,2.16340018886593,0.86056941235309,0.608098027088471
"Line_2778",5405.85378450201,719.452035114564,69.9605975850599,2.16612655086726,-0.445538203787089,0.608098027088469
"Line_2784",4386.39948906595,689.053585112552,70.3292179773263,2.13904004640749,0.860569412354921,0.608098027088478
"Line_2796",4532.02912528112,653.070669570612,71.0405259996476,2.1036659727066,1.45939701031523,0.608098027088467
"Line_2814",4255.99863503992,472.338794893822,70.343691972912,1.43440835569246,-0.187861369322595,0.383789557648767
"Line_2815",5183.08001786898,452.912118789188,73.3713530102425,1.43178970718895,0.189438976446501,0.372622080701299
"Line_2817",5014.88953678225,708.043804133198,71.1359677333913,2.15401274146456,0.860569412354956,0.608098027088472
"Line_2840",4265.67293485195,699.289058845543,69.0630577343448,2.1522991210371,0.860569412354949,0.608098027088471
"Line_2852",3843.78377281506,668.49107406437,69.111014946904,2.11839015617752,0.860569412359666,0.608098027088469
"Line_2855",4862.09338191969,657.014886684276,69.7402725267144,2.10565273624947,0.860569412353665,0.608098027088479
"Line_2862",5139.35106931129,403.116978330879,72.756741126601,1.20670717966004,0.425394893733815,0.303413725281009
"Line_2886",3836.22704132973,663.44801477572,73.0283918423056,2.11011659722805,2.0148039093792,0.608098027088474
"Line_2891",3135.45212650944,725.203365098006,69.6752341720364,2.17137578526718,1.45939701031668,0.608098027088475
"Line_2895",4803.61247907771,465.651811884062,69.9431379627287,1.44108176609177,-0.664048800652792,0.371312597907988
"Line_2897",3276.81222547535,725.597468419249,68.6450291602668,2.170854377077,0.860569412353914,0.60809802708847
"Line_2901",4347.32062843921,647.216460152796,73.7144061841654,2.09910269643908,0.860569412357731,0.608098027088468
"Line_2917",3957.78443168578,691.053317009591,67.2042855092532,2.13543035267395,-0.445538203791926,0.608098027088474
"Line_2931",3068.46492173099,723.332537679523,67.2597264559042,2.17616558642567,0.327788250828092,0.60809802708847
"Line_2947",3488.17427040708,716.002242584576,69.7223610179574,2.16049986423535,-0.445538203787434,0.608098027088474
"Line_2949",2784.43957899364,659.416424430656,69.9772091866946,2.11219235924031,0.860569412355169,0.608098027088473
"Line_2952",4275.01770359701,688.086996618986,72.5441989702898,2.13785131273982,0.327788250834537,0.608098027088479
"Line_2970",4148.71355268125,463.019119923956,68.3749784033588,1.43706702288367,-0.591464552404824,0.372292872196351
"Line_2980",4046.27381229007,705.899704781818,71.9846671498564,2.14889238059341,1.45939701031875,0.608098027088471
"Line_2982",5003.23852220493,714.796882785836,71.2267439100815,2.16437640235945,0.860569412355564,0.608098027088477
"Line_2991",5247.26217365299,705.436315736399,71.7332374542371,2.15941454960819,-0.445538203788828,0.608098027088473
"Line_2993",4440.09363486569,639.03220251025,72.8873777244116,2.08540517560693,1.45939701032037,0.60809802708848
"Line_3000",4878.55706364949,662.171995786695,63.9713537412466,2.10784357519627,-0.445538203787291,0.608098027088475
"Line_3004",3745.69704015618,695.145124194408,70.5716932999299,2.15077625317805,0.860569412356832,0.608098027088473
"Line_3028",5165.68376123283,738.904259464394,72.7645089745143,2.1860296298959,1.45939701031854,0.608098027088477
"Line_3054",5136.30893343532,728.153415503045,70.0601909998948,2.17034103576508,0.860569412354953,0.608098027088477
"Line_3068",4624.65522546079,700.008262954273,69.4857963087288,2.14752188802609,-0.445538203788484,0.608098027088473
"Line_3088",3855.71223054349,709.074036720028,70.4326356835465,2.15080567635822,1.45939701031875,0.608098027088473
"Line_3119",3524.04206156651,699.644434432872,70.687869859159,2.14810993400125,0.860569412356974,0.608098027088473
"Line_3135",4136.16575033681,712.038457515529,72.872533203115,2.1669109114469,1.45939701031889,0.608098027088475
"Line_3141",3936.17656998256,725.566731200311,69.4961085576553,2.17089399113764,0.327788250833454,0.608098027088468
"Line_3146",4618.09198760319,684.132525716745,69.1489599340159,2.12681464405496,1.45939701032114,0.608098027088478
"Line_3151",4673.00911305762,391.211513025317,70.5756338884763,1.20116225023439,0.722766356603863,0.299812558640976
"Line_3161",4661.83270653507,701.505721461124,71.8698145909464,2.14607522954806,0.86056941235539,0.608098027088484
"Line_3166",4703.12956458296,697.078858675471,71.6883315756633,2.14408316391656,0.860569412359322,0.60809802708848
"Line_3210",4132.52945357178,696.035985802024,70.9600191175176,2.14240351202602,-0.445538203791853,0.60809802708847
"Line_3214",4325.28007975053,454.337647500039,67.8959237429062,1.44156359065795,1.07532008033041,0.366754334814615
"Line_3232",4719.54664235053,680.187901738758,68.4735440956699,2.12272604630222,0.860569412356155,0.608098027088477
"Line_3242",5035.40980532977,662.908329018021,68.7145534032884,2.11124600069226,0.860569412357142,0.608098027088474
"Line_3246",4112.27192365764,697.109586244626,72.2640069466016,2.14357860284182,1.4593970103197,0.608098027088473
"Line_3262",4727.06855589789,670.847685994766,67.6233011571117,2.12140639988151,1.45939701031373,0.608098027088473
"Line_328",4395.36543335353,692.01182310704,73.0488262470915,2.14315715471882,0.860569412358263,0.608098027088475
"Line_3281",3851.09486274356,698.756229628319,67.982233155218,2.14113490736661,1.45939701031784,0.608098027088476
"Line_3288",3934.66753454528,719.307719370123,68.5351961965335,2.17107199569073,1.45939701032168,0.608098027088485
"Line_3323",5288.58098463815,701.101172897766,72.509515663396,2.15112860164687,-0.445538203789774,0.608098027088474
"Line_3333",3906.0450602532,678.856966613596,69.2081592013059,2.12784831497685,2.01480390937947,0.608098027088475
"Line_3345",3979.99209927345,481.336064376673,65.4879837575946,1.44004063827955,0.701707959547647,0.384472617388136
"Line_335",3354.74817058158,682.56803970155,69.8387061556619,2.12490327458528,0.86056941235468,0.608098027088478
"Line_3386",4451.34836642624,739.607953965879,68.2796105801475,2.1882717755372,0.327788250832738,0.608098027088472
"Line_3387",4437.63641716042,702.501143517181,69.1587077327306,2.14315188109999,-0.445538203789022,0.608098027088474
"Line_340",4192.24778616596,660.317667197526,72.1654965905439,2.10583951529085,-0.445538203788489,0.608098027088475
"Line_3400",4289.16630794357,411.791153136822,69.802274149832,1.43442693221258,-0.520140014029868,0.312963744598259
"Line_343",4019.40611191398,687.755476569616,68.7039664479665,2.13786863872693,-0.445538203788813,0.608098027088472
"Line_3431",3019.4611559296,701.908709468376,69.8724518990556,2.15231592502896,0.327788250833214,0.608098027088481
"Line_3432",5433.32546509325,445.749864439688,69.8991797087152,1.4300868556813,0.144906098590157,0.367819422820476
"Line_3448",5020.6894189315,471.72761678569,66.6171365968285,1.4385734967298,0.0948384951784713,0.381981755527112
"Line_3456",5961.72798938132,684.93666907036,71.8142114673658,2.13491655008983,1.45939701031934,0.608098027088473
"Line_3474",3766.27010930031,687.155996194487,69.1522139991457,2.13507157507083,0.860569412354435,0.608098027088478
"Line_3489",5340.64235086326,710.82724720554,71.7719297949824,2.16382494670597,-0.445538203787189,0.608098027088475
"Line_3502",3870.29994816662,719.134871617814,69.6345124755654,2.16113346969301,2.66850954136245,0.608098027088472
"Line_3506",4143.59526191179,656.005079198765,71.8881009186156,2.09937321553989,0.86056941235528,0.608098027088476
"Line_3525",3102.78338739834,706.9355835866,65.2768093221473,2.16195223708475,-0.445538203791537,0.608098027088469
"Line_3531",4777.29920459441,465.011449394097,68.3754905002357,1.43648097476926,0.126497987302259,0.377833264735277
"Line_3535",5058.65480670665,680.97779354525,70.8984172012489,2.12665765575856,1.45939701032049,0.608098027088477
"Line_3541",4699.60676515685,674.195165791731,67.3497835597845,2.12502580349563,0.860569412352354,0.608098027088473
"Line_3554",4035.38086464614,685.339746249845,71.2564787646235,2.13609725644135,0.860569412356473,0.608098027088475
"Line_3574",4568.52940766029,649.483747601755,68.525028405694,2.0966486955866,2.66850954136124,0.608098027088473
"Line_3582",4288.82132198464,694.955909820768,67.6448021301374,2.14675514930867,1.45939701031913,0.608098027088472
"Line_3593",4734.9958949287,715.547849261281,67.464529513383,2.15931513431762,-0.445538203788159,0.608098027088476
"Line_3614",4223.02500472022,469.945355920737,69.3690637735675,1.43795658228761,-0.874513234306778,0.376021332517783
"Line_3618",4034.00850376537,663.4248843763,68.2755962639793,2.10897973659419,-0.445538203789443,0.608098027088469
"Line_3626",4691.3455110365,411.760872995874,66.8819442556578,1.2043797032929,0.446971000945461,0.309251791247772
"Line_3634",4734.74094466123,657.748805774704,69.5561669524027,2.11316641105791,0.327788250831307,0.608098027088477
"Line_3649",3530.42058917423,689.244536830629,68.8380953006802,2.13612536574662,0.860569412353457,0.608098027088477
"Line_366",4134.03799967095,677.858910137374,68.9950980042734,2.12571394803536,-0.44553820378774,0.608098027088477
"Line_367",4209.46490862198,657.819789519429,70.1048230040523,2.10557588369822,0.327788250831497,0.608098027088483
"Line_3692",4816.68186719214,690.793640119023,71.2037463562539,2.13479192086969,0.860569412355171,0.60809802708848
"Line_3695",4361.00729608653,694.874290794624,69.0393915513788,2.13663742823351,0.327788250832643,0.608098027088484
"Line_37",4732.14746883789,660.150162315804,67.250216107208,2.10709054449942,0.860569412354754,0.60809802708848
"Line_3731",4413.37055889554,465.872737517764,68.6189602792823,2.14718996893984,0.335132010202618,0.373110106953234
"Line_3755",4466.98818398827,668.762810489943,71.962912856169,2.12257082827756,2.01480390938045,0.608098027088474
"Line_3757",4499.04643743081,657.679866920457,73.0110574567983,2.11357454018174,1.45939701031664,0.608098027088482
"Line_3786",4193.90658564241,663.547232726322,66.5796948852852,2.11391743492465,1.45939701031818,0.608098027088475
"Line_3787",4807.6959931904,467.501482876917,69.8267141175522,1.45038822451132,0.146487834963941,0.369562628519059
"Line_3794",3647.25256373565,732.415378000965,69.479257331831,2.18082858711596,-0.445538203788339,0.608098027088475
"Line_3808",4350.89159657472,719.733450130175,70.8321098204405,2.16423658950195,0.860569412353671,0.608098027088478
"Line_3832",4867.94089147548,672.686060009034,69.3650354702723,2.12076740564837,0.860569412353942,0.608098027088472
"Line_3851",5039.49179658772,689.888216532223,67.2017388415818,2.14189687477547,-0.445538203788658,0.60809802708847
"Line_3862",4869.54207735446,683.906534636999,69.219792855359,2.14018010880495,2.66850954136261,0.608098027088471
"Line_3867",3803.37222732229,419.190473476629,68.564412403091,1.4524965392252,-0.790790305876764,0.311467587746209
"Line_3883",4710.41092002731,682.538972783829,68.0188673890455,2.12614018634688,-0.44553820378909,0.608098027088473
"Line_3884",4582.88614429867,468.375126920213,67.6633630504259,1.43316814759427,-0.0352120298300592,0.382721312954971
"Line_3898",4486.18851511416,688.599156974525,68.0833659849375,2.13682965488451,-0.445538203787866,0.608098027088477
"Line_390",4252.8811399086,661.337260791747,68.9761145050532,2.11494589235061,0.860569412355423,0.60809802708848
"Line_3901",3214.59871253631,710.979557562001,70.5156317738051,2.15355081285302,-0.445538203787347,0.608098027088474
"Line_3904",4551.66996447795,697.535082234335,72.8151815831208,2.14714917257188,0.327788250830114,0.608098027088475
"Line_3906",3447.8332421492,654.608792405195,73.4510059057203,2.1046226314676,0.860569412356458,0.608098027088476
"Line_3910",3950.50622933055,709.426499826573,72.1612010094882,2.15919694567361,0.327788250830458,0.608098027088472
"Line_3913",3877.88846401862,674.732502337841,71.975430695076,2.12498311475585,2.01480390937848,0.60809802708848
"Line_3920",3922.40805110683,692.748975680684,65.9208319394772,2.13265792590332,0.327788250831729,0.60809802708848
"Line_3927",4013.90491331153,673.338570155838,70.0362482584585,2.13066313554835,-0.445538203789862,0.608098027088477
"Line_3932",3197.09803338418,674.643613931835,72.8670083080429,2.12210392136274,-0.445538203791228,0.608098027088477
"Line_3941",4416.87822275102,704.981299431006,69.826708489054,2.15332132474856,-0.445538203789396,0.608098027088474
"Line_3943",4390.91657793525,463.590686838255,68.0748946552735,1.43494381815001,0.356296367963013,0.374814801268342
"Line_396",5136.19106828717,463.094388062133,72.3486039274152,1.43918484000117,0.111026917725243,0.373370488865292
"Line_3974",4724.20106034793,684.144693814438,67.3576985567828,2.13140118588046,2.01480390937835,0.608098027088473
"Line_3988",3998.17357011512,717.157210087417,69.4918157507909,2.16495483135717,0.86056941235557,0.608098027088479
"Line_3989",3579.71148338691,688.066216592522,70.1515769214788,2.14302746681475,1.45939701031763,0.608098027088467
"Line_399",3573.90058120742,665.742839571764,70.2414191964987,2.1162411967349,2.66850954136177,0.608098027088474
"Line_3990",3554.841526718,732.089522139494,66.0573909104774,2.17872080987444,1.45939701031779,0.608098027088482
"Line_4",4543.98504717831,411.021177588364,70.7938204131292,1.44270129448991,-0.516239639944775,0.310052744493387
"Line_4033",5170.36318542904,464.087825446975,70.5041849752565,1.44092726424801,-0.193981769835714,0.372578356901027
"Line_404",4423.86776577304,652.068948961194,72.5233897900176,2.09990610347619,0.327788250831387,0.608098027088482
"Line_4049",5266.17380253962,469.41728923359,74.376496511715,1.4401154553807,-0.501880534368951,0.377872659240067
"Line_4059",4294.08698011136,715.866138859743,70.5135619201135,2.15871862507292,1.45939701031931,0.608098027088477
"Line_4079",3472.94767514227,667.957105689628,70.488041348866,2.11519770249962,0.860569412356043,0.608098027088484
"Line_4092",4035.90367774568,710.591990147479,71.2942733327443,2.15953398397506,2.01480390937773,0.608098027088477
"Line_4096",4266.17870205814,651.537285223928,69.2784269105878,2.10302403388776,0.860569412355326,0.608098027088475
"Line_412",4448.20690046217,737.600096473327,70.5800400787742,2.18507052745792,0.327788250831742,0.608098027088479
"Line_4124",3943.1665020085,669.560341731204,72.4667985996406,2.11772516019304,1.45939701031889,0.608098027088472
"Line_4126",3859.35490683659,665.683716804871,72.9061412434656,2.12341604088814,0.860569412355198,0.608098027088485
"Line_4137",3597.08807298673,698.367359845285,69.165569069382,2.14811157054561,2.01480390938049,0.608098027088481
"Line_4154",4384.42463288027,657.449775079598,69.3810425903566,2.10340370822959,0.860569412355326,0.608098027088486
"Line_4175",4228.05833048229,691.537935072381,68.9935915953488,2.13231431334386,-0.445538203789982,0.608098027088472
"Line_4183",4113.68945895707,706.878834349878,71.5547933895027,2.153853650344,-0.445538203791173,0.608098027088479
"Line_419",4219.29194401965,651.254315598205,71.5849054967182,2.09741955180923,0.860569412354866,0.608098027088476
"Line_4210",4195.04000213729,646.935343918748,72.1178709307712,2.09258577454429,2.0148039093818,0.608098027088471
"Line_4229",4833.74701687242,728.980642265105,72.8805786236185,2.17732412344443,-0.445538203788388,0.60809802708848
"Line_4268",5509.02382997116,718.141986361022,73.2162517536885,2.16998540963683,-0.445538203790329,0.60809802708848
"Line_427",4595.16348237343,710.071474410245,70.9257575523585,2.14974421347735,0.327788250830231,0.608098027088475
"Line_4281",3465.54422520925,727.364492372202,65.8075690763356,2.16988341442469,0.860569412356607,0.608098027088479
"Line_4290",4318.50553061613,666.248384632592,68.8207086551972,2.12165722660288,-0.445538203790335,0.608098027088477
"Line_4296",4494.39912127695,665.394369966722,72.3673010809248,2.10919882745224,0.860569412353554,0.608098027088479
"Line_4304",4708.48002098726,686.881893953238,67.7348216042023,2.13288736946963,0.327788250832563,0.608098027088479
"Line_4306",4446.62784107736,683.697759633088,70.9205570219297,2.12668455833244,0.860569412356356,0.608098027088477
"Line_4314",4394.59192051137,693.337187272128,69.2959676068643,2.14149126842597,0.327788250833461,0.608098027088478
"Line_433",4899.66440436712,668.053810360791,68.9208574368377,2.11981821021138,-0.445538203787301,0.608098027088475
"Line_4332",3012.84563789556,700.508934148517,69.2231569239132,2.15224777488343,-0.44553820378894,0.608098027088475
"Line_4341",5374.47475533416,669.349090362389,72.0108918874184,2.11217796697321,0.327788250833417,0.608098027088473
"Line_4348",3768.22289546978,655.04641072506,72.7759232655549,2.1079391552292,2.01480390937952,0.608098027088475
"Line_4355",4185.11445798792,661.143150460644,68.7074642890614,2.11485410010039,-0.44553820378524,0.608098027088477
"Line_4356",4572.51370946239,669.840445864876,70.4298590470936,2.11171782962882,-0.44553820379029,0.608098027088475
"Line_4369",4203.45969278461,694.353327881097,69.1474322153776,2.14777574125629,-0.445538203789732,0.608098027088479
"Line_437",3181.11336492009,739.163059185768,72.1768379005943,2.18708469450614,1.45939701031652,0.608098027088487
"Line_4381",4321.16602997446,667.114948522608,69.7600072590783,2.11405107460893,0.860569412355116,0.608098027088478
"Line_4389",4381.30400061002,664.983034572918,68.8572956744662,2.11463397260415,-0.445538203791505,0.60809802708847
"Line_4405",3460.05621351053,696.449698130555,67.2864363229581,2.14447403498598,0.860569412357217,0.608098027088477
"Line_4407",4746.16465582176,487.275575646339,69.5548688539828,1.45044601836967,0.286607088811947,0.382466366538302
"Line_4418",4566.19350306439,714.102323016618,73.9107499450521,2.15431222159334,1.45939701031921,0.608098027088479
"Line_4431",4103.26914805508,705.206803003199,69.0400077334873,2.15348439821214,1.45939701031952,0.608098027088478
"Line_4440",5334.24414172292,668.731010960578,69.6921776593977,2.12684775175203,-0.445538203788827,0.608098027088479
"Line_4457",3745.45642405935,492.736837166441,69.5882876647024,1.44837110039733,1.35196188347787,0.38512189062735
"Line_4468",3572.90506933845,721.210280918112,71.6685390559324,2.17276597520708,0.860569412355908,0.608098027088484
"Line_4488",3617.58884896333,690.769886236424,72.0801021829158,2.14017352436981,1.45939701031769,0.608098027088475
"Line_4493",4784.6154178382,675.247686996779,70.6660152417254,2.1294607130928,-0.445538203790444,0.608098027088483
"Line_4499",3739.73895529613,650.372170792867,72.0610801420684,2.09698634178792,3.52387710560972,0.608098027088473
"Line_4512",4602.57540292716,667.839291490029,72.4285595339819,2.12488853439821,2.01480390938019,0.608098027088481
"Line_4524",4713.12682906439,678.865179004609,72.5865762196087,2.13104502308279,-0.445538203792241,0.608098027088475
"Line_4540",5250.72242499662,673.522840087369,74.0183067619037,2.12319450772162,0.327788250833963,0.608098027088476
"Line_4543",4841.35125973362,683.423448126888,71.0367400942855,2.12725497672385,1.45939701031904,0.608098027088475
"Line_4552",4346.1505968635,703.539911578297,71.241790349618,2.1504227914165,1.45939701031661,0.608098027088483
"Line_4561",2773.30387006608,707.451061959014,66.6480415078263,2.15400980845411,-0.445538203792531,0.608098027088479
"Line_4588",3869.84227150021,669.184293013686,69.1601126971395,2.1229379213442,-0.445538203790992,0.608098027088481
"Line_4637",3846.64771029144,697.776937438023,70.4764870405498,2.14830767135471,0.327788250830863,0.608098027088478
"Line_4649",3977.75039616685,713.518321552259,68.3735955452983,2.16114950738832,1.45939701031756,0.60809802708848
"Line_4654",4501.88460968598,727.021912710676,74.6093575022785,2.17024192865294,-0.445538203789997,0.608098027088477
"Line_4657",5232.69672319395,684.830094306016,65.9315948823582,2.13380661068579,0.327788250833455,0.60809802708848
"Line_4661",3034.80522832436,659.822909643507,67.1138558585399,2.11177437868477,0.327788250831859,0.608098027088479
"Line_4698",3945.14368482433,655.762629217908,67.3180430642121,2.10435522761364,0.860569412355704,0.608098027088477
"Line_4713",4188.85020426287,685.731433560876,72.0572435929451,2.13242750208268,0.860569412353802,0.608098027088479
"Line_474",4032.5257268911,402.751935756138,69.5444559283835,2.13516205813452,1.15088750629678,0.305216214313232
"Line_4743",4060.05200185478,697.117314556154,70.6678337813568,2.14152630188347,0.860569412355276,0.608098027088474
"Line_4764",4859.46139076372,693.570724101931,71.8772661886328,2.14638802449266,0.860569412353253,0.60809802708848
"Line_4776",5055.36529190647,695.102932166358,71.6697596981262,2.14330136558403,-0.445538203787153,0.608098027088473
"Line_4810",5324.91698944122,704.483239673678,72.1656997343835,2.15226937742628,0.860569412355163,0.608098027088471
"Line_4816",4623.78975441159,669.885425460986,72.8537776949549,2.11849898571316,1.45939701031999,0.608098027088477
"Line_482",4573.76390168353,741.047846903887,72.1417672649859,2.18934789701822,0.327788250834676,0.608098027088477
"Line_4825",4916.52444948558,689.404763803479,66.9765161432722,2.14317723709284,-0.445538203788251,0.608098027088477
"Line_4839",4137.66794958294,675.118546408296,68.3760673637082,2.11631296502939,0.327788250831643,0.608098027088478
"Line_4840",3903.57337004891,668.053707443243,69.0441146485503,2.12109183653523,0.860569412353611,0.608098027088476
"Line_4851",4929.68971644299,654.198575910861,72.8239811385774,2.10438448274107,1.45939701031824,0.608098027088476
"Line_4855",3712.46225345755,650.748980659012,65.6541275395311,2.09808717479273,1.45939701031905,0.608098027088475
"Line_4861",4205.89980862105,417.143353010219,71.6730504398332,1.20336302903909,0.0687197065460856,0.315866932619412
"Line_4899",4031.17251039126,401.456931405637,69.8813868877935,2.10829615511629,-0.454520530698429,0.307189878336687
"Line_4938",4690.72300872521,703.354164325504,72.9104494873962,2.15006274425461,-0.445538203789586,0.608098027088477
"Line_4948",3970.8093507575,706.936688997541,71.3610968757658,2.15003338910838,0.860569412357598,0.608098027088476
"Line_4950",4196.14946896673,662.628486191742,70.6272760268825,2.11681528128996,2.01480390937947,0.608098027088477
"Line_497",4409.3620280923,446.263589105768,66.5605789524862,1.43182298911048,0.307099578837981,0.366256067297758
"Line_4981",3827.09658037116,674.890752057429,65.7286458149759,2.12753350679084,-0.445538203792202,0.608098027088474
"Line_4994",4600.12423741704,679.416438377941,72.6607750049687,2.12977801671426,2.01480390937623,0.60809802708848
"Line_500",3649.50583815152,652.441960401883,70.9784072087728,2.1026902473135,0.860569412353033,0.608098027088479
"Line_5004",5211.92206467546,707.758796796896,71.9707654683267,2.15392611591835,-0.445538203791254,0.60809802708848
"Line_5009",3619.76799862213,689.888237556784,70.6868619802873,2.13949286820951,0.327788250830135,0.608098027088473
"Line_5013",4164.74988587838,708.55897414177,71.0840946045036,2.15094276946495,2.0148039093759,0.608098027088474
"Line_5023",4578.57770505855,700.737488335841,71.5527013097703,2.14582334682084,-0.445538203792041,0.608098027088475
"Line_5024",4488.38240427743,688.405746328993,69.7944259957575,2.12847408496624,-0.445538203791269,0.608098027088478
"Line_5025",5646.58716527621,696.510582657426,69.1652156110132,2.14279907156441,0.860569412354139,0.60809802708848
"Line_5047",3886.2782387113,705.353559113382,72.3690423209333,2.15247583340066,0.860569412353031,0.608098027088477
"Line_5053",4412.74868580148,689.858120522084,68.0276871484759,2.14167435284037,0.860569412355003,0.608098027088478
"Line_5067",4047.25212952108,660.653250559742,69.2173163060667,2.11766411467372,1.45939701031556,0.608098027088478
"Line_5072",4520.51082303676,698.227767769667,69.6633976213829,2.14813541645356,-0.445538203790482,0.608098027088478
"Line_5090",4457.73904205262,682.785030081768,71.4651935857823,2.13050122104439,2.01480390937955,0.60809802708848
"Line_5144",4517.63338781484,683.697876425209,69.7386261145533,2.12839693956981,0.86056941235345,0.608098027088479
"Line_5156",4517.49292610342,652.109256451825,69.6919777140086,2.09751446650814,1.45939701031845,0.608098027088479
"Line_5157",3963.44414944287,705.24962927601,71.2381557281177,2.14944230928629,0.860569412354068,0.608098027088482
"Line_5173",5096.72716540483,688.292731683434,74.5283917761558,2.13663019651882,0.860569412352276,0.608098027088478
"Line_518",4794.52099179595,707.166316699345,66.5564411714584,2.15214965958991,0.860569412353206,0.608098027088477
"Line_5196",3120.27150849523,699.127707023291,64.0194431874463,2.14830598583529,-0.44553820379107,0.608098027088481
"Line_5208",3682.26724662398,675.364548145768,72.7784708796728,2.12249274659547,0.860569412352972,0.608098027088479
"Line_5232",3979.97798556507,698.827908342292,70.261035973758,2.14365241671047,-0.445538203791869,0.608098027088475
"Line_5236",4651.62239338772,657.577376228008,71.3511424061786,2.10021018459996,-0.445538203791165,0.608098027088474
"Line_524",3756.86139386848,675.131068519724,68.2489614410223,2.11907892114904,1.45939701031746,0.608098027088476
"Line_5245",3280.56706355152,684.1830382215,67.0395749412697,2.1301981993485,-0.445538203791226,0.608098027088478
"Line_5255",4542.65818041427,461.265651073096,71.3288476257312,1.43887864162358,0.633480547128093,0.373456091016247
"Line_5261",5198.26912799395,705.636167595787,71.0593835316172,2.15768577094009,1.45939701031689,0.608098027088475
"Line_5280",3921.09775861914,663.706794823722,68.0699704082161,2.10957595559837,1.45939701031776,0.608098027088474
"Line_5308",4498.29879090428,693.128657489424,72.8073508758932,2.14103755704748,2.01480390937818,0.608098027088475
"Line_5314",3561.82550145377,707.117888626662,67.9567573229382,2.16166447480103,0.327788250831333,0.608098027088473
"Line_5330",5633.15414940505,719.699251071035,74.3578890735146,2.17093699764089,-0.445538203790888,0.608098027088475
"Line_5333",4274.80207380347,694.267729353563,73.4664701296385,2.14603920571145,0.860569412353348,0.608098027088476
"Line_5350",3997.37583856415,692.080317764564,71.425879270813,2.13387487292332,0.860569412353774,0.608098027088477
"Line_5396",4888.02918163973,683.826933806125,69.837424409049,2.13212228052572,0.327788250831215,0.608098027088476
"Line_5398",4058.05610056581,733.589737222812,67.0774843560737,2.18429288485325,-0.445538203791517,0.608098027088477
"Line_5410",3522.64781183469,673.367313961585,70.4045134685206,2.11985315514128,0.860569412354053,0.608098027088475
"Line_5427",3177.08296871484,683.157013323902,65.5848649239621,2.13175999893369,-0.445538203791551,0.608098027088477
"Line_5451",4126.24363295836,478.753974704984,75.22978529878,2.11985423834842,0.961990971549253,0.386103568031065
"Line_5461",4874.61757050669,691.089470559711,67.4354996900157,2.13779969313424,-0.445538203790853,0.608098027088476
"Line_5467",3953.43657796713,679.433084293388,69.7395087871335,2.12178049645061,0.327788250829846,0.608098027088474
"Line_5481",4473.33683485096,665.528915128774,66.1275580567801,2.11770606296681,0.86056941235337,0.608098027088476
"Line_5503",5184.77456660424,662.720124301374,73.7871863113166,2.11057676394371,0.327788250831475,0.608098027088476
"Line_551",3496.9283919078,697.187539089154,65.2821586587167,2.1444930893374,1.45939701031732,0.608098027088477
"Line_5511",3762.67690164844,652.063523533717,69.1673973286098,2.10112147082534,1.4593970103182,0.608098027088474
"Line_5532",5288.78332756428,708.180452555512,74.1087119571625,2.14792238502678,0.860569412354411,0.608098027088478
"Line_554",5142.74649654275,412.277731409653,70.74565911518,1.20403655209733,-0.693408362317656,0.313700039444627
"Line_5540",4275.09648123687,710.10973259544,73.8234550443801,2.15426550925983,2.0148039093773,0.608098027088477
"Line_5580",4296.97920620767,692.89976560089,70.6574297417224,2.1433188246753,0.860569412353763,0.608098027088475
"Line_5586",4143.05439815776,675.419200966901,68.9599797989557,2.1239073072297,-0.445538203790735,0.608098027088476
"Line_5592",3807.79449763491,711.065562520107,65.1086132757655,2.16554552218366,-0.4455382037907,0.608098027088477
"Line_5630",4125.84406651327,734.783047140959,70.2622514746223,2.18530890113518,-0.445538203790651,0.608098027088478
"Line_5648",3858.06706248142,675.569353217507,67.8673148866943,2.12722927449229,0.860569412354715,0.608098027088479
"Line_565",5218.89377175733,668.46357327748,68.7410692419489,2.11838566765239,-0.445538203790863,0.608098027088478
"Line_5653",4595.53255708372,656.883375915666,72.7649887115315,2.10861585141253,1.4593970103175,0.608098027088478
"Line_5655",4397.00219006478,690.115864869755,69.6394118779944,2.14069597216946,0.860569412354328,0.608098027088478
"Line_5704",3991.19602633732,671.090691105876,67.9395917535035,2.12166963842727,0.860569412354883,0.608098027088475
"Line_5720",4891.74138874229,681.620265483125,71.2504292208616,2.12329855353237,0.32778825083188,0.608098027088477
"Line_5738",4452.12969513419,657.061774463969,69.5702315143803,2.10111916664323,-0.445538203789203,0.608098027088476
"Line_5749",3530.55157543843,658.322444880446,71.2721471196706,2.10322561677266,0.860569412355047,0.608098027088475
"Line_5766",3452.56816192069,686.98434333482,71.0915230255316,2.13567788834031,0.860569412354862,0.608098027088475
"Line_5770",4264.63071368418,660.815582642473,71.491160935876,2.10995658245527,0.860569412355317,0.608098027088476
"Line_5776",4591.80963518053,478.201483184828,67.0026093868512,1.44646591071308,-0.433821154459423,0.378114929139205
"Line_5790",4599.09207846826,685.58774189906,67.7959713192122,2.13240840415785,0.860569412355411,0.608098027088477
"Line_5811",4153.6553281351,637.425013695518,67.0866592538362,2.08312131325438,2.01480390937938,0.608098027088474
"Line_5873",4607.06666101391,686.005261036817,71.8454757942491,2.14199953284297,-0.445538203788342,0.608098027088476
"Line_5876",3915.54420595096,693.685049706422,68.3505736898325,2.13968918865712,1.45939701031882,0.608098027088474
"Line_5877",4605.31560767658,650.153381451026,71.2746484615595,2.09287805198004,0.860569412356159,0.608098027088475
"Line_5893",5162.24285310522,721.545490420253,73.6045371432838,2.16598982306422,-0.445538203788753,0.608098027088477
"Line_5906",4759.36529868269,667.04118080316,70.6655509255569,2.11072080667145,1.45939701031928,0.608098027088477
"Line_5909",4289.70533443084,738.599842143975,71.2122628416142,2.18658238639838,0.327788250832738,0.608098027088475
"Line_5914",3610.89459909353,714.476293124329,69.3339799874984,2.16036023820698,1.45939701031992,0.608098027088475
"Line_5915",4854.86316961974,668.706749516342,71.8035636263652,2.11961552378748,-0.445538203788862,0.608098027088475
"Line_597",4367.69654341974,666.91050346408,72.7215153705103,2.12073692232148,2.66850954136324,0.608098027088477
"Line_5976",4864.49716644985,692.206986080534,71.5658054407695,2.13525890480098,0.860569412355623,0.608098027088474
"Line_5999",4409.08921728924,700.447627694736,69.7538347290269,2.14902465897956,0.327788250833004,0.608098027088476
"Line_6009",4156.55274680303,721.740356928989,67.8941736740242,2.16583383535162,0.860569412355648,0.608098027088476
"Line_6016",3907.14860721477,700.750673821652,72.7683662763488,2.13927816071802,2.01480390938035,0.608098027088476
"Line_6021",4247.39826631079,663.26138709319,70.5241808471257,2.10412288408371,0.860569412355767,0.608098027088476
"Line_6023",3709.52932856288,407.283073342268,69.4207711856949,1.43969512822031,-0.707310734893916,0.309794302797477
"Line_6025",4699.2567633676,709.482192006342,71.9050754343032,2.16272987450638,2.01480390938008,0.608098027088475
"Line_6027",5465.67350486319,664.032597577771,72.6288874757403,2.10841027067887,0.327788250833278,0.608098027088476
"Line_6033",4592.73958307469,695.532478446099,71.4590003725946,2.13675737199258,0.327788250832753,0.608098027088475
"Line_6047",3899.37076517505,707.958420134573,70.842314675717,2.15724079167376,1.45939701031943,0.608098027088476
"Line_6061",4037.59054687566,644.294259471477,63.3260587284426,2.09310581963266,1.45939701031908,0.608098027088475
"Line_6073",4445.05835623967,694.179005278182,71.0996653061723,2.1419305050731,0.86056941235593,0.608098027088476
"Line_6075",5427.33699620339,662.970040195771,74.4166331686167,2.1154191249142,0.8605694123556,0.608098027088475
"Line_6082",5123.90492244376,679.547014439251,72.3220249308689,2.12496011971673,0.327788250832282,0.608098027088475
"Line_6088",3901.53242549442,660.680022818534,70.0694909979959,2.10460504442113,0.327788250832685,0.608098027088475
"Line_6101",4433.87296794825,677.323756514289,70.649245431604,2.12468187956952,0.327788250831606,0.608098027088475
"Line_6107",4243.42011947714,687.571103238678,70.4019010629578,2.14239764368254,-0.44553820378916,0.608098027088476
"Line_6114",4153.80877732387,721.228431212708,71.7570680942665,2.17426436166762,2.01480390937946,0.608098027088475
"Line_6127",3746.22269664564,706.400076810537,71.7846366458763,2.15537573705145,2.66850954136251,0.608098027088474
"Line_6134",5173.52991052497,689.656178732414,71.3257687001312,2.13764708833233,-0.445538203789761,0.608098027088474
"Line_6137",4836.39473617041,717.304546274032,72.5935519697915,2.16747360501171,1.4593970103184,0.608098027088475
"Line_6158",5060.91410525975,678.335668350115,69.9548370648558,2.12637946871851,0.860569412354944,0.608098027088474
"Line_6160",4730.7944864295,698.219832895522,72.3682749507871,2.15088025792897,-0.445538203789655,0.608098027088476
"Line_6161",5422.63630258063,699.844327419915,66.3639774124388,2.14585713966,-0.44553820379045,0.608098027088476
"Line_618",3744.94378334013,692.190467532262,67.7125653188578,2.13554461416702,0.32778825083171,0.608098027088473
"Line_6188",3880.35193181019,721.088035265108,71.4296026701169,2.17216823544994,-0.445538203789632,0.608098027088473
"Line_6210",5152.21157968911,691.59784492226,69.1455492464162,2.1354119055833,-0.44553820378897,0.608098027088474
"Line_6216",4013.1248620209,663.040478417777,72.9988605662511,2.10763962361455,1.459397010319,0.608098027088474
"Line_6245",3979.25535745695,689.990325401092,70.3056271307276,2.14577631394239,0.860569412355084,0.608098027088475
"Line_6269",4284.0149661591,694.198196766594,70.4143692793182,2.14126198117549,1.45939701031895,0.608098027088475
"Line_6272",4473.40651192193,685.849342275343,66.4650107491144,2.13444603628036,0.327788250832293,0.608098027088473
"Line_6306",4271.27175790411,709.362813293878,72.8406453842724,2.16194825437667,0.8605694123554,0.608098027088475
"Line_631",4969.45310826989,665.393767174564,70.7195359023211,2.11396342344945,0.327788250831715,0.608098027088475
"Line_6332",4451.41387148621,700.929373094688,68.3491551737274,2.15242064160254,-0.445538203790211,0.608098027088476
"Line_6358",3475.21459336395,705.390225066269,68.3369479333895,2.15349777798023,0.860569412355201,0.608098027088475
"Line_638",4403.02399892122,726.192869880402,65.6213281485622,2.17225684166737,0.32778825083178,0.608098027088474
"Line_6388",2782.260792419,700.898067823233,66.5175757411004,2.15341906558616,2.66850954136238,0.608098027088474
"Line_659",4232.79065753502,653.149931413431,69.5130116729096,2.09887716733565,0.860569412355115,0.608098027088474
"Line_666",4684.49709095578,485.191271938807,70.1318311666119,1.44224036106006,-0.763742172650883,0.383945972013815
"Line_692",4377.58163210653,723.580788866299,70.8748137024482,2.16734842001966,0.860569412355074,0.608098027088475
"Line_696",4743.17157735754,710.299942570626,72.4683115846915,2.15590643039026,0.327788250832366,0.608098027088475
"Line_697",4529.59352658645,478.0883348312,70.9499714279897,2.14803227107079,-0.621584181783416,0.380608414172627
"Line_722",4303.04675301268,657.457646638088,68.9010428272753,2.10919974355196,-0.445538203790491,0.608098027088474
"Line_75",4910.50631134342,421.843084651696,68.8232784550161,1.20621173110393,-0.188275099906256,0.316995150875472
"Line_761",4178.21567350124,668.426990628786,73.2259853818263,2.11100445723907,-0.445538203790039,0.608098027088474
"Line_767",3755.74871635064,693.080966169796,65.5186807787274,2.13871344264587,1.45939701031806,0.608098027088474
"Line_815",4531.13331690552,473.346508695273,64.830416879229,1.4396568247616,-0.658211276150001,0.382591218253743
"Line_824",3001.19047523842,665.779958391685,70.8759519633439,2.11330746193192,-0.445538203789767,0.608098027088473
"Line_83",4269.81270290662,654.543558262647,70.5423396581689,2.09946785809293,1.45939701031806,0.608098027088473
"Line_841",3239.97155051832,711.013089934603,69.0101340312994,2.1597224403409,0.327788250831419,0.608098027088474
"Line_843",4101.91009080994,675.440958812389,70.5531426149063,2.11992918467428,0.327788250831406,0.608098027088473
"Line_868",3766.29125733004,663.69630480558,74.2731169074564,2.11926233414183,-0.445538203790533,0.608098027088475
"Line_892",4452.62315815998,672.564038220302,69.3686817537777,2.13123680170776,2.6685095413608,0.608098027088473
"Line_894",3866.97735019123,665.201274733615,72.8862393418358,2.11546939152155,-0.445538203790254,0.608098027088473
"Line_912",5284.43120992615,469.50536405327,71.1590475650216,1.43601702454626,0.381481001530657,0.381963167621776
"Line_913",4468.93223247923,671.36604888174,69.5508879481626,2.11837752367531,2.66850954136075,0.608098027088473
"Line_921",3750.12709232977,687.013479079238,70.1651776559738,2.13430176146096,0.860569412354719,0.608098027088474
"Line_929",4999.64993967267,411.011189294955,70.2396059301951,1.20681451337635,-0.164560607920399,0.30814480426209
"Line_933",5001.59205707505,709.605501394889,72.3950857939978,2.15262583737935,0.860569412354575,0.608098027088473
"Line_934",3827.04402376372,683.700173550817,66.8838482374063,2.13073644258359,0.327788250830875,0.608098027088473
"Line_949",3915.6964728048,669.080025131527,67.6224645463915,2.12896688719171,-0.445538203790637,0.608098027088473
"Line_955",3500.60325054969,697.382310778442,67.4135082770183,2.14303984457446,0.32778825083096,0.608098027088473
"Line_959",3960.19906243258,679.362184137841,69.1443277481859,2.13432130336663,0.860569412353625,0.608098027088473
"Line_967",4347.26102531708,478.004953713776,71.6198464698714,1.44280755828489,0.932425981690011,0.380068778466506
"Line_984",4315.19243594529,462.762884902886,67.0506777856053,1.43486733329167,0.918183923026274,0.378535783899209
"Line_1096",3867.78848816505,508.763383393356,66.4890912146346,2.14737853233954,-0.388840709588216,0.375806751385008
"Line_1199",3931.96348028804,484.431870852645,69.2723962842621,2.0191111725078,0.743975400614791,0.375806751384913
"Line_12",3564.6968210197,503.168130245144,70.6266677706605,2.11920710564427,0.743975400618418,0.37580675138493
"Line_1222",4031.5675735323,468.365392504136,71.7361580359752,1.92813162846254,0.743975400619745,0.375806751384936
"Line_1267",4162.3811881322,490.184172423593,67.8857827166001,2.04700316281597,2.02268676171222,0.375806751384929
"Line_1294",4634.98221684148,307.948113036292,68.159030343717,1.03963849089043,1.50338734850828,0.245389033042861
"Line_1472",4417.47429284967,497.068918070713,73.9034618822542,2.08834466712804,1.33580679599476,0.375806751384911
"Line_1539",4267.02619729808,448.059049416245,68.0419769924695,1.81944192775971,2.02268676170839,0.37580675138492
"Line_1743",4487.32924137353,497.944446308406,70.7632717286264,2.08809851508966,0.743975400621332,0.375806751384916
"Line_1755",3972.2058546721,472.407030409237,66.8621742888784,1.95220032873332,2.02268676171477,0.375806751384914
"Line_1762",4060.90058579607,470.919817572272,68.0218441909648,1.93899671092727,0.743975400617017,0.375806751384926
"Line_1793",3550.78442270332,297.413643687133,71.0067994435137,1.3428976432019,1.10156848129752,0.22073598421767
"Line_2047",4077.39522226105,448.617552164721,67.7899783930544,1.82310126505514,0.743975400619449,0.375806751384915
"Line_2059",4366.15951682241,469.436899558113,69.5813421524578,1.92782832998522,-0.388840709589159,0.375806751384912
"Line_2199",5053.58073374156,484.635756114589,73.5348558409273,2.0191876230688,2.87315578111325,0.375806751384904
"Line_2233",4340.74218532213,475.004420732673,68.5545794425617,1.96405352638323,-0.388840709596122,0.375806751384904
"Line_2247",4993.3520233932,517.308456333979,69.4148585457039,2.19318518923634,-0.388840709593265,0.375806751384919
"Line_230",3763.10104633708,465.190184794079,69.0515603096565,1.90672952593692,-0.388840709588301,0.37580675138492
"Line_2367",3616.62266109251,433.971223473471,65.8737743154804,1.73740597362571,2.87315578111231,0.37580675138493
"Line_238",4837.90549354714,476.04512782659,74.5210754739938,1.97506879969029,1.33580679599018,0.375806751384933
"Line_2449",4938.90190440728,464.492050263896,71.331969180018,1.90335277721905,1.33580679599213,0.375806751384917
"Line_2476",4656.05159313987,485.582386728234,73.9364245275589,2.0254972156474,2.87315578112682,0.375806751384924
"Line_2488",2890.91951781895,513.929556195207,65.0584595823705,2.17600014037494,0.743975400617819,0.375806751384933
"Line_2500",5250.84415059505,482.657145943227,71.4474576183998,2.00754137472843,-0.388840709591106,0.37580675138492
"Line_2538",5049.46795159713,474.219329939719,73.5461891092374,1.95821521215756,1.33580679598978,0.375806751384921
"Line_2570",4159.03829887488,499.140248918873,74.8167271088218,2.09776366040991,-0.388840709592616,0.37580675138491
"Line_2574",4663.04203045415,432.780649768684,68.6530215237312,1.73329053217194,2.02268676171569,0.37580675138493
"Line_263",3617.48129059312,433.589667896939,67.561397615375,1.7259544961474,0.743975400623503,0.375806751384924
"Line_264",4074.65413946144,472.765301492671,73.8998204543801,1.95870187418734,1.33580679598732,0.375806751384928
"Line_2641",4288.25567832712,469.377821262026,71.4779568766529,1.93163211020805,0.306183194521966,0.37580675138492
"Line_2717",4576.46872678776,459.02453554206,71.6496994472233,1.87907067889374,2.0226867617144,0.375806751384923
"Line_2758",5257.08239556587,438.398902406027,72.5700330417316,1.76516233590208,0.743975400616402,0.37580675138491
"Line_2773",4824.23488495879,455.362008916197,70.7230357294901,1.8586115120091,-0.388840709589767,0.375806751384917
"Line_2818",5205.84869511339,509.400258904393,76.4071039946407,2.15386406265688,1.33580679599378,0.375806751384903
"Line_2900",3890.0306944132,465.540658084968,67.4984380870431,1.90731083657197,0.306183194522953,0.375806751384916
"Line_291",3745.23169556441,505.856018886952,66.4725064447384,2.13065981850073,0.743975400611876,0.375806751384912
"Line_2932",3949.99203740971,374.042944046246,66.221967872232,1.51964021394294,1.03989109830486,0.270512193916873
"Line_2934",4422.94058549867,463.690901422625,69.2849065800577,1.90244443098213,1.33580679598995,0.375806751384911
"Line_2972",4316.22079267368,425.409762959268,68.3029713502209,1.6745306707071,1.3358067959952,0.375806751384913
"Line_3039",4488.61499074067,293.080259812936,67.3459931129565,1.02215526116151,-0.748174706448869,0.242355087042321
"Line_3040",3605.25878059444,444.636816618,68.2676077278854,1.79816241949098,1.3358067959927,0.375806751384929
"Line_3052",3886.81494057507,505.424283460858,71.277105350325,2.13403682018079,-0.388840709592797,0.375806751384913
"Line_3152",5257.23211224763,470.939562847863,68.2797179006409,1.94212948703475,2.02268676171153,0.375806751384918
"Line_3202",4626.70256157177,451.956709423922,72.4129162701319,1.83808031875939,2.02268676171086,0.375806751384914
"Line_3350",4102.38740355589,305.787377225197,70.3898735625442,1.43853727785753,1.2150197574601,0.224729559922865
"Line_3442",4418.81410604067,427.005577241511,72.8037026582788,1.69735731109155,0.743975400616077,0.375806751384921
"Line_3460",4266.18600128533,317.675661256885,70.3579475950917,1.18443699104211,1.56439646334734,0.244823274783068
"Line_3513",3326.44124157211,493.93686736992,59.9664549058496,2.07045497719239,-0.388840709595063,0.375806751384917
"Line_3569",4194.27647928116,474.971050067096,72.8951599676836,1.96698974928491,1.3358067959914,0.375806751384914
"Line_3601",4223.87522708599,290.145276771911,66.4989906592413,0.967965616716577,-0.261798127238013,0.242017895800621
"Line_3617",4819.30563315968,465.486229056998,68.7490422841824,1.90750171160038,1.33580679599083,0.375806751384925
"Line_3650",3942.83411784969,318.145439867832,66.952987831943,1.38953392415666,1.39612653873809,0.244278369405827
"Line_3710",4715.58097736336,488.932639235623,69.9559031816226,2.04082731778271,0.743975400614219,0.375806751384921
"Line_3714",3652.67752047574,470.024961551255,62.7436613390293,1.93408742675399,-0.388840709592779,0.375806751384928
"Line_3717",5182.22017537425,504.421120153984,70.8151383761599,2.12381029881416,0.743975400615806,0.375806751384916
"Line_3725",3707.17510184007,456.754133847687,67.3940621035247,1.86661155279727,1.33580679598796,0.375806751384928
"Line_3730",3475.69926058398,494.252438301567,72.6708589291306,2.06941441969018,0.306183194523044,0.37580675138493
"Line_3766",4889.20011732407,494.919614590527,66.7800070647538,2.07412235626687,-0.388840709591737,0.375806751384922
"Line_3907",5462.57419183057,496.996336885109,73.0420959360132,2.08656621453256,1.33580679599057,0.37580675138492
"Line_3957",4537.25981934263,474.318569991625,68.9134963654466,1.96646330692993,2.0226867617082,0.37580675138493
"Line_3970",4690.87970234013,475.466472518354,73.6900797948763,1.9719707898608,0.306183194519762,0.375806751384922
"Line_3996",4329.79460285517,485.625577692507,67.8015274696158,2.02923846647051,-0.388840709592254,0.375806751384921
"Line_4089",3915.58041482923,502.98069513627,73.1742645197282,2.11559986178614,0.743975400616259,0.375806751384924
"Line_4209",4222.58306007948,307.503809009859,70.6623928984728,1.34662126363253,0.54924335288807,0.243971295019929
"Line_4251",3753.31804325141,459.659388369531,65.1014882940263,1.88149924091147,0.306183194522443,0.375806751384934
"Line_426",4980.39051189084,505.2223218285,70.4648967944277,2.12672701388207,-0.388840709592532,0.37580675138493
"Line_4286",4624.02361106918,488.61281759046,69.6789092892367,2.0411837312465,0.743975400620458,0.375806751384929
"Line_4288",3305.48431463411,448.028643855436,67.7178198616993,1.81707412786135,0.306183194522142,0.375806751384924
"Line_4400",5294.07846923526,504.03861615799,75.8658008965252,2.12427103040857,0.743975400620336,0.375806751384925
"Line_4401",4376.31793982363,514.111399606738,66.0493323491294,2.17698139226097,-0.388840709590536,0.375806751384927
"Line_4404",3763.32801403374,318.867969516474,66.6009873709587,1.20028936802969,1.3530890791237,0.243224602153878
"Line_4469",3470.29510377419,475.233270974272,62.8471346902101,1.96794914515693,-0.388840709590566,0.375806751384923
"Line_4599",4925.0352564992,427.219441994327,68.5921069795977,1.70066286228459,-0.388840709590701,0.375806751384918
"Line_4646",4643.11960428312,429.832948548574,70.6412079883774,1.71775633795528,0.743975400618786,0.375806751384919
"Line_4752",4775.56405402346,444.686361945338,68.1574602139089,1.79969874262807,0.743975400617104,0.37580675138492
"Line_4774",4454.12303523828,467.273631310926,71.6883948718303,1.92318181149469,0.743975400617065,0.375806751384917
"Line_4803",3703.1008790638,504.899224377345,63.8082048134117,2.12579556596781,-0.388840709590196,0.375806751384918
"Line_5231",5938.72044945777,447.917770098259,71.9349035872838,1.82059536601838,2.02268676171183,0.375806751384911
"Line_5268",4546.85955444198,450.466220797102,72.5574756751603,1.82438026837284,0.306183194523512,0.375806751384915
"Line_5291",4401.15286705,460.093691899077,70.4460957429807,1.87964627572436,0.306183194523124,0.375806751384914
"Line_5307",4228.65839715243,452.746524175404,69.3035689061054,1.84199667974202,1.3358067959922,0.375806751384915
"Line_5359",4530.47566921293,484.18359564071,67.1183398773533,2.01754230323641,1.33580679599277,0.375806751384915
"Line_537",3261.55188021526,455.502765410838,63.706200953979,1.86185506434551,-0.38884070959085,0.37580675138492
"Line_5371",4229.79156848653,458.06064731158,74.051797262196,1.87223219278034,2.02268676171228,0.375806751384915
"Line_5453",3578.08733204519,495.345147937324,65.6886112077627,2.07639017308757,0.306183194525085,0.375806751384914
"Line_5464",4347.16579656575,461.260529291864,72.2901890842924,1.88160881021282,0.743975400618862,0.375806751384914
"Line_5493",3002.61473073588,459.630172258381,65.9223070401567,1.87579030495869,0.743975400618946,0.375806751384919
"Line_5618",4393.56493422743,458.981630062461,73.8435423846513,1.87783027321805,0.743975400617087,0.375806751384916
"Line_567",5022.89737488564,466.790199479019,67.2859540113533,1.919861859949,2.02268676171113,0.37580675138492
"Line_5721",3805.54281696661,509.115146119284,72.820386986651,2.14923106716053,0.743975400617885,0.37580675138492
"Line_5755",3860.59135576155,500.71020644661,70.151453561148,2.10832198854267,0.743975400617767,0.375806751384916
"Line_5830",4399.71399096834,500.64261059617,68.093666772706,2.10464719098668,1.3358067959915,0.375806751384918
"Line_5848",4537.73948616968,439.424996160932,67.2705576470462,1.76479146939811,1.33580679599083,0.375806751384918
"Line_5865",4203.16573622373,494.456252606369,67.6830959278664,2.07315864155084,-0.388840709591792,0.375806751384917
"Line_5894",4459.63715235152,491.404545677539,68.9978863012776,2.05432186487381,0.743975400618128,0.375806751384918
"Line_590",3812.027160132,496.669112476228,71.034250415367,2.08636587482848,0.306183194522991,0.375806751384917
"Line_5911",4127.64012836185,306.523919089377,73.2412616438224,1.15539524013873,1.26196111701204,0.241908682976027
"Line_5916",4640.49505485244,319.60347383789,69.6744917094206,1.07106972534699,1.76599621638147,0.242570499124505
"Line_5970",4079.70463614376,488.427879941048,66.6436392530418,2.04019934369577,1.33580679599138,0.375806751384915
"Line_6076",3692.07068044983,487.715024544861,66.723826500828,2.03345030842527,0.743975400617854,0.375806751384914
"Line_6096",4888.72444292647,516.870797004931,72.2977767739692,2.19076318562345,0.743975400617402,0.375806751384916
"Line_6170",4804.79163358457,512.913223013598,69.9782342729824,2.16857832289151,0.743975400616975,0.375806751384914
"Line_6192",3499.25178038591,491.851269117072,62.2700645804232,2.05963846668603,-0.388840709591815,0.375806751384914
"Line_6273",4754.20482415077,468.393953822476,68.3107417342428,1.91786172259776,1.33580679599128,0.375806751384917
"Line_6286",4679.49987484739,478.393051834363,70.3465463954626,1.98096165774262,2.02268676171043,0.375806751384917
"Line_635",2678.27401112238,464.935572733811,66.7332684536032,1.90893341617729,0.743975400617601,0.375806751384917
"Line_6367",3999.14875630079,425.159991463255,73.6950519672484,1.68768873816662,2.02268676171154,0.375806751384915
"Line_817",4603.21120633991,298.537213515446,70.3603989641581,1.02986590174119,0.271470584041207,0.24604731504504
"Line_819",5760.99932564778,507.591357980335,71.9469962977499,2.14174259630664,1.33580679599231,0.375806751384915
"Line_867",2919.69078956682,494.321474976119,72.8107207369951,2.07211426877458,0.306183194523181,0.375806751384916
"Line_893",4874.65569185504,495.625948116348,67.3688864574644,2.07780555870481,-0.388840709590619,0.375806751384915
"Line_993",4001.50586686803,487.059425765761,65.0236152959209,2.03173368305525,-0.388840709590736,0.375806751384916
"Line_1418",5580.2968401083,420.626324747641,69.9968059431933,0.980083470031487,0.65328465473108,0.363941986300749
"Line_1586",5168.47995467051,420.837647651928,68.5397263907344,0.981240260878266,-0.52022526305901,0.363941986300766
"Line_1761",4329.93836131576,278.70749498837,69.0566236800109,0.743609601654619,-0.191822590643869,0.229938581802841
"Line_1796",4281.37527779578,422.595177864642,71.3248531988892,0.995257453525052,1.24105505122543,0.363941986300753
"Line_1940",4358.86434445839,419.514429051568,72.3242472718952,0.972552800110087,-0.520225263058091,0.363941986300764
"Line_1971",4302.8871718007,420.486872442238,66.1671237818132,0.981972004003365,0.653284654727946,0.36394198630075
"Line_209",4895.98250204376,420.98181922145,70.5791893534393,0.981465123334794,-0.520225263060284,0.36394198630076
"Line_2351",4347.97687861893,422.400277547786,67.3190539644728,1.00130418386465,1.26539057889977,0.363941986300764
"Line_2654",3950.08919130474,420.314397356077,69.0440974563494,0.982294510569913,-0.520225263058815,0.363941986300765
"Line_2781",4920.6159364947,420.994855893318,68.9758808200828,0.980965505273664,-0.520225263061127,0.363941986300749
"Line_287",5390.55853251538,420.159087155587,71.6972088002348,0.978369927658549,-0.520225263056417,0.363941986300771
"Line_3131",4231.79973308864,422.169191067657,66.2318877011107,0.985248649998201,-0.52022526305969,0.363941986300779
"Line_3537",3417.82519550725,420.650594409451,63.8818572777802,0.979601879472713,0.653284654728082,0.363941986300766
"Line_3674",4556.83556356234,421.25067528261,71.3027703822637,0.982070496539839,-0.520225263063494,0.363941986300755
"Line_374",4234.74029268735,423.342308767367,65.4935311427305,1.00370847285287,-0.520225263059729,0.363941986300756
"Line_3991",4224.91612118769,420.269766203491,69.4171674882277,0.981854601867998,1.68157303757207,0.363941986300754
"Line_4274",4839.34682021506,492.317821861152,71.8434767622976,1.1111490358405,0.06652969583901,0.439213740953532
"Line_4297",5060.81112291467,418.868453271674,73.7479724894814,0.966024024149627,-0.520225263059559,0.363941986300757
"Line_4338",4625.48476552646,422.289292026794,68.985199616852,0.994709601569197,-0.129055290464063,0.363941986300744
"Line_4394",4054.55325072824,420.576066156877,71.8282689095619,0.97897699220495,-0.129055290463728,0.363941986300748
"Line_4515",4215.48403896895,421.899614267597,67.5537553194352,0.993263368367479,-0.520225263060179,0.363941986300743
"Line_4723",4091.37816387933,419.693308014147,71.0369635832149,0.971628630744487,-0.520225263057879,0.363941986300744
"Line_4834",5258.74163021721,491.707991008846,70.4144186761513,1.10528843598767,-0.520225263056075,0.439213740953538
"Line_5008",4617.09877535923,276.962897023601,69.832036705127,0.724538797016845,-0.48444130173353,0.229503805619907
"Line_5524",4555.35876908208,422.663375617648,68.1570894471368,0.981994739602131,-0.520225263061546,0.36394198630075
"Line_5616",4712.83494125312,422.44493982593,70.2214804891048,0.992254420184593,-0.520225263061752,0.363941986300747
"Line_5644",4196.98840644449,421.378220275096,70.4584497465193,0.987143837287639,1.46131404440054,0.363941986300742
"Line_569",4134.16457538798,278.203948502755,70.6941483098351,0.816850814589664,0.979449231510161,0.229866106998941
"Line_5774",4358.45921234195,279.64532113347,68.6407999456522,0.751398562844949,0.193094131251307,0.229817076676421
"Line_5816",4796.87398474056,422.250986928139,71.5453788794875,0.99424216949008,1.04513158572837,0.363941986300744
"Line_5846",3278.99731549218,421.055597860651,62.8491363231989,0.985946371748162,-0.5202252630603,0.363941986300749
"Line_5861",5020.87964228427,419.515144840727,68.4846162312663,0.972260984736981,-0.129055290464421,0.363941986300749
"Line_5883",3963.70358623235,421.836429293785,67.5459940439943,0.98689832088417,-0.520225263061483,0.363941986300744
"Line_6146",4261.06110968308,419.830459550218,68.005196210463,0.976780484009345,1.26539057889872,0.363941986300749
"Line_6248",3830.1482122695,420.54907524475,68.7004354166394,0.982832836217524,-0.129055290466999,0.363941986300749
"Line_629",5150.42328297793,421.550342226943,67.6819898786696,0.979056263066127,-0.520225263062887,0.36394198630075
"Line_776",5330.64260168723,420.82102837982,71.3342234268251,0.983956517848451,0.458038147629455,0.36394198630075
"Line_832",3767.45486479874,420.530917960188,69.5696162116356,0.976384343015621,-0.129055290467828,0.36394198630075
"Line_1025",3860.74877829094,620.45876698992,70.0122190458799,2.40365179972373,0.514125994085121,1.06078900682424
"Line_1091",4512.43902376596,620.305381229845,69.8835016791417,2.40365179972212,1.05317963743478,1.06078900682417
"Line_1146",4804.21705358665,618.815499598414,72.5865663783366,2.40365179972211,-0.784319901413395,1.06078900682417
"Line_1184",4718.57008045152,396.776396670377,67.6094948686645,1.49157074319555,0.337588079915882,0.620049692181591
"Line_1194",4089.63819965841,621.103122737386,69.2399148459695,2.40365179972211,1.70111236995117,1.06078900682418
"Line_120",4685.53039882971,620.629730581309,72.3291316450725,2.40365179972211,1.70111236995604,1.06078900682417
"Line_122",4190.89988606399,410.982802175111,68.176080528604,1.26759325047358,0.0158217162199759,0.487215941751154
"Line_1272",4227.77099677259,411.290692972773,71.3140273061551,1.29705479674972,0.91761458751014,0.501026470206449
"Line_1298",4311.48228362375,619.716593640645,73.230153211462,2.40365179972211,1.05317963743927,1.06078900682417
"Line_1338",4052.48584368744,618.867128952249,69.1111974793355,2.4036517997221,0.514125994089311,1.06078900682417
"Line_1353",4480.58844196507,619.489981363769,70.6558058788778,2.4036517997221,1.05317963742681,1.06078900682417
"Line_1404",4230.73918732358,462.941657108998,70.0765777290712,1.76436191158291,-0.0154877484347412,0.75476125021799
"Line_1412",4467.29517258698,411.1055364689,72.7993980464503,1.27231954286185,-0.152586199221279,0.490573984770679
"Line_1413",4946.95668658618,411.482041186094,73.8783427961665,1.07359189337723,-0.0308547014149649,0.397974352113648
"Line_1419",4071.02592236585,620.759815447701,73.6163053113527,2.40365179972209,-0.784319901423217,1.06078900682417
"Line_1440",4473.20338001559,411.131403342802,69.6289566899646,1.28228770188865,-0.540102378761802,0.494113506378141
"Line_1441",4325.77859769523,621.480914370798,68.4676106461854,2.4036517997221,1.0531796374351,1.06078900682417
"Line_1451",4507.07608681868,621.975044442381,71.9429795451936,2.4036517997221,-0.0154877484343052,1.06078900682417
"Line_1460",4186.75355288111,411.113580915822,69.7513311945752,1.16884884644455,-0.676188283660954,0.442438210347943
"Line_1496",5299.0619525524,622.186141757004,72.0716969118081,2.40365179972211,0.514125994082851,1.06078900682417
"Line_1500",4891.43788517461,620.178662489511,72.0716969118207,2.4036517997221,1.05317963743356,1.06078900682417
"Line_1512",4589.47831619674,621.342759823558,70.5270885122733,2.4036517997221,2.53547682249073,1.06078900682418
"Line_1534",4405.41173945534,411.11056397535,69.9417192123471,1.22342900974173,1.02895991855705,0.468311655951408
"Line_1543",3769.58714935888,619.359285575991,65.764545947006,2.4036517997221,0.514125994083497,1.06078900682417
"Line_1544",3626.41187547564,618.422084195145,71.5568274452923,2.4036517997221,0.514125994086574,1.06078900682417
"Line_1551",4374.75627016285,619.610859948155,70.7845232455153,2.4036517997221,-0.0154877484336432,1.06078900682416
"Line_1561",3732.07131757407,619.99911401404,69.8835016791143,2.4036517997221,0.514125994086493,1.06078900682416
"Line_1648",3793.44483371997,411.108024908587,69.6260669458729,2.4036517997221,0.342405719291782,0.472350954649253
"Line_1649",5222.26633660693,619.605719343491,71.1706753454282,2.4036517997221,-0.784319901420127,1.06078900682417
"Line_1660",4155.62046531718,619.67883635338,70.2696537789976,2.40365179972208,-0.78431990141636,1.06078900682417
"Line_1671",3643.3877940461,620.858379811403,69.883501679101,2.4036517997221,0.514125994092421,1.06078900682417
"Line_1710",3949.41399094882,622.111271411723,70.3983711456488,2.40365179972209,1.70111236995184,1.06078900682417
"Line_1719",4941.56798077745,622.619211343758,69.883501679124,2.4036517997221,-0.0154877484333069,1.06078900682417
"Line_1797",4413.59855993428,622.839428924303,69.754784312487,2.40365179972209,1.0531796374362,1.06078900682417
"Line_1823",5436.50630206938,622.934536724764,70.0122190457661,2.40365179972209,1.05317963743344,1.06078900682417
"Line_1835",5524.07450541246,620.732831631081,69.8835016791106,2.40365179972209,-0.784319901421395,1.06078900682417
"Line_184",3311.20651772241,621.612098285428,65.7645459470109,2.4036517997221,1.05317963743162,1.06078900682417
"Line_1867",4364.74892506401,621.027780408521,68.9824801127188,2.40365179972209,1.05317963742793,1.06078900682417
"Line_190",4443.89258112434,462.97618139965,71.6855448119237,1.76436191158291,-0.135096953664389,0.754761250217989
"Line_1916",2907.51875177056,619.535188791145,67.1804369799165,2.4036517997221,0.514125994084776,1.06078900682417
"Line_1948",4794.79985658936,411.072740171643,71.3968371532694,1.35902720406602,-0.720542159613528,0.529232913798498
"Line_1958",4221.52839107735,620.905615310416,65.7645459469877,2.40365179972209,1.70111236994802,1.06078900682417
"Line_1989",4058.15728433058,411.212893009254,71.24102834052,1.30351843489216,0.579025919245679,0.503520283333597
"Line_199",4412.37840790501,621.921874697863,71.6855448119487,2.40365179972209,0.514125994085248,1.06078900682417
"Line_2",4115.11728153275,411.571594359358,68.9777486244422,1.3636420178554,-0.683022556466788,0.531002329635997
"Line_2013",3817.43159263918,411.077607375675,70.3053417792906,1.3363426287955,0.167355905531379,0.518454516580411
"Line_2024",4535.88621791392,622.124918366635,69.3686322125964,2.40365179972208,1.05317963743459,1.06078900682417
"Line_2044",4982.25600527545,411.24494919576,69.4184867601718,1.27915064127642,0.462606928483639,0.492642814643036
"Line_21",4193.92109022667,462.412126475483,70.6558058788898,1.7643619115829,1.79432822995986,0.754761250217984
"Line_2114",4963.37680349177,620.767945747753,70.2696537790239,2.4036517997221,1.70111236995049,1.06078900682417
"Line_2142",3837.00543081967,622.707841560324,67.9527411797033,2.40365179972208,0.514125994085707,1.06078900682417
"Line_2156",3323.40311455198,619.4734906499,67.9527411796924,2.40365179972209,0.514125994086222,1.06078900682417
"Line_2189",4307.87254377869,410.992066885047,72.5028310733554,1.26139580615349,-0.57934938707881,0.484519747679812
"Line_2232",4139.77865185273,411.635381413515,68.6173033896197,1.12310515312913,0.958730345316707,0.421566259551054
"Line_2256",4474.69421969168,621.780269151226,71.9429795451911,2.4036517997221,1.05317963743443,1.06078900682417
"Line_2262",4546.2965322934,622.591916126215,71.5568274452962,2.40365179972209,1.0531796374363,1.06078900682417
"Line_2285",3987.67654978114,620.195885194875,69.7547843124744,2.40365179972209,1.05317963743216,1.06078900682417
"Line_2303",3561.79300688015,620.387496038453,69.7547843124928,2.40365179972211,1.05317963743401,1.06078900682416
"Line_232",4999.24075258041,619.042473867457,70.0122190457762,2.4036517997221,-0.784319901423346,1.06078900682417
"Line_2366",4833.4741442437,620.962049006244,74.1311747778724,2.4036517997221,1.7011123699513,1.06078900682417
"Line_2387",4730.50587523331,411.268136835344,72.8627453034313,1.19901287626857,-0.499268553935236,0.456384268441757
"Line_2388",4136.68512895948,462.387189481277,67.3091543465431,1.76436191158291,0.134429868010547,0.754761250217976
"Line_2431",4280.32403646207,620.273321028197,69.8835016791248,2.40365179972209,1.7011123699532,1.06078900682417
"Line_2605",4609.44114411457,395.967685166874,67.8669296019483,1.49157074319554,-0.784319901419034,0.620049692181584
"Line_2609",4358.8882879962,411.233269933416,72.2784688270527,1.32696702453317,0.638793410467555,0.514034124976687
"Line_2619",3986.08787124338,410.930833226766,70.8855737616019,1.1172697627386,0.173637657530835,0.419768456418242
"Line_2622",4304.22314180993,395.882063700317,67.7811180242066,1.49157074319552,0.476972820870818,0.620049692181579
"Line_2651",4050.02028455133,411.135437501252,72.0835583363132,1.13577744069764,0.829146970688102,0.42886213771987
"Line_2698",4670.64471660975,621.751418699364,71.6855448119249,2.40365179972209,1.05317963743607,1.06078900682416
"Line_2742",4330.85418813224,622.307452608578,68.4676106462024,2.40365179972209,1.05317963743497,1.06078900682416
"Line_275",3947.40875584385,411.275230369666,72.8348811503986,1.31519226921606,-0.707792888231963,0.509080639867482
"Line_2806",3890.67672692156,411.485304381671,67.2101654185976,1.29496294912947,1.20601972919477,0.499664007881919
"Line_2813",4374.55760358368,620.342638352584,71.9429795451935,2.4036517997221,-0.0154877484311733,1.06078900682417
"Line_2830",4621.23475229659,410.972278920262,71.1029310333614,1.23505707785589,-0.674163789851354,0.472750492114215
"Line_2853",4767.38662679719,621.007530507835,70.784523245533,2.40365179972208,-0.0154877484352843,1.06078900682417
"Line_2907",4392.34281894296,411.467965677633,69.4110937448635,1.24895431882045,-0.542022471179953,0.478456337986567
"Line_2914",4369.76688292961,620.954369032692,71.9429795451836,2.40365179972208,1.05317963743563,1.06078900682416
"Line_2964",4413.46665596961,621.304448152792,69.4973495792462,2.40365179972209,0.514125994088091,1.06078900682417
"Line_2966",3823.62496051948,411.266016047633,68.4492400365489,1.31746915667142,0.134651530639584,0.509899437950298
"Line_2987",4606.28936718286,619.138236312664,71.1706753454046,2.40365179972208,0.514125994082324,1.06078900682416
"Line_2996",4012.78685331578,411.005200603422,70.3934279977638,1.29367716053254,0.132091025109648,0.498952349127811
"Line_3010",4521.98681243913,619.510378109252,70.1409364123758,2.40365179972209,1.70111236995276,1.06078900682416
"Line_3035",4128.54015685635,622.387309468101,69.6260669458616,2.40365179972208,1.05317963743468,1.06078900682416
"Line_3067",5020.12708861634,619.087527416654,75.4183484441523,2.40365179972209,-0.0154877484336119,1.06078900682416
"Line_307",4359.99448320165,619.739861788979,69.8835016791184,2.40365179972209,2.5354768224874,1.06078900682416
"Line_308",4634.46676148508,622.038662413485,71.1706753454031,2.40365179972209,1.70111236994787,1.06078900682416
"Line_3099",4737.52128368057,620.315110170679,72.5865663783273,2.40365179972208,1.05317963743498,1.06078900682416
"Line_3124",3875.98501026723,395.70189942488,68.98248011272,1.49157074319552,0.300434906701663,0.620049692181573
"Line_3145",4513.46142203163,620.019260403965,69.3686322126063,2.40365179972209,1.05317963743349,1.06078900682416
"Line_3147",5394.01041352429,620.86376161743,70.7845232455257,2.40365179972208,1.05317963743647,1.06078900682416
"Line_3150",3918.09318900391,410.807637830882,69.0991430084986,1.33343676923996,-0.0952328585353022,0.517472114429955
"Line_3171",4390.56568074884,620.229461544967,71.6855448119225,2.40365179972209,1.05317963743134,1.06078900682417
"Line_3177",4599.33231697816,620.882357454106,71.8142621785476,2.40365179972208,-0.0154877484330358,1.06078900682416
"Line_3224",4672.22408968112,463.338468936863,70.5270885122602,1.7643619115829,1.10761918201944,0.754761250217972
"Line_3230",4659.62986400242,410.905061988415,68.1157799814485,1.19149054022086,0.673827913399057,0.451759617190229
"Line_324",4053.16211791342,620.506420849632,68.9824801127187,2.40365179972209,1.70111236995265,1.06078900682416
"Line_3280",4201.17672609918,620.16097021595,67.0517196132776,2.40365179972209,-0.784319901420272,1.06078900682416
"Line_3285",4892.28901443748,620.109551762561,72.0716969118119,2.40365179972208,1.05317963744004,1.06078900682416
"Line_3292",3717.7706217699,411.031673642587,67.5828986792381,1.35254538307139,0.0535589941944881,0.525641704064268
"Line_3306",3524.44655964837,621.651873811619,70.2696537790077,2.40365179972208,1.70111236995207,1.06078900682416
"Line_3310",3826.05999219273,621.046525453846,71.9429795451788,2.4036517997221,-0.0154877484313264,1.06078900682417
"Line_3373",4253.04586727282,410.83132291948,69.6726402285404,1.24293214744087,1.18570603363753,0.475563909719632
"Line_3439",3877.0871963635,411.233784563459,69.7044520297563,1.28692469062174,0.395121025992353,0.496259008483929
"Line_3451",5170.96798645844,621.182981188293,75.1609137108968,2.40365179972209,0.514125994083956,1.06078900682416
"Line_3479",3505.68247319766,619.185995995768,73.2301532114674,2.40365179972209,1.05317963743619,1.06078900682416
"Line_3483",4312.40175367435,620.043250061794,68.2101759129408,2.40365179972209,1.05317963743707,1.06078900682416
"Line_351",5060.08257913216,619.100285639622,74.0024574112471,2.4036517997221,1.7011123699526,1.06078900682416
"Line_3519",4262.29160549557,623.028286289379,70.26965377901,2.40365179972209,-0.0154877484308479,1.06078900682416
"Line_3532",4248.36683539035,621.368794494466,69.4973495792237,2.40365179972209,1.05317963743472,1.06078900682416
"Line_3533",4291.52666243304,410.852241584881,71.3156557247014,1.2850014436683,0.838939555335006,0.494812032240074
"Line_3565",5033.09010902778,620.74525739795,69.4973495792321,2.40365179972209,-0.784319901417771,1.06078900682416
"Line_358",4455.77210305642,620.015891856403,69.6260669458541,2.40365179972209,1.70111236995146,1.06078900682416
"Line_3642",4338.36772406843,619.066263061637,70.3983711456298,2.40365179972207,1.05317963743263,1.06078900682416
"Line_3646",4565.05645649851,620.404515138837,69.4973495792224,2.40365179972209,-0.784319901413374,1.06078900682417
"Line_3658",4621.739859342,619.422755100302,69.368632212602,2.40365179972209,1.05317963743387,1.06078900682416
"Line_3675",4134.80677359505,621.421132611755,70.0122190457449,2.40365179972208,2.5354768224899,1.06078900682416
"Line_3690",3829.65507793294,411.294708863515,71.6400662139595,1.09089410164795,0.985196619628649,0.406727771258787
"Line_370",3814.49057631107,622.876678846589,71.1706753454054,2.40365179972208,-0.015487748431558,1.06078900682416
"Line_3728",4281.14458731025,619.816579804258,72.0716969118107,2.40365179972209,1.70111236994919,1.06078900682416
"Line_383",4496.20481466661,620.612625574182,70.2696537790097,2.40365179972209,1.05317963743519,1.06078900682416
"Line_3850",4303.38524309901,463.669457755341,72.0716969118026,1.76436191158289,0.783652815759053,0.754761250217971
"Line_389",4719.38508381853,619.788907149578,72.8440011115779,2.40365179972208,1.05317963743551,1.06078900682416
"Line_3900",4573.01313516284,620.015927335407,69.6260669458531,2.40365179972209,1.70111236995072,1.06078900682416
"Line_3946",4134.58322162828,620.407723613079,69.8835016791117,2.40365179972208,0.514125994086842,1.06078900682416
"Line_3959",4315.91440478878,411.172180476654,67.2292977774274,1.19411471489176,0.0403959883947596,0.454507885147116
"Line_3984",4308.72745583555,619.886131367605,72.2004142784329,2.40365179972208,-0.784319901416964,1.06078900682416
"Line_3985",4463.9725037665,621.190506266034,69.1111974793336,2.40365179972208,1.05317963743638,1.06078900682416
"Line_4016",4303.0536283348,411.523833054734,70.3554532216466,1.31421508847273,-0.483446702922721,0.508204086521934
"Line_4045",4894.35344032267,621.542968714063,70.2696537789983,2.40365179972209,-0.7843199014188,1.06078900682416
"Line_4047",4457.31619413106,469.426263802169,70.4627298289425,1.76436191158289,1.37714600369413,0.754761250217972
"Line_4057",5431.91991532297,622.052212318194,72.0716969118017,2.40365179972209,-0.784319901417035,1.06078900682416
"Line_407",4366.91003192478,470.24717801514,70.9775992954554,1.76436191158288,-0.784319901418914,0.754761250217971
"Line_4105",4285.46913422969,410.890074221694,71.9490448283784,1.24874351354351,0.0555646397362948,0.478109214133662
"Line_4114",4195.5859415883,620.888364255082,69.1111974793337,2.40365179972208,0.514125994087637,1.06078900682416
"Line_4121",4054.38685343321,411.291360475651,69.7488294565425,1.0955765034059,1.13285840479786,0.411032212339315
"Line_4167",4984.23405916754,620.536781903537,69.1111974793381,2.40365179972209,-0.78431990141922,1.06078900682416
"Line_4173",3892.34802864774,621.435264249514,71.9429795451769,2.40365179972208,1.70111236995331,1.06078900682416
"Line_4191",3649.38810157337,621.688130668497,71.5568274452934,2.40365179972207,2.53547682248897,1.06078900682416
"Line_423",4137.28738259815,411.110919555885,71.9284774000979,1.11278693253766,-0.00639649929782005,0.416947772619435
"Line_4234",4585.71025220559,411.144831794824,72.9558504602778,1.16561391550422,-0.823769632850412,0.43972168446323
"Line_4310",4420.1197408383,467.628439388169,70.6558058788776,1.76436191158289,-0.784319901419575,0.754761250217974
"Line_4313",3739.07544736394,619.483082518115,67.5665890797939,2.40365179972209,-0.0154877484303787,1.06078900682416
"Line_4316",4213.23514353153,410.998204853397,70.7829103626782,1.25645980706234,0.548339427594309,0.482792757591767
"Line_4345",4360.91743516075,619.708793527249,72.9727184782018,2.40365179972209,-0.784319901417107,1.06078900682416
"Line_4376",4837.52665169641,619.837205951843,72.7152837449528,2.40365179972209,1.70111236995122,1.06078900682416
"Line_4406",4273.37568301904,411.167419654062,70.9721136921246,1.13176948421517,0.409630124457056,0.425406987297744
"Line_4438",4490.28860550858,411.32011234252,71.3387528763859,1.34911937083841,0.720463692018088,0.524528067215343
"Line_4452",3767.96158035573,410.78059358041,69.2399148459559,2.40365179972209,0.905858185175304,0.501297701938704
"Line_4453",4351.59649739841,619.459999169924,69.3686322126011,2.40365179972208,1.05317963743758,1.06078900682416
"Line_4500",4665.0350894959,620.84565601653,70.1409364123773,2.40365179972208,0.514125994088036,1.06078900682416
"Line_4556",3772.26054647412,619.916498775478,70.2696537789992,2.40365179972208,-0.0154877484331755,1.06078900682416
"Line_4705",4551.8489386431,619.31302630341,72.4578490116819,2.40365179972208,1.05317963743334,1.06078900682416
"Line_472",4668.08416158515,396.798724854799,70.7845232455194,1.49157074319552,0.693810541868523,0.620049692181574
"Line_4720",4494.54667455683,411.325999305815,69.7693704028246,1.13855501902332,-0.117860189988212,0.427441084870855
"Line_4726",4162.30835386872,411.282236160536,69.8135009044062,1.26636550154499,0.208838903426243,0.486879212923301
"Line_4728",4138.38120586284,620.929822426403,70.7845232455214,2.4036517997221,1.05317963743293,1.06078900682416
"Line_4761",3813.65179217326,621.934007564915,71.2993927120224,2.40365179972208,-0.784319901418536,1.06078900682416
"Line_4788",3831.76961559457,620.709512196583,69.8835016791242,2.40365179972209,0.51412599408311,1.06078900682416
"Line_4804",3916.87621501024,621.631326470732,73.8737400446156,2.40365179972208,1.053179637433,1.06078900682416
"Line_489",4234.83062106948,358.257360683936,70.3983711456406,1.33442438729703,0.384082533664424,0.540240834023493
"Line_4903",4497.40716883761,621.205903841343,71.1706753453978,2.40365179972209,-0.784319901417363,1.06078900682416
"Line_4916",4025.93256272327,410.917303007247,69.1494623755634,1.22827124021989,0.092576737864287,0.469905079310508
"Line_4919",4568.83831061124,621.261150364958,72.8440011115824,2.40365179972209,1.05317963743464,1.06078900682416
"Line_4956",4446.85271040841,395.796651423636,70.8703348232661,1.49157074319552,0.08445732919411,0.620049692181571
"Line_4963",3349.42885499496,621.518060003118,68.5963280128293,2.40365179972209,1.05317963743411,1.06078900682416
"Line_4971",4401.91274569789,411.288248289178,70.1021474428436,1.26620309325024,0.191608510655322,0.486434758596334
"Line_499",4204.84435568092,621.227535727585,68.5963280128425,2.40365179972209,1.05317963743434,1.06078900682417
"Line_5005",4283.64853297865,411.204388072362,72.7971049343628,1.3378472306871,0.0913353929767147,0.519161518821482
"Line_5029",4656.49329203553,621.126648332131,69.4973495792388,2.40365179972209,-0.784319901418372,1.06078900682417
"Line_5050",3880.69473721381,411.02445280831,68.6342854313307,1.14039893241285,-0.0717018042718744,0.429687531599697
"Line_5060",4032.18164178112,621.447879170171,68.0814585463095,2.40365179972208,-0.784319901420112,1.06078900682416
"Line_5066",4757.33727184216,462.925959398318,70.7845232455003,1.7643619115829,-0.13509695366853,0.754761250217976
"Line_507",4586.58909956747,411.109341896051,71.4979422466946,1.20641052332615,-0.844678194083456,0.459239125275478
"Line_5096",4151.39369785511,620.918446778807,72.9727184782106,2.40365179972209,-0.784319901421026,1.06078900682417
"Line_5098",4256.81181841822,462.507374828605,69.9478603624188,1.76436191158289,1.10761918201788,0.754761250217979
"Line_510",4400.20685294951,621.454958917707,69.8835016791176,2.40365179972209,-0.0154877484339923,1.06078900682416
"Line_5117",4302.10713002838,621.614670076592,70.2696537790101,2.40365179972209,1.70111236995079,1.06078900682417
"Line_5148",4153.10501571371,621.976886137041,72.7152837449593,2.40365179972209,1.70111236995094,1.06078900682416
"Line_5181",4174.70873364583,620.310950849642,69.1111974793444,2.4036517997221,0.514125994084543,1.06078900682417
"Line_5184",4628.64887753948,620.207997077074,70.5270885122622,2.40365179972208,0.514125994083558,1.06078900682417
"Line_52",4418.91638464675,410.940322110956,69.1236064985019,1.24381618771091,0.378100490217256,0.476003791508732
"Line_523",4186.31649753347,396.017975236697,68.2959874906919,1.49157074319553,1.08947266715711,0.620049692181575
"Line_525",4173.7817731805,410.655360380425,71.428885948096,1.23197242971029,1.18910938100817,0.471004027255981
"Line_5252",4183.03870154144,462.217929024511,68.274534596252,1.76436191158289,0.783652815760005,0.754761250217982
"Line_5277",4037.18377021862,622.98382738393,72.0716969118021,2.40365179972209,1.70111236995135,1.06078900682417
"Line_5394",3954.4581038138,620.643564983965,70.1409364123741,2.40365179972209,1.05317963743485,1.06078900682417
"Line_5426",4006.94366231183,621.588233052826,72.9727184782093,2.40365179972209,1.70111236994992,1.06078900682417
"Line_543",4521.60219069184,621.027880958124,70.9132406121424,2.40365179972209,1.70111236995118,1.06078900682417
"Line_5452",5077.23026701301,620.930670283953,67.6953064464309,2.40365179972209,1.70111236995123,1.06078900682416
"Line_5501",5124.59120047337,619.212758530099,73.4875879447185,2.4036517997221,-0.0154877484319391,1.06078900682417
"Line_5523",4778.16023832258,410.931619799495,69.2191859209503,1.27139401606414,0.55253199046357,0.489320747834715
"Line_5570",3779.38556724196,620.899845036303,67.695306446437,2.4036517997221,-0.78431990141853,1.06078900682417
"Line_5588",4410.11706680521,410.726893064388,71.2780985952187,1.0963630663278,-0.0889262330006827,0.410300674188795
"Line_5601",3435.26007286502,621.025595003956,68.0814585463181,2.4036517997221,-0.784319901419189,1.06078900682417
"Line_5619",4587.5768722117,620.711353036483,69.6260669458613,2.4036517997221,1.70111236995026,1.06078900682417
"Line_5635",4551.55558492414,619.909534765259,71.5568274452912,2.4036517997221,-0.784319901418147,1.06078900682417
"Line_5646",4183.11408240489,411.088140877455,69.3300337551248,1.13228244409474,0.290506333337359,0.425157202690942
"Line_5649",4507.61917095484,411.145827907383,73.3858660789427,1.13704341978819,-0.118937016828312,0.427337985133313
"Line_5697",4922.66581950586,395.874697542757,71.7284506008019,1.49157074319555,0.16105016573925,0.620049692181586
"Line_575",3350.62444745098,621.847205502285,69.4973495792373,2.4036517997221,-0.0154877484318634,1.06078900682417
"Line_5752",4527.80755840172,462.564929974259,68.0814585463173,1.76436191158291,1.37714600369329,0.754761250217982
"Line_5819",3924.23807697028,411.375579058348,71.0184932165267,1.18602359016625,0.320399462835968,0.450772421870957
"Line_5820",3999.90745964987,620.840558347592,72.8440011115876,2.4036517997221,1.05317963743343,1.06078900682417
"Line_5833",4812.6881318372,621.088301500828,71.0419579787888,2.4036517997221,2.53547682248924,1.06078900682417
"Line_5869",4709.14045378749,621.128072603348,71.4281100786636,2.4036517997221,1.053179637433,1.06078900682417
"Line_595",3619.3978943667,411.025788040218,66.9082033482499,1.1628207742749,0.19859941753882,0.439571720762779
"Line_5951",3975.21104296666,621.070858203796,69.239914845981,2.4036517997221,1.70111236994993,1.06078900682417
"Line_5972",3778.34887616255,410.805701742145,70.4803151900571,1.22084602612842,0.575734820821055,0.466337491123891
"Line_5988",4641.37734407991,396.207116328192,68.6392338017029,1.49157074319555,0.47697282087147,0.620049692181585
"Line_5990",4244.98783886938,621.630373742383,68.0814585463205,2.4036517997221,0.514125994084506,1.06078900682417
"Line_5996",4582.08280921698,620.534510355747,70.7845232455273,2.40365179972211,1.7011123699509,1.06078900682417
"Line_6024",3499.23777886828,620.312658924191,69.626066945869,2.4036517997221,1.70111236995005,1.06078900682417
"Line_6031",4407.44495065498,621.175420602618,71.5568274453014,2.4036517997221,-0.784319901419562,1.06078900682417
"Line_6036",4032.97588962408,411.207431131274,68.734486075282,1.0378462302048,0.260915389845821,0.380744982784354
"Line_6038",4957.36690813759,621.267838074972,67.0517196132923,2.4036517997221,0.514125994084692,1.06078900682417
"Line_6062",4132.15199915544,619.741532564341,69.4973495792436,2.4036517997221,0.51412599408463,1.06078900682417
"Line_6079",3984.97022365857,410.74462026086,70.1160623183176,1.28759886860503,0.751092774578901,0.496235137966654
"Line_6091",4317.1355801716,620.961969926713,69.8835016791285,2.40365179972211,-0.784319901419248,1.06078900682417
"Line_6122",4532.43980750957,410.894384467799,71.3066555133435,1.24994148465741,-0.657742149773992,0.478532268960106
"Line_6155",4504.78529040362,410.761299657872,70.1830708338756,1.12803503986919,1.38804173312878,0.424902494127956
"Line_6163",4049.86621163454,411.188359575,69.4339194634556,1.2466643612531,0.199099738733145,0.477120059033078
"Line_6179",4992.35983652386,620.586190959917,69.88350167913,2.40365179972211,0.514125994086594,1.06078900682417
"Line_6190",3684.57417695609,411.202334176774,69.1784656046588,1.24616325930875,0.440735687721301,0.477730448695373
"Line_6246",3971.72710003589,620.465905612378,71.8142621785611,2.4036517997221,-0.0154877484321863,1.06078900682417
"Line_6261",4217.51295027986,620.981172787686,70.7845232455291,2.4036517997221,1.70111236995087,1.06078900682417
"Line_6288",4370.60827770644,619.545352381185,70.913240612157,2.40365179972211,1.0531796374341,1.06078900682417
"Line_6309",3867.62447431681,410.789800316221,70.6942662147724,1.28672377547832,0.852536715442118,0.496471623216943
"Line_6351",4731.94253443313,410.761835208497,70.575934151674,1.3537875462299,0.520858896011758,0.526766257004153
"Line_6354",4138.6889795587,618.999805711092,68.5963280128444,2.4036517997221,-0.784319901418516,1.06078900682417
"Line_6361",3879.372263933,411.541383151319,68.2381703849683,1.31021673206564,1.8274304271198,0.506556129048396
"Line_6364",4172.332557351,619.735089878941,68.7250453794666,2.40365179972211,-0.0154877484318217,1.06078900682417
"Line_664",4841.851062591,395.486045073366,70.3983711456453,1.49157074319555,0.440679791149442,0.620049692181588
"Line_671",4124.9301003437,621.341809180204,73.4875879447327,2.40365179972211,1.70111236995148,1.06078900682417
"Line_712",4257.87177530393,621.23179171037,70.7845232455268,2.40365179972211,0.514125994086162,1.06078900682417
"Line_759",4652.84568506763,463.349444738743,68.4032519628948,1.76436191158292,0.249319122827293,0.754761250217987
"Line_762",4856.81070425132,622.16320320076,70.655805878904,2.4036517997221,-0.0154877484313686,1.06078900682417
"Line_792",3871.03569122188,411.082774258847,70.2997177778523,1.20464378112806,0.321815837091499,0.458369969137981
"Line_797",4410.30336038912,620.553972142555,67.9527411796916,2.4036517997221,-0.784319901417502,1.06078900682417
"Line_808",4959.85173824027,619.415504382092,73.7450226779939,2.4036517997221,1.70111236995216,1.06078900682417
"Line_831",4433.84908070396,621.771717529479,68.8537627460955,2.4036517997221,-0.784319901417289,1.06078900682417
"Line_836",4486.12267649396,620.972154404726,71.4281100786711,2.4036517997221,1.0531796374358,1.06078900682417
"Line_837",4223.79778619683,623.274506483528,71.1706753454128,2.4036517997221,-0.784319901417678,1.06078900682417
"Line_845",4156.21970406441,622.311761075997,72.5865663783294,2.4036517997221,-0.0154877484313326,1.06078900682417
"Line_872",4201.44087049658,619.528590890257,68.7250453794729,2.4036517997221,-0.0154877484309142,1.06078900682417
"Line_879",3679.80604468024,620.659308401582,68.9824801127231,2.4036517997221,0.514125994086553,1.06078900682417
"Line_89",3684.96694008425,619.953085908987,67.1804369799239,2.40365179972211,-0.784319901418255,1.06078900682417
"Line_900",4185.37875462987,619.971459411336,70.3983711456481,2.40365179972211,1.05317963743596,1.06078900682417
"Line_911",4429.37988430235,410.821638943961,70.2865204780639,1.12037053699622,0.346814139900235,0.419955225366206
"Line_939",4544.84077745381,411.075682072359,71.5603964505352,1.29375498523604,-0.507590941149319,0.498444727710784
"Line_946",4638.11748031429,622.031514631909,68.5963280128465,2.40365179972211,-0.784319901417406,1.06078900682417
"Line_947",3693.50921872283,621.36801878845,70.7845232455405,2.4036517997221,0.514125994086627,1.06078900682417
"Line_951",4158.44808448293,619.657257476516,69.3686322126243,2.4036517997221,0.514125994086814,1.06078900682417
"Line_103",3781.95302009334,382.51078470898,69.7555989057936,1.72169372343053,-0.155874497306359,0.365047572930422
"Line_1050",3781.773288262,379.424062143082,70.6839225048689,1.70995144856442,-0.2590816720038,0.363708014256577
"Line_1079",4507.71051921806,404.911989954135,70.0811974813118,1.82064154995077,-0.454023382060675,0.379750452415565
"Line_1171",4636.00992332023,385.027148464025,69.5424437194204,2.02226816214759,-0.652963861162362,0.366065830853378
"Line_1327",4500.69874393301,367.665923022612,69.9774034934718,1.67262403860625,0.873556103878297,0.35941879759121
"Line_1585",3993.2723402369,373.106443786888,69.5058513278176,1.68720160083404,0.166874451177314,0.361330776002854
"Line_164",4299.5879764012,370.72577174126,72.5521620531828,1.68089454432735,1.75251633845527,0.361441333241065
"Line_1742",4465.75759418229,374.783344674863,71.0918352022634,1.70647269601074,1.33551291498316,0.362548215401631
"Line_1947",4579.23967410804,380.9392404379,69.9178638253162,1.71455496438752,1.4817763355292,0.36405470087468
"Line_2020",4571.06614109238,365.603184475598,67.7861212344896,1.65836243752059,-0.441923099200061,0.358214741692006
"Line_2352",4202.82094376899,376.340627059665,71.0356721850036,1.70386599524939,0.893365369096583,0.3626521722313
"Line_2425",3767.75379873486,298.558073103713,61.2665835390861,0.984979573450525,0.908506140168771,0.27739649441949
"Line_2517",4317.39208143139,376.477548097642,69.3644663262824,1.69955265465548,1.07547275113273,0.362842486214497
"Line_2652",4611.27688181314,299.863530748635,70.84358560403,0.985639131364547,-0.57435979207829,0.278584170427187
"Line_2713",4052.15350473676,373.744732929704,68.9752423521932,1.69286111032034,-0.0444479075148865,0.362554202547075
"Line_2801",4391.85726228965,418.330383426153,70.9159905314924,1.95329670157311,-0.370379975045454,0.430429991945994
"Line_3078",3906.36888553485,373.107058940718,69.4907103341682,1.68822737826109,0.0204919043888652,0.361487393809882
"Line_352",3772.74915950922,375.33397736421,67.9580793739633,1.69337975448739,-0.453443189303604,0.361571867656125
"Line_3647",4303.08180254123,372.251242580327,70.2734389111301,1.69177693561284,1.13433306072575,0.364730658610007
"Line_4037",3858.09847001905,373.467867891214,70.6416729025788,1.68843594091837,-0.451163327831397,0.361641928852455
"Line_4141",4415.04761658579,377.530204134818,71.3571622406106,1.70608989670252,0.303079892928376,0.363205849523891
"Line_4247",4301.71720790032,373.108612861162,72.1944264085666,1.68618071269841,-0.511285647288008,0.361056084179702
"Line_4474",3998.08014588336,380.560847448755,69.827299903467,1.71224667615432,0.983905207101723,0.363943835824802
"Line_4576",4780.8513837405,372.736733580156,71.3213625916571,1.68493222727755,1.04694737204796,0.361084071241986
"Line_4612",4020.68782283528,374.438115130666,71.3400611758421,1.69695226310516,-0.462410792214741,0.362968053948017
"Line_4638",4335.7939679559,383.164764603918,70.9383782647721,1.72710353670339,1.60000801875284,0.365839617055067
"Line_4700",4188.0813641931,371.996912624177,72.28468829207,1.6825825956245,1.26229814412049,0.361009032042769
"Line_4763",4558.50027645926,374.691413318843,71.9128050161606,1.69227462395898,-0.217850652597105,0.362016865192939
"Line_4797",3905.81388662869,366.598227545548,69.5258345566423,1.6730045582267,-0.583486310887433,0.35892045442215
"Line_4800",4005.72637170165,379.388347762012,66.4464611345631,1.71660583009228,0.508738795288545,0.364276273538455
"Line_5041",4209.49036003143,379.489095698523,72.5089486385733,1.71578737667451,-0.705344973456513,0.364112461740912
"Line_5381",4079.64938692404,378.470067678999,69.0813798801327,1.70860463841246,-0.497611151572939,0.364027436214606
"Line_5443",4215.57063225947,371.21900136357,70.7541391212389,1.68275921133451,-0.205343879211066,0.361117379187342
"Line_5668",4230.31732673914,380.21444622698,70.7155724794137,1.70988428486823,0.509185196310525,0.363387214861157
"Line_5737",4306.73381441164,385.08720898567,66.8955227413277,1.73091426811776,0.114512901616402,0.36565750156143
"Line_6037",4341.28510473187,380.773948743369,69.2240119167642,1.71359240706664,-0.396722512911655,0.364088449765901
"Line_62",3916.01375378457,387.745746494311,70.8018572038015,2.08240627258942,1.32704039175061,0.37341117427903
"Line_6259",4293.92354199855,372.050644876979,72.6543461274197,1.68285031554453,-0.570596582295802,0.360930665902029
"Line_632",4848.19574366702,298.69959129075,72.8963011114258,0.985261094277271,-0.47478646819817,0.278089199422436
"Line_709",4398.31752255368,378.973122439473,70.394252226592,1.70561164495168,-0.505845501478055,0.362824905518847
"Line_859",4589.08576600624,381.412945484728,72.0848018975624,1.71822330113423,-0.281851696962411,0.364918849398007
"Line_884",4341.24457074846,363.832077158065,72.1942808108069,1.65194736987981,0.773458616380975,0.357620663544715
"Line_888",4277.49539455562,368.082162147853,68.091937042239,1.68819233027855,0.552755191804392,0.36012857304538
"Line_94",4313.64233083561,303.10446579057,71.2748868146307,1.01683789000009,0.998235700068623,0.287413535009754
"Line_948",3926.80678217786,366.797299093578,70.0715607260933,1.66375791530647,-0.661850501136073,0.359228766141302
"Line_1573",4710.0449166919,331.403061947569,71.8584333685391,0.998745510773352,-0.539753118450962,0.188617625466617
"Line_2469",4909.11601061851,338.926009218542,73.0339852707472,1.03052948887347,-0.559241641098923,0.188860266369241
"Line_2480",3923.20909633663,340.467022901867,67.9192292813621,1.03469158998006,0.165211058579114,0.236833232661073
"Line_4260",4375.25247730589,332.600308038673,68.8340896377141,1.00198393488728,-0.518298197815758,0.157720930520772
"Line_4470",4321.28648968514,334.616324912205,73.4936652138256,1.01039883926518,0.410755998764173,0.23685866725469
"Line_4675",4250.53173533395,333.078927948127,70.9035443375857,1.00570123382982,-0.677369449845074,0.236516381212146
"Line_4842",4487.79625734546,274.956078802632,71.6059605080211,0.715862832138361,1.0748646375101,0.195106689715997
"Line_4862",5404.88353084788,328.188908437134,70.9064218344899,0.986420249378949,-0.80893532932178,0.157344148347807
"Line_1002",4669.93120188996,672.322941968102,61.6216750231175,1.87296980827809,0.258305532493097,0.528597029349211
"Line_1015",4706.81952821046,679.866281685509,70.9953134734615,1.89837481323763,0.629783242618043,0.537488944797249
"Line_1016",3774.36092696745,565.831401916983,68.9397055387754,1.48170454126634,0.399412375286456,0.378107564178696
"Line_1034",4046.71697482405,667.597781260932,70.4677885587965,1.8479995395866,-0.883467310128852,0.517480282894866
"Line_106",3765.01092472792,665.695290895008,70.3174993252712,1.83567619522834,-0.76087352881528,0.511862577515366
"Line_1122",3908.50656534761,563.340547276339,69.8478063254809,1.6827338178973,1.22223846442791,0.511613003610071
"Line_1128",5172.92373242161,678.030377827967,71.4665799461579,1.9074650287983,-0.641852014465757,0.544640087455254
"Line_1166",4146.44713265868,569.694250014816,67.7658468349926,1.48323058440668,1.33327150639608,0.376925550673056
"Line_1210",4272.11038430511,665.603185049967,71.5697703313466,1.82940467642998,1.07071394148907,0.508208447260378
"Line_1308",4564.4621437572,670.430842635142,69.552138948996,1.83025983231812,1.31059952233472,0.505337924044798
"Line_1346",4714.06532061357,662.629122117121,72.0003621448412,1.82962538340323,-0.657267038335828,0.510644472885238
"Line_135",3622.66346785875,667.718710520563,69.6588493013379,1.85324310147205,0.48005377267004,0.520593807697495
"Line_1390",3774.62180304391,666.743713723758,70.2039097907312,1.84120562648359,-0.644608359418253,0.514258555064589
"Line_1416",4261.42598740332,561.467558270655,69.7953163435771,1.46702105838786,0.157454201503807,0.37320531289762
"Line_1420",3793.75504733391,659.482206233582,71.6204923201534,1.82356618004783,0.641105052853215,0.509583494474143
"Line_1429",4833.26016331071,658.793157844031,71.6876310875119,1.81099609696691,-0.689280707169424,0.502839464738658
"Line_1474",5503.8344605276,668.42290963026,72.4362180010324,1.85540517368299,-0.690830729321002,0.521356368189328
"Line_1515",3633.22607368482,670.057904075904,70.3932658883016,1.85581650785684,0.626107515316444,0.520243381744667
"Line_152",5208.31825859112,665.001380333619,68.3364381986351,1.84410587961386,-0.62410810904096,0.517118228904308
"Line_1601",3871.11394182548,557.113169405668,67.2613464590041,1.66777818437517,1.72783807551822,0.508230349714927
"Line_1624",5022.13503867559,665.200984502814,69.0770804699282,1.83724515791718,-0.433853532551758,0.513153020454563
"Line_1633",3864.94325423326,562.547975887003,67.8755803967362,1.69496489873223,0.592882766845411,0.522651412381497
"Line_1638",3207.00399275178,565.424236829915,69.1564300050929,1.47803600382703,1.19415761406652,0.376559192347763
"Line_1652",4132.74887346219,669.112473891372,70.3212025550392,1.84359486581464,0.260254793544603,0.513795196771515
"Line_1694",3571.03149713124,666.292674559298,70.5668782688769,1.84038660179446,-0.574582120393369,0.514102529461852
"Line_1718",5225.67447743885,674.187430735217,70.8190057061175,1.86557436441969,0.519462189552921,0.522723604738096
"Line_1745",4562.61944596422,671.43335339852,71.7413755026766,1.84602326988768,0.288373711814851,0.513534565838237
"Line_1766",4699.55598644454,565.402112325282,70.7643473680168,1.46716208662956,-0.794125444610984,0.371184994295028
"Line_1794",4510.97959812118,568.892268134566,68.4881518895566,1.48309091155198,-0.710039858236641,0.377220176245005
"Line_1864",5802.67833997941,665.287643495371,71.3815675405668,1.8434563033174,0.600201899827395,0.516769391959582
"Line_1880",4668.00977179429,569.144374108463,65.362387541518,1.48775708970621,0.927702709409884,0.379513071065323
"Line_1927",5173.94200696941,560.937272831736,70.557831174325,1.68426481719386,-0.799119108054218,0.516260044713013
"Line_1931",5648.88919525268,672.3479483518,71.4341389672753,1.85140227982024,-0.64664582952541,0.515855042255388
"Line_1936",5432.62762396099,666.637137714112,72.5405676251317,1.83788072949248,0.187599033789291,0.512440973998113
"Line_1957",3053.37420334773,670.544155497491,68.0945257832674,1.85036250163862,0.73158859484462,0.516572250735625
"Line_1991",4913.01846573288,663.394858484494,69.9281812504443,1.83249327100557,1.69474988678074,0.511831194746048
"Line_201",5110.24829807115,673.787074132962,68.0493185315388,1.86327809816561,0.605894190894172,0.521781143580912
"Line_2021",4447.15090631753,558.836734357677,70.4795051756451,1.45704767078857,-0.724243724995448,0.369451764069185
"Line_2022",4803.11694090567,661.270123211603,71.6472026782141,1.82028072399537,1.64862439800774,0.50630120211927
"Line_2070",3971.17784450068,558.028666051426,64.057659787018,1.66799889254341,-0.898157514947983,0.507175937351205
"Line_2073",4771.52264025077,561.854435013444,71.9495430694129,1.67959095353704,-0.0432410231934884,0.511162196168432
"Line_2075",5133.79375062605,661.62411605638,71.9832614818488,1.82144495265584,-0.0495344601761956,0.506681578471544
"Line_2110",4768.91976634384,682.435914093722,70.5994188606742,1.89189962628225,-0.638971671360081,0.531563021226285
"Line_2116",4676.2547828783,558.81101962814,68.4659001861894,1.67101448252392,0.189704944812795,0.508418194637952
"Line_215",3796.13081647013,569.915125499016,69.252645830939,1.49091783469528,0.292897435579345,0.380614722866955
"Line_2165",4327.8282492715,669.066237089339,68.2305920655703,1.84424183054212,-0.82847156214041,0.514240139676972
"Line_2196",3981.32859238663,567.955415074072,69.2626673943439,1.70370773775505,-0.730945003256344,0.521917813417169
"Line_2283",5460.64558712702,666.612720562734,67.8592196697428,1.83749873723402,-0.546274249957882,0.512180314441932
"Line_2322",5249.2256611679,663.750497030927,70.5592445043266,1.82492566488633,-0.0366583124491244,0.507177435556123
"Line_2345",3496.02563406512,669.713814166059,68.5650789017391,1.85359949099845,1.30402304544188,0.519196988012265
"Line_2390",4102.27546248321,564.830901985443,70.0504806878292,1.47437310082427,0.494931174077225,0.374996828502809
"Line_2401",3397.11304116749,564.00914227775,70.4814068248282,1.57481959057833,-0.324418313514077,0.376327216591968
"Line_2433",4565.01301390311,566.941712035646,70.7667229588714,1.48705252780434,-0.703591114541225,0.380269731449904
"Line_2463",3759.27413406929,665.103391921241,69.8605705551023,1.83816840581322,0.264509971142047,0.513769337228203
"Line_2471",4489.12077357435,563.204190736817,70.9287166659613,1.70016594375761,-0.74940438047557,0.526009068638623
"Line_2484",4515.58985184624,660.790571990374,71.2695635263134,1.82202131711185,0.780425212755823,0.507718894049977
"Line_2489",4203.94346667348,672.26678532015,70.7653477519251,1.85775396655153,0.302282330882687,0.519661121233816
"Line_2511",3582.24215652203,663.679654436734,68.3674559187785,1.83975655974096,0.599258512309356,0.515803245080938
"Line_2518",4211.16613633342,672.730826875787,69.5826911897137,1.86361567050884,0.756947933879698,0.522851563722966
"Line_252",4403.27070092099,670.479697296319,68.9787657048082,1.85814988421575,-0.900448142561761,0.521396262095828
"Line_2535",5407.74151212364,562.603541169768,71.0550026400437,1.68723994936183,-0.672863137709576,0.516191696759618
"Line_2575",4961.24233675619,672.863344739801,70.0511870957889,1.85162324231582,0.561680782183461,0.51568758204542
"Line_2617",4396.00997804596,568.54273261465,71.06385157179,1.48750002600694,1.49621528528228,0.379530817313384
"Line_2634",4160.54859676251,568.35347179745,70.5961265418657,1.48927127563916,1.16184309371969,0.380609053920713
"Line_2643",4705.58821490107,662.429869503939,70.0539697141573,1.82810330310198,-0.0533074206417309,0.50996649673024
"Line_2669",5019.32626141152,676.2409794384,72.4626418926335,1.87230968911262,1.79751781280585,0.525016752936405
"Line_27",5682.47473561194,673.622614498075,70.260454578835,1.87174283948075,0.786691166398284,0.526754242500712
"Line_2746",4610.95742330627,661.918273724583,69.6960257872154,1.81952891113008,0.5668302712299,0.505317932602134
"Line_2752",4111.29584074948,566.121117956467,72.7505322783908,1.48222935424065,0.351356245071213,0.378261426242891
"Line_2821",4129.11042110814,674.560115084083,68.9057760792085,1.87686119657379,-0.880744198415059,0.529214716940458
"Line_2841",4168.31049499887,666.415866722514,71.9037119252413,1.84601184496997,0.637069842299647,0.517298941843728
"Line_2883",4864.18655487879,666.360754121603,69.5756624871528,1.84239802742319,-0.0149686032529436,0.51535650629188
"Line_2906",4166.40568621045,669.180918146952,69.8887609816039,1.85669740578858,1.27777945610967,0.521329953467347
"Line_2977",3611.78247350234,567.641052936151,65.8065546030512,1.47422468092316,1.69775138918318,0.373568743243072
"Line_3018",5279.05392742641,672.181957132787,71.0279301054546,1.83713594500312,-0.686715875533656,0.507917398310819
"Line_3036",3907.33751703575,669.514357917199,69.2989946489632,1.8609133564465,1.18353233533734,0.523559822630774
"Line_3060",3882.81043274565,661.427260454354,68.0621006768557,1.82194145164615,-0.596264655427205,0.507094512501964
"Line_3081",5548.89189674888,665.910280973189,70.2253730601177,1.83986536146443,-0.799679055606673,0.514100238695747
"Line_309",3902.45349921224,665.880876100024,69.5720315500468,1.8451008590924,0.534141168757191,0.517194777098068
"Line_312",3654.83122483975,560.394933854218,69.6685609198323,1.66622989135131,1.27576372135892,0.502542258752806
"Line_3165",3788.4916177387,676.893836780636,70.1294557788567,1.89105929594727,0.251797183240602,0.535545646877386
"Line_3176",4729.13358893069,670.30536687932,68.8068594759137,1.84980585465717,-0.693292200065509,0.516580929032041
"Line_3189",4547.8925197337,673.196670815107,71.0664238412036,1.86504816512335,0.703558564051671,0.523093851543699
"Line_3203",4861.49795417721,669.112245707453,69.7253897319927,1.85756950946629,1.28763943734805,0.522109231716631
"Line_3240",4167.27955758028,563.459591940245,71.9141519853073,1.68907462529165,-0.818473011689071,0.51647670814693
"Line_3245",3008.2773691491,561.37509994827,68.0883650289188,1.68780879160119,-0.559374198392311,0.51847211976933
"Line_326",4469.21443463742,676.479861792734,71.2644184924038,1.8860950293741,-0.66162267564911,0.533096888292073
"Line_3265",3537.52612826119,674.864420331748,67.1274641052568,1.86837247032737,-0.0840076006107683,0.523895915966644
"Line_3276",4009.9778728488,667.144254626056,68.2142640344868,1.84461486063251,1.11365684991308,0.515949946685692
"Line_33",5516.187342949,676.728570592465,71.1098477738589,1.8825667865611,0.147822736148073,0.530770587579248
"Line_3328",4540.62502741789,671.213751206919,70.3232091424897,1.86034725909664,-0.855023639403337,0.521990964185262
"Line_3351",3793.98206431831,676.675306102058,69.1099182561909,1.86342555209715,-0.764676534225598,0.51953298922959
"Line_3415",4265.34759247164,673.616329388613,70.4914576477564,1.8771164474877,0.672865884044106,0.530044476918045
"Line_3419",4932.59196572435,668.449105782705,69.5745701257061,1.8453936396319,0.604927913290149,0.515390672170785
"Line_345",4977.73816542619,682.378019146388,71.9519576919585,1.89343266810558,0.095326734318615,0.532694180381183
"Line_3469",4111.29648490317,563.146564904773,70.6560037900461,1.69774848311414,-0.921482247980174,0.524101337969715
"Line_3494",5067.26978106137,562.713571830713,69.7893275150811,1.46621631514286,0.952392230371634,0.372064244800865
"Line_3522",4522.07749605078,562.231245622965,69.0589789886698,1.47036535879586,-0.761447281082877,0.374346705279633
"Line_3526",4952.06283336667,671.172661816519,68.9531832623714,1.85989488422694,-0.0314896974299433,0.521837664796402
"Line_3544",3815.56841486301,665.463854224223,69.0981493968683,1.83724843324281,2.13099490821662,0.512840960552142
"Line_3591",5187.44143360674,561.35612417365,70.4983859885973,1.68751863110315,-0.726894617364961,0.5182149099283
"Line_3592",4264.12661055596,667.054761644392,69.43386041907,1.82928101176778,-0.680750533443269,0.507249526815519
"Line_3611",5066.7841211913,561.678088056949,70.7284887090052,1.67826574348448,1.35848104483065,0.510342143474861
"Line_3627",4322.6941983227,557.939833235323,67.6865351624566,1.67918492361043,0.2747287811525,0.516432421498341
"Line_3661",4350.93209658653,662.915712166462,71.2800094835223,1.8203004769086,-0.845937493429542,0.505067967988513
"Line_3663",4216.95958560813,566.381607963668,68.963311500381,1.4781281796873,0.515872462160385,0.376067149925494
"Line_3685",3567.05305571446,678.250084815595,69.1765173982291,1.88616387299005,1.04072442026994,0.531586375982875
"Line_3698",5880.3808451656,669.266276017678,71.1722755859213,1.84687721491486,0.125829185093787,0.515728136914567
"Line_3703",3346.99710732542,567.242339658267,67.0055686633418,1.48107591185184,1.78625852159313,0.377125118381751
"Line_3726",3308.68890349031,670.133186290688,69.0136616294239,1.84129993385933,-0.812972526428672,0.511711393589764
"Line_3772",5297.73433774912,666.511948044621,69.0352429685382,1.84440471571854,-0.740412264427675,0.516360295778719
"Line_3777",5179.07302250097,669.59014187195,69.4372650161888,1.8505379469081,-0.816487619256524,0.517517445780197
"Line_3826",3345.16407596266,562.275728325642,71.0225045024628,1.68942116831877,1.65190830433756,0.518608363507818
"Line_3861",4519.40361047356,680.817770295836,67.5303346996094,1.87893002195433,0.79388353685704,0.525364049755283
"Line_3893",4975.52085657739,668.630258269474,69.4094754041166,1.83982517471487,1.15313038387545,0.512119468855467
"Line_3968",3835.63227034507,667.74415752885,68.3090688527147,1.85180331721709,-0.123306179903081,0.519763994102016
"Line_4021",4010.18630732109,673.002123389402,70.892462311734,1.86397343219503,1.71917482798111,0.522781900691536
"Line_4043",4325.13355929227,566.910364532637,71.253672123366,1.70028368629117,1.11951141654411,0.520754583933114
"Line_4056",3195.10363640452,672.3166129944,69.6980755004262,1.85937845398032,0.611150235955045,0.520707507878582
"Line_4082",3965.45205373444,558.891676069278,70.3521054010394,1.6803274058692,1.0368505042173,0.515970568107412
"Line_4131",3407.24571089878,558.815597514501,66.1668508347961,1.68003235501543,0.886765365058366,0.51579317199876
"Line_4165",3535.92544178939,674.258119351767,69.8241853584262,1.88621191905233,0.627287815857515,0.534808113645149
"Line_4184",4622.96016279487,559.770317744087,72.1140894047948,1.69180563153896,-0.762049471318605,0.524338453501817
"Line_4195",4729.75397335246,568.348834487926,71.3011848842415,1.48780580666727,0.0550694397010558,0.379874121424654
"Line_4271",3625.78580326923,665.995539851523,70.2798877688753,1.84096131523318,1.14063005320696,0.514681873219499
"Line_4277",3284.12980233783,678.431999610448,70.3627564583901,1.89909852882509,1.28167856303104,0.539253108789242
"Line_4322",4949.96331278745,663.72438977795,69.1445937568763,1.83503153864337,0.993003565133251,0.513064468701229
"Line_4327",3652.99670440231,679.760940152195,69.2451588607621,1.88265157531094,0.58934647982632,0.528395002705328
"Line_4329",4332.00696706597,675.249184286517,69.8333592784328,1.86922767002782,0.78453422696433,0.52396423411767
"Line_4371",3851.78781212531,672.470816620511,67.8837685869368,1.86498242592399,0.197152013065597,0.523849577100785
"Line_4392",4473.50004152066,667.833749809727,71.5677206659426,1.84788276150378,-0.754795597969381,0.517218391980032
"Line_4412",4780.94981852511,672.910122256609,69.7435971988585,1.85148473199613,-0.745265471086565,0.515660204638896
"Line_4419",5019.39528394772,660.367729507302,70.302857883749,1.81877614998236,0.7109174610719,0.506132149384929
"Line_4429",4699.40471593789,568.253682846664,70.5668584403667,1.71185178800253,-0.653892235935985,0.528204427623695
"Line_4451",3849.66622400463,560.581280457024,72.0037752021965,1.68964384335606,2.15268785228853,0.521256267690476
"Line_4464",4370.07734380288,669.361465856931,67.4874908486916,1.84584161555738,0.0832772445300289,0.514901678664855
"Line_4534",3851.49442661244,667.418010465934,70.3355052151565,1.85303188229786,0.226772725129382,0.520630690550709
"Line_4596",3215.28376986201,667.970589680718,70.143211420727,1.83966991323756,0.266796453882448,0.512396723861462
"Line_4615",4388.94014729889,661.679180005791,72.3321822686479,1.82072845671457,0.233918085924843,0.506203251961555
"Line_4619",3467.80940623063,565.057586300283,67.6911601778908,1.4733470750228,-0.237230348908977,0.374439177664969
"Line_4639",5382.0629241519,661.767212971804,72.9642271989624,1.82468271860991,-0.850681857045062,0.508445499746747
"Line_466",4530.02420059705,667.045932528963,70.0503253766128,1.83121827181456,-0.68555482372638,0.508321347770548
"Line_4674",4812.88333023704,670.300881109975,69.1292839312181,1.84286022536206,0.205294123498254,0.512538399218892
"Line_4711",5331.09864622499,562.337894625177,71.5154455307182,1.68550693174184,-0.828121397677201,0.515088356914784
"Line_4722",4275.73096462902,674.715684528334,70.1172168064277,1.876207210537,0.28115180887822,0.528497656397362
"Line_4736",4963.49205815029,673.716160323345,68.7883008378852,1.87625534563162,-0.7202609450217,0.529388100218313
"Line_4758",4491.23146481304,671.516240819958,72.7652582158919,1.87186652537767,-0.712055238769693,0.528513605701546
"Line_4777",5102.95345926401,672.245589204355,68.3232558554468,1.85143900132239,-0.724944853137189,0.516097069913052
"Line_4791",4245.2244703546,662.523539388676,69.8727582066212,1.83316957903664,0.265092975169232,0.512814421231567
"Line_48",3666.08720451467,569.455244258138,68.1291506351757,1.49476876608583,1.09955264672058,0.382764044128744
"Line_4818",3878.612013096,674.743065022037,69.7378009521266,1.87760013405371,0.606038862910769,0.529466819830548
"Line_4845",4321.26108402219,561.732729354532,67.5610580490539,1.68751156002841,-0.642517043775754,0.517729464874093
"Line_4853",4233.16216799621,671.092111277175,70.9716300540273,1.8430423301286,-0.741643345752219,0.512001333728848
"Line_4856",3402.162471064,663.376385202515,64.1540641210365,1.8294215204796,-0.722753596660537,0.509969399651606
"Line_4901",3618.67633455164,561.363411992612,69.5685391666052,1.68309508738941,0.569713736520556,0.514699461263366
"Line_4909",4528.24701662278,670.25649615691,70.8045076150495,1.84728421300266,1.15550342711764,0.515095487517013
"Line_4926",3295.28777627962,567.639053535397,68.9334543844046,1.48533080943574,0.586184231320008,0.379046449883326
"Line_4942",3918.11848523232,569.348918326882,70.8462354074461,1.48881004030523,1.57812122179712,0.379874570959666
"Line_4954",3859.32080230177,667.55832169504,66.8874988787041,1.83991869800649,0.673594449350643,0.512981345631237
"Line_5007",3259.88277761164,669.679932152166,67.7397827752925,1.84261068497617,0.306427260725142,0.512821779150687
"Line_5128",4933.20052046892,561.647013921288,70.6113593684295,1.6829319084984,-0.532269540361725,0.514165052120936
"Line_5130",4892.06773302278,666.955114420914,70.0338263713137,1.83669778484589,0.510919720997229,0.511570313346741
"Line_5145",3257.49739759749,556.693264258205,68.83579732202,1.66519563623324,0.689700187482745,0.506831392263314
"Line_519",2837.39403248606,678.902516150332,66.7513564187442,1.89549779443073,2.17616095275195,0.536710153497366
"Line_5192",3937.46450229058,568.234820348695,69.2260365809591,1.48701998079931,1.79126734714177,0.379522504133871
"Line_5211",3682.21602045249,560.791525353518,69.3449447805712,1.6774369573217,1.25413998473597,0.51082568282955
"Line_5228",5030.89990986808,678.816880556553,68.4042125667737,1.88504858042955,-0.867269907326286,0.530495046743664
"Line_5281",4598.08830141446,673.291113293843,70.287337933633,1.86520463490838,-0.664676009729295,0.523245996636766
"Line_5286",3868.17448695657,565.290168247942,70.8874954232423,1.48062533322361,0.792482312524067,0.377857581598115
"Line_5290",5238.77779105563,671.711763670294,70.7952697842386,1.85027709225574,1.2807646213002,0.515812088399538
"Line_5298",4065.53542549961,678.299645208515,68.8089307756097,1.891834344872,-0.0112479423821056,0.534830340775638
"Line_5309",5300.30317518051,669.082810440806,70.572983857719,1.8514475376084,-0.741972202426836,0.518452730282713
"Line_531",4222.82074946153,568.537102554239,71.2426914834543,1.48491917483814,-0.810698194984754,0.378355722130681
"Line_532",3727.17075711985,561.624649931218,68.774982800367,1.69142321439633,1.41534997574928,0.5211369638544
"Line_5392",4482.13529055319,681.499381103637,71.4875799581885,1.91212353692111,-0.749619472069757,0.544449707809
"Line_5399",3760.53786694365,566.447262402646,67.8596937565627,1.48260237241047,0.741448668064438,0.378213612855668
"Line_5404",3656.7206222114,669.438645005533,70.5150542547895,1.84903103556171,-0.711920196268237,0.516723818564433
"Line_5424",5555.51537758002,673.067543779604,72.0690193238937,1.85472677154464,-0.611298785592234,0.517209927119879
"Line_5465",4304.65020680067,664.797187995632,68.9395399657713,1.8316894604166,-0.742199540471895,0.51030354040379
"Line_5486",4277.20511875308,667.084357977331,70.3264527203171,1.83032863317642,-0.531439615610736,0.507723067773703
"Line_5502",4384.98954363416,567.514926077717,70.3912905990628,1.48121038025337,-0.632890253520315,0.377107662987919
"Line_5512",4603.00360289835,560.475749825782,70.9142360420986,1.46045575911242,-0.458297058183632,0.370287509213178
"Line_5535",3970.03884348609,664.119120377352,68.884008462322,1.82755459036455,0.423862200666536,0.508301136370881
"Line_5579",4289.81463622569,676.484407474202,71.9703959901229,1.85849234722867,1.74824132295413,0.516961644672104
"Line_5602",4319.59491511648,675.861514114295,70.8079393661244,1.87701819814845,0.17536889241407,0.528113686030669
"Line_5666",5342.67511482958,566.170312362338,67.99389870207,1.70695802286499,0.428132714520171,0.527324076603292
"Line_5669",5762.57013530123,562.834997234275,71.5239372582588,1.47080882716919,-0.835030430349816,0.374252573726879
"Line_5675",3727.8006065727,666.794637494194,67.973230048933,1.84939441110097,-0.693199507145142,0.518988963174138
"Line_5700",4139.59030207056,668.56319879928,67.2745912483605,1.85661480392617,-0.503481860565738,0.521850095886141
"Line_5709",3856.69407499568,558.507525730343,69.4270026134355,1.67202907289562,3.04423521805067,0.509746334743117
"Line_5807",5447.19823180164,664.336129368164,70.3385456620842,1.83626350649138,-0.579658614313608,0.513290510950229
"Line_5834",4442.93635532053,577.111997867305,71.7258930269259,1.51068784810103,0.623296856266515,0.386724334496787
"Line_5837",5349.8518065128,673.751096758521,69.7022001814253,1.8655383373569,0.103686209039719,0.523077422510261
"Line_585",4802.72756057992,564.145831521154,70.3338389286836,1.69852584811955,-0.0336243313620612,0.523381084494816
"Line_5850",5434.04430917701,677.327093056732,71.2798059505899,1.88698198769417,-0.615485134841141,0.532864059191975
"Line_5857",4534.71060740548,663.07492871335,72.2880168497408,1.83427666522022,-0.745442271394768,0.513060004424007
"Line_5863",4529.39565614419,575.738504678441,69.7108470073633,1.51281911170781,0.256466606400357,0.388452754582321
"Line_5949",3515.95427490828,673.330874103289,68.3433748664885,1.848179273974,2.20467854682528,0.513337528432178
"Line_5955",4843.33140247775,668.640382113504,73.2852060582376,1.84798601291689,0.106736857277668,0.516749916487654
"Line_5957",4242.07663030907,680.342168193485,69.0605029732122,1.88529539575899,-0.801440426921253,0.529381811917211
"Line_5960",4701.70122980465,562.570012017419,70.1937864733114,1.68671181094916,-0.578072428814318,0.51574771959641
"Line_5968",3634.8415496324,666.280934698354,68.3099305849713,1.83960835835283,0.506002101981694,0.513692657397103
"Line_5997",4515.02574955067,677.662451351996,70.6411679139898,1.88051824628914,0.593955885465463,0.528876825523668
"Line_6001",5401.2015071646,570.431510061746,72.1428534824242,1.49183181324069,0.351015090176353,0.380801422125065
"Line_6010",4946.9976231203,664.452669789191,69.5825606258082,1.83199868045191,-0.0173690954419479,0.510624471586158
"Line_6011",5113.75365447613,563.233327586949,70.6895833603995,1.69237221973378,0.493750570184495,0.519412129890303
"Line_6069",2647.95146082579,667.062911698705,66.6472949155195,1.85016507081939,1.21993168761852,0.519091405802163
"Line_615",3844.56101067904,668.618258636132,68.0304232534927,1.84754044995835,-0.732438344534742,0.516629968429232
"Line_6239",3360.01063920137,671.251905108926,69.2951987124732,1.8607654485467,-0.80456844812132,0.522286564068391
"Line_6244",3424.72856942477,563.585548577519,69.855258924171,1.70487393612048,-0.800396733640906,0.529384420660747
"Line_6247",4776.58596778542,668.044710889869,70.2913534397017,1.84517622380961,-0.79917870891149,0.515544110887582
"Line_626",4729.15493358317,669.757278246739,71.9656617742355,1.84899550735526,-0.785867410555237,0.516421042689667
"Line_6279",4694.20627744129,668.154478714123,71.5574743352073,1.84327571723589,-0.770216738500347,0.514278343315891
"Line_6337",4290.89376374587,673.415448548785,69.9754313723468,1.87309891163004,0.638661409574245,0.527880837611949
"Line_6339",5230.60000046339,564.290619925592,70.7878626014573,1.47567678118146,-0.821208339113802,0.375950142043805
"Line_6342",4950.57194841049,668.833393670477,70.589968775745,1.84440127795456,-0.746193212735921,0.514619435002265
"Line_6355",4602.86797051325,665.406222597535,70.3085304214831,1.83100832311719,-0.864671624665883,0.50947541434052
"Line_6363",3838.78657249003,666.473741873309,67.138569962167,1.83296117655952,0.707254871034427,0.509653268978631
"Line_6383",2949.53278730853,666.891904085755,69.8810953751694,1.84014642198831,1.66481024383861,0.513594222288997
"Line_64",4169.39353863023,679.264277960564,69.3369207155339,1.88894985746471,0.654053517886126,0.532512222028325
"Line_645",4921.82538740932,569.957382082152,68.5985345927849,1.48429372411439,-0.763940643885031,0.377310822346453
"Line_651",3949.91159840969,662.515641729409,70.5615865361987,1.83039428540087,-0.455747347725278,0.511119174793106
"Line_66",4659.56427552803,670.571942616462,71.4495929575151,1.84746883337449,0.113629401334776,0.514889812724775
"Line_70",4322.01078722698,565.937449962879,71.5553016953732,1.48096136119877,-0.264476470934225,0.37776767092398
"Line_73",5605.62129923954,670.28173852862,70.9173247030649,1.85439626563983,0.0978028439652887,0.519270400235594
"Line_741",4599.53753678407,570.398220448519,69.0187154461499,1.49362852795922,-0.704462694069705,0.381675666027076
"Line_765",4199.17018732288,667.089975075833,69.0574456788276,1.84269813033097,-0.666072005896955,0.514881915257226
"Line_805",5407.60393298084,669.909907220676,70.8647722854392,1.85564045759326,-0.580016551219729,0.520220172484809
"Line_937",4576.25028305586,561.742593991707,70.7334761045739,1.68330326719595,-0.872336617065254,0.514271168637469
"Line_938",4805.29393616941,664.327987024144,69.4964303489137,1.82503573608127,-0.700243677735421,0.506712822857288
"Line_958",3621.54830737793,665.826240584493,67.21063936133,1.83976552536981,-0.738731511967185,0.514210578298877
"Line_982",4022.49942229422,666.080207173789,69.8417275461149,1.83190294304693,0.637492178708044,0.509423209189768
"Line_989",3732.39676622752,560.013991318292,66.4287560510331,1.68226503300779,1.28254619842389,0.516020528078278
"Line_996",4010.94444969072,665.589892205739,70.5318312259726,1.84103592703607,0.201420166404131,0.515080994237689
"Line_1022",4959.81664773926,483.27443101652,71.2567253402081,0.885195406508866,0.826310151526783,0.33760491704226
"Line_1062",4842.11814690452,486.816569286412,71.255915934029,0.950324393066467,-0.948746501391717,0.337597116284192
"Line_1243",5020.82713166418,523.596519316128,70.3746173830475,0.909530423962913,0.43120960827207,0.337945137555643
"Line_1280",4979.25762344863,459.986145977098,71.0743360564588,0.902844450541049,0.638306741414123,0.258961514694926
"Line_1352",5140.7624446551,462.866868449139,71.5841675980284,0.855790694877634,-0.909529303972493,0.259068309124135
"Line_1481",4521.71580120646,527.426540521887,72.1003796715248,1.44466928715591,-0.400888004478136,0.33747318866046
"Line_1488",4374.26240099481,460.888001382447,71.1390970640706,0.851107596321082,0.883368532954395,0.303878544222266
"Line_1502",4854.96019854668,448.690825370004,71.6582392252023,0.816798834060391,0.870618417651582,0.302584026609746
"Line_1583",5064.23380218819,510.971202799799,71.5243219741321,0.901927528335499,-0.903344240211943,0.337202499363521
"Line_163",4837.69265012274,462.418906297772,71.8539941668465,0.856387697011675,-0.755800594501054,0.304163611274936
"Line_1650",4576.25918132357,529.818646037496,72.1122192042615,0.931937475739724,-0.641557307168389,0.338494853978901
"Line_1832",5032.29132377645,459.148607369034,71.2870191947434,0.818729165368621,-0.461936311817031,0.258872721841105
"Line_2250",5378.37419709039,473.127555865565,72.0307860369208,0.915598115183566,-0.877711414793006,0.259472480310418
"Line_2272",5013.98585260717,471.071831722143,72.510772742262,0.867268290770436,-0.679003208479944,0.336903106240117
"Line_231",4742.45731750393,521.827173810579,72.0802512391817,0.884782160716764,-0.716379507604495,0.337471236338489
"Line_2375",4983.95559459345,467.375975759656,73.3127789773191,0.873615027619341,0.59285340176476,0.259087595625171
"Line_2442",5001.71199000472,537.960030839568,74.7641967081166,0.979918637820062,-0.892515718022263,0.338961660203839
"Line_2458",4663.34769662206,492.544744656224,70.3937359994533,0.935808166169515,1.24454344969953,0.336767197565009
"Line_3002",4985.34252846925,450.781993722885,73.5770795609497,0.830452983835236,1.3256723936043,0.302575972450361
"Line_3411",4373.20137433551,519.602835831349,71.1129473292138,1.42879910800819,-0.934927127047081,0.338053857814583
"Line_3557",4550.1975749628,457.421538402678,70.8708127908285,0.837229400593807,-0.446953646828267,0.303397862968803
"Line_3624",4772.87421192818,530.817013965107,70.7637651148307,0.994036471768857,0.0816127555849517,0.338657611186357
"Line_3805",4649.14696019348,524.832512301313,72.8211261767918,0.991872924704684,-0.17831906554288,0.338595175859762
"Line_3926",5008.09149030373,448.245931760181,69.4391911019567,0.798600640247301,0.12231169352124,0.302369127758255
"Line_3993",3932.59753634366,519.039022018212,71.2465449078535,0.939761822496526,-0.920285258545503,0.337180389736132
"Line_414",5150.97260517225,482.166410454613,70.8131314935573,0.91104483291891,-0.66177860721899,0.337734061607258
"Line_4265",4075.91949781001,486.878338309528,69.9662311456488,0.884449134856379,2.08389734380132,0.337553871906459
"Line_4393",5341.53630044093,532.689549266327,70.9628801477011,0.94177921019939,-0.944782648322296,0.338700124561432
"Line_4465",4383.86997405252,507.803210552529,70.7032887257738,0.880017365814912,-0.498283028786936,0.337022454824501
"Line_4536",4764.09510775702,487.625747445016,71.0381502937728,0.881689927688285,1.13344152716722,0.337606719819588
"Line_4719",5822.97500466789,455.001156271938,71.5569799171874,0.877233032776557,-0.725058980508518,0.302910362678443
"Line_4755",4897.12328031559,485.082305893711,71.8643814073072,1.002269524541,-0.928231152721565,0.33787853757024
"Line_4998",5251.57838859054,511.1682072698,69.1373428030167,0.883752895346419,-0.918892219767815,0.336925657607576
"Line_5052",5304.54642667531,463.124068279378,71.0651049245223,0.858415947944731,-0.893603213707939,0.259409108476768
"Line_5180",5403.79767076819,538.591065792563,70.6001077975604,1.019260955256,0.205716778201409,0.339122453289322
"Line_5202",4686.84319104441,479.16882133421,70.6778554457354,0.889172807743603,0.707156448551138,0.336940845964996
"Line_5243",4508.90407701303,461.162469757946,72.7731980551913,0.828424180977325,1.39921395387474,0.258821303559314
"Line_5248",4441.20802220049,461.046512229566,69.898178972097,0.883726757317413,0.518910642667273,0.304147864160384
"Line_5299",5084.11328957774,457.31180547718,72.2824301260581,0.868141535071807,0.513812438726198,0.303482652390821
"Line_5473",4850.77569883027,475.357026593354,71.0542928060543,0.865107496939931,-0.42946251190108,0.259437620254739
"Line_556",5096.58231457288,480.753211392541,73.2689670516824,0.898147384949581,-0.659324214736648,0.337723330457196
"Line_5631",5136.37385264764,474.065091844606,71.9282752669789,0.872170031978774,-0.617580787519088,0.337465203261055
"Line_5812",5309.49208926876,521.505050873532,71.9493034706659,0.901098618461323,-0.620618105973,0.338022669023059
"Line_6003",5156.39817881161,513.85105779578,73.0136142221491,0.971778945020544,0.666508663223997,0.337608564620536
"Line_630",5284.01484150023,458.065462016778,71.7082853991864,0.837238093917008,-0.763559561246475,0.302993536311294
"Line_641",5456.31320631733,471.506660097251,70.8888911602705,0.925805616268105,-0.318786515368794,0.259336693682619
"Line_713",4609.03400835608,465.698277391716,70.0092737144643,0.906194441368234,-0.870371677038707,0.2593400455622
"Line_820",4751.05014678488,450.705812163683,68.1319357521918,0.855090457868885,-0.626052557417268,0.302390333187732
"Line_897",5886.45884845318,462.2477101896,71.7669312218128,0.875585137754232,-0.947899056351827,0.303896679092911
"Line_945",4084.67023837714,457.246843636487,71.2666433178301,0.830438954756405,-0.965453784529658,0.302768592953897
"Line_1994",5145.29668635704,551.726718320979,71.0421546752093,1.1457625208057,-0.840811164893757,0.279897812752252
"Line_3260",4210.4049986035,497.488555533618,68.2466325999144,1.35088108901152,1.39535701511254,0.235853036376208
"Line_506",3650.96096042677,487.526410899149,NA,NA,-0.235877206910007,0.234207147574136
"Line_1004",3936.42007874019,609.227359248495,70.0137436378401,1.05638766554862,1.16353852323781,0.471814138272184
"Line_1040",4772.61243895902,589.844100587523,71.3381414168002,1.02849433086929,-0.0563002413447835,0.47181413827197
"Line_1052",4138.17953021392,472.299452114601,69.8112915047234,0.875173906376564,0.270199514849703,0.340455901868056
"Line_1073",4299.18909822607,587.486271390457,71.3197329671636,1.02422838723472,0.672578305183266,0.471814138271974
"Line_1113",4763.178829557,489.936378523749,69.5354032532804,0.890591575947345,-0.444228606223767,0.340455901868072
"Line_1163",5107.40823035428,514.048573636858,71.4967293648115,0.995981371146439,-0.832156971088777,0.471814138271971
"Line_1170",4590.35181173833,623.321820024756,69.9012771616211,1.06712558227402,0.270199514847328,0.471814138271976
"Line_1213",5690.24429992978,539.480284987206,70.7976695947362,1.03318902378605,-0.83215697109938,0.471814138271976
"Line_1302",4276.80678138772,578.844747369891,70.7596046647866,1.02627696264436,0.672578305180283,0.471814138271975
"Line_1319",3904.76631817948,605.099588217644,70.2026717003789,1.06809159299313,-0.0563002413495427,0.471814138271972
"Line_1347",3742.35975408369,566.703117078014,69.3661366898842,1.03455490323972,0.672578305178809,0.471814138271988
"Line_1381",4112.69857074578,585.404296989689,69.9179708003413,1.0413785390631,-0.832156971098787,0.471814138271985
"Line_1432",4067.53426650488,570.395886493484,71.5220066254292,1.03262219138276,0.270199514855146,0.471814138271974
"Line_1443",4936.36620909478,570.926276797333,68.0705437338162,1.02926143474708,0.270199514857389,0.471814138271984
"Line_1467",4391.79547839096,603.277935505574,71.6258199495922,1.05628284509527,1.16353852323834,0.471814138271991
"Line_1476",5361.10490717116,592.451635441265,72.158785268502,1.03742574792116,-0.832156971090797,0.471814138271999
"Line_1491",4033.92192463266,565.117862883457,71.2675870781527,1.03218560589465,0.270199514856457,0.471814138271985
"Line_1503",4740.60123087524,522.638565219668,70.0990290843589,1.03211740713135,-0.832156971104471,0.47181413827198
"Line_1510",4614.48267777587,567.077276710423,72.4921737717559,1.05467967667422,-0.0563002413499472,0.471814138271985
"Line_1569",4968.69881516297,567.904208198113,70.7024280754082,1.039331874671,-0.832156971097801,0.471814138271979
"Line_1626",4613.16804454296,580.55352858499,69.590742282259,1.03658594805136,-0.0563002413446142,0.471814138271982
"Line_1661",2568.80797432235,538.827217233633,70.6653092502932,1.02214835135315,-0.832156971095051,0.471814138271989
"Line_1728",4620.66135241973,567.932018453437,68.1047585739454,1.02926453537947,-0.83215697110086,0.471814138271974
"Line_1739",5223.90404984648,532.201812575467,69.8229085226218,1.0220102611046,-0.832156971095947,0.471814138271984
"Line_1799",5580.13296394285,573.918919935794,70.0373561284249,1.02567902227179,0.672578305175831,0.471814138271973
"Line_1825",4837.0207917257,570.359798473495,71.496219678927,1.04135966367504,-0.832156971096387,0.471814138271988
"Line_1850",4291.65770505869,590.149263085302,71.6358498520866,1.05571873151296,0.672578305183582,0.471814138271964
"Line_1874",4310.03665261325,519.889335413976,71.08803695186,1.00181845411989,0.270199514846249,0.471814138271987
"Line_1922",4574.41442971069,552.285078928141,71.43638453321,1.01101492084928,0.270199514852408,0.471814138271999
"Line_195",4268.70198245784,582.816712925571,71.3683819364617,1.03884681583094,1.74218787039265,0.471814138271993
"Line_1959",3146.39635727921,579.843467430284,68.800294390455,1.053927830127,1.74218787039267,0.471814138271991
"Line_2091",4375.48082182849,476.485009152717,70.9926635538744,0.875877605176649,1.45286319681672,0.340455901868043
"Line_2104",4023.56279388096,576.903132135245,69.2003980478059,1.02905170987813,1.74218787039554,0.471814138271972
"Line_2105",4625.21428095641,634.355667069798,68.8867111502974,1.05557598300695,-0.832156971096399,0.471814138271972
"Line_2148",4202.8223012968,607.50669296961,70.0680435373563,1.02928225310204,-0.832156971097018,0.471814138271994
"Line_2172",3322.15943055549,490.087109282492,68.2785471340583,0.878176863110503,0.716869019043298,0.340455901868074
"Line_2179",5311.1048183069,595.127290118958,69.0843631668976,1.04808202601218,-0.832156971095088,0.471814138271991
"Line_2216",4241.46265274212,587.312061196205,70.3990240383534,1.06223744856375,1.16353852323699,0.471814138271977
"Line_2228",4002.95834581257,491.291863048837,70.100381918279,0.877158141624811,-0.832156971097391,0.340455901868056
"Line_2248",4494.95374074216,565.792989953696,70.25704578891,1.04662462442424,-0.832156971092196,0.471814138272001
"Line_2255",4310.48560591443,574.7001315591,66.5789544064245,1.03472118843545,-0.832156971101797,0.471814138271978
"Line_2265",4256.02502310211,555.557521498661,69.4897807942301,1.03951709372774,0.672578305176895,0.471814138271972
"Line_2274",4144.72631011414,581.894825038149,70.3506795023714,1.05226014134556,-0.832156971096244,0.471814138271994
"Line_2331",4258.35777271295,465.997238270683,71.4975944167304,0.871443288075709,-0.0563002413495228,0.340455901868074
"Line_2339",4454.56467854698,613.810050748656,68.5164038323116,1.06137651951594,0.672578305172083,0.471814138271994
"Line_2372",4490.60398153598,486.158368135809,72.6405801841628,0.886476654805338,-0.832156971093432,0.340455901868062
"Line_2373",4786.31426988649,484.207963442807,69.5050992952621,0.879200659667329,-0.832156971100441,0.340455901868052
"Line_2378",5018.90195009696,496.979911419298,71.7469464506649,0.879017181675011,0.106949636746338,0.340455901868046
"Line_2397",4096.14396300801,572.4178471801,69.7792755468322,1.02478149686991,1.1635385232407,0.471814138271983
"Line_2399",4772.77806296708,608.258300808731,69.5901806586007,1.04681434994326,-0.832156971101572,0.471814138271978
"Line_2448",4382.56557190181,520.509836657041,73.0723279807119,1.00932481683544,-0.832156971096392,0.471814138271994
"Line_2497",4146.89713020834,566.163795644333,72.2525409551984,1.03715514406627,0.672578305175905,0.471814138271984
"Line_2530",5103.27640692814,493.379518951718,69.9769310822418,0.889150088742009,-0.832156971095336,0.340455901868047
"Line_2543",3952.03902820466,581.017594977216,70.6826091898597,1.0603642957436,0.27019951484918,0.471814138271998
"Line_2550",4348.56330361716,472.000304632408,67.8777165244429,0.8676574535334,-0.832156971097734,0.340455901868057
"Line_2557",4392.06219743775,536.024809217122,69.4119188359891,1.03300347601062,0.270199514848799,0.471814138271988
"Line_2571",3443.69203206731,574.076489062329,68.2490363466584,1.05107503208079,1.16353852323538,0.471814138271993
"Line_2572",4123.50432032884,575.609982763517,68.383538707236,1.02765999463839,0.270199514849424,0.471814138271989
"Line_2588",4849.13529472392,570.495585584314,69.7929961326259,1.03698360132966,0.672578305176696,0.471814138271975
"Line_2591",4426.57331618839,572.285181433345,69.2960552292389,1.02253325899194,-0.0563002413507381,0.471814138271983
"Line_2668",5444.39574171197,613.3903922339,71.389262455495,1.04940853528511,0.672578305180038,0.471814138271986
"Line_2707",3558.92883990405,481.466261252175,70.2058903754868,0.868540372924455,1.74218787039227,0.340455901868058
"Line_2711",3634.58061299316,578.39702061201,69.0147164930868,1.03125928982496,1.74218787039298,0.471814138271975
"Line_277",4421.49194697793,572.149922499801,69.2088815724288,1.0314177391625,0.672578305175889,0.471814138272006
"Line_2783",4498.55845287196,584.345692060802,69.22612588264,1.02718289650068,-0.832156971099521,0.471814138271977
"Line_2789",4642.25849247022,610.037148070812,70.6623593770091,1.08117424671343,-0.832156971098576,0.471814138271979
"Line_28",5354.52578225114,580.753765283646,71.0227338793701,1.01884975131479,0.672578305178098,0.471814138271985
"Line_280",4432.18517167019,534.265741352537,70.4252012803349,1.00667562008081,0.672578305181974,0.471814138271985
"Line_281",4277.25202784532,594.061599910743,70.3788421903211,1.05198929957304,-0.0563002413519365,0.471814138271996
"Line_2839",4217.74391770112,570.096121167895,70.8406420334556,1.05623876399242,-0.832156971096889,0.471814138272001
"Line_286",4603.27755521184,469.474877092361,69.9534437097482,0.864739706912677,0.471388910015053,0.340455901868055
"Line_2902",4136.60188333309,592.034612787284,71.2637250641041,1.03979644951657,-0.832156971097608,0.471814138271997
"Line_292",4773.26540286107,577.7901164484,68.4879556162161,1.02801403894164,-0.832156971099842,0.471814138271983
"Line_2944",3053.94651411434,597.637474183395,70.969441083527,1.05243312664598,1.74218787039371,0.47181413827199
"Line_296",3842.83909692295,605.26211092846,69.0861531976017,1.04547402368988,1.16353852323745,0.471814138271996
"Line_2961",4465.74594129498,615.802147200437,70.0919098943772,1.03095820895467,0.270199514849382,0.471814138271981
"Line_2990",4040.49927813537,574.783338634784,69.512133615692,1.0459549089534,-0.83215697109647,0.471814138271989
"Line_3001",5273.38495503929,592.940605694883,70.6218484140792,1.05866199091771,2.6302894620037,0.471814138271973
"Line_3076",4923.64925697093,505.997370348353,70.0700117799899,1.02735028050098,-0.832156971097436,0.47181413827199
"Line_3112",4416.37673828472,608.907586218581,69.9581174760896,1.04560075601977,-0.0563002413463081,0.471814138271994
"Line_3120",3984.89364770245,527.041462570681,70.0039069529867,1.02553056366843,-0.832156971094871,0.471814138271994
"Line_3142",4703.81192780113,532.827002199135,68.7092172195384,1.01551834818154,-0.0563002413488188,0.471814138271996
"Line_3144",4422.61259325787,524.98852233346,70.2191618192657,1.04197567404602,0.672578305177014,0.471814138271989
"Line_3181",3372.95274821383,600.075613643079,69.7860863909746,1.04811457159337,1.1635385232383,0.471814138271988
"Line_3233",3783.87543327499,589.509842324546,66.918473065648,1.05902475236038,-0.0563002413527335,0.471814138271984
"Line_3269",3308.0940040823,588.755256115059,67.8895327265238,1.01431864806799,0.672578305175287,0.471814138271984
"Line_3297",5493.76432329205,478.893872233815,72.3052698088036,0.877168890338882,-0.832156971096038,0.340455901868068
"Line_3326",5899.29418516793,503.673275681878,70.8829970367254,0.879371138947178,-0.832156971098714,0.340455901868078
"Line_336",4078.91786174141,542.03080621886,71.4132781860119,1.03588864727236,-0.832156971099874,0.471814138271981
"Line_3376",3687.1408553544,607.708472889289,70.2680021611005,1.09409873645495,-0.0563002413494254,0.471814138271998
"Line_34",3645.91165768106,480.584655207884,69.1464510540633,0.885083584820573,0.67257830517752,0.340455901868076
"Line_3433",4605.21917745408,588.035520175405,69.1091805023655,1.06235018988829,-0.832156971100968,0.471814138272
"Line_3438",4517.0428347594,575.229512109324,70.5148596979086,1.01654574200856,0.270199514849842,0.471814138271988
"Line_3462",5161.55353578287,617.624099466983,72.3327606415828,1.02467236483045,-0.832156971100062,0.471814138271983
"Line_3487",4620.0511881062,580.15836926936,70.3609145678029,1.02880753158477,-0.0563002413500134,0.471814138271986
"Line_3497",4225.39799373203,491.724568007775,69.9598010087121,0.868008862309596,-0.832156971095754,0.34045590186807
"Line_3518",4111.80719385184,614.770527003834,70.78507550801,1.05557290634854,1.74218787039369,0.471814138271988
"Line_3536",4472.95977043243,603.645664433225,71.7334405935926,1.06807595087705,0.672578305177264,0.471814138271987
"Line_3549",4765.62452149624,565.66057798659,70.7454761964059,1.05818890117967,1.16353852323561,0.471814138271984
"Line_3564",4486.13179015737,598.544387401401,72.3939013684878,1.0862109716483,-0.0563002413529357,0.471814138271978
"Line_3584",3574.64427177766,517.956168052963,69.4205634453661,1.02711919172534,1.16353852323828,0.471814138272002
"Line_3590",4953.84430341381,556.318395676902,69.7187385745352,1.01555812314871,-0.83215697110018,0.471814138272008
"Line_3654",5799.80395106739,502.249007776963,70.2637142135106,0.870974293112131,-0.832156971097667,0.340455901868088
"Line_3693",4514.89572523482,492.495064517699,69.944332560767,0.881639707060402,-0.280978728123348,0.34045590186808
"Line_3700",3429.04184515064,589.58930339687,70.8962837449708,1.04032975532752,-0.0563002413481768,0.471814138272002
"Line_3704",4398.63563483114,594.83214402621,73.6812133525526,1.03595306360706,-0.832156971100604,0.471814138271997
"Line_3758",4621.53965935807,522.995068737134,70.5010170246161,1.01565393860928,0.270199514848135,0.47181413827199
"Line_3781",4303.82671740342,616.814026878298,69.7994587870332,1.06727385822299,-0.0563002413505935,0.471814138271977
"Line_3789",3717.49902409561,578.907590875202,68.731792362094,1.03591051707485,1.74218787039676,0.471814138272004
"Line_3809",4574.62282859854,578.542147802534,70.0330535783519,1.08134225937568,-0.832156971098587,0.47181413827199
"Line_3875",4374.90711987454,601.298730427456,72.160635362403,1.05083934489567,1.163538523235,0.471814138271996
"Line_3915",4278.16283129008,578.829826765236,72.2992400375707,1.04636486448577,-0.832156971099587,0.471814138271998
"Line_3945",4743.07327452861,567.093193056549,73.4386025034079,1.03027146041971,-0.832156971100415,0.471814138271984
"Line_3963",2798.8967231038,531.820808949407,70.6786816089277,2.15179241180727,0.270199514851022,0.471814138271998
"Line_3976",3613.05548213578,498.216382705146,69.0962322461792,0.898650496776313,1.45286319681446,0.340455901868078
"Line_4002",4028.08344707278,492.838822074744,68.6362019366906,0.884685758899933,1.16353852323737,0.340455901868075
"Line_4051",4361.31019349797,550.846684432497,70.9552454615883,1.02717622850792,-0.0563002413503833,0.471814138272003
"Line_4063",4037.03018062959,523.043032949434,67.2288924492419,1.02719273516871,0.270199514849332,0.471814138271982
"Line_4066",4642.26982393239,587.156042250073,69.5484261261479,1.04543691208066,-0.832156971099996,0.471814138271995
"Line_4067",4179.59260912971,624.416348226006,70.4569895012784,1.02552930613111,-0.83215697109575,0.471814138271985
"Line_4074",4705.0761756411,581.296583123499,68.6345387766517,1.04113103171742,1.16353852323377,0.471814138271998
"Line_4102",5051.09103431492,600.596206284174,69.3299048338183,1.0536836857948,-0.83215697109867,0.471814138271993
"Line_4111",4752.67125210747,570.072284806101,68.6543900050875,1.02083353198857,-0.832156971099542,0.471814138271989
"Line_4140",4367.7834737856,588.196534477136,71.4166770576996,1.04600784680758,-0.832156971098751,0.471814138271989
"Line_4147",4555.55794652236,539.593210573472,71.6476568758383,1.04636992329569,1.74218787039294,0.471814138271997
"Line_4152",4956.81721261252,524.194059165446,70.4675139691366,1.00421760819169,-0.832156971095934,0.471814138271983
"Line_4159",4984.66877095677,614.45866146138,71.2795117134061,1.0776450099866,-0.832156971100685,0.471814138271991
"Line_418",4502.4081643592,571.670842056565,70.0814802048765,1.02027779865411,0.270199514848874,0.471814138272001
"Line_4181",5328.98393610383,556.309256709545,71.3512797645167,1.0337630870994,-0.832156971099261,0.471814138271994
"Line_4185",3691.14922615263,487.841837925222,67.8194639184294,0.868316817264728,0.716869019044401,0.340455901868072
"Line_42",4441.52018816778,585.659002929354,68.7452181013624,1.04733491381103,0.672578305177788,0.471814138272002
"Line_4215",4598.7448656168,514.553267208387,70.5191539271976,0.997878009394509,0.67257830517937,0.471814138271986
"Line_4235",4580.61958128761,599.809411704809,69.0323911539964,1.04448843442857,0.672578305175568,0.471814138271991
"Line_4287",4005.33940577307,553.449346734541,70.4848771751408,1.02243872008056,0.270199514851156,0.471814138272001
"Line_4295",3887.97934460828,497.96588387427,70.0677293266173,0.888995979081425,0.471388910013904,0.340455901868073
"Line_4362",5676.95251259827,493.83759725979,70.6264496096536,0.882103111876943,-0.832156971100619,0.34045590186807
"Line_4372",5004.78795613404,594.314890896764,69.977462998018,1.02853272501213,-0.0563002413491441,0.47181413827199
"Line_4413",4637.816171514,601.237957444248,71.0569936195486,1.08000169765065,0.270199514849817,0.471814138271997
"Line_4420",4496.08317198787,605.651332931312,69.3045358650085,1.08382455103807,-0.832156971095485,0.471814138271988
"Line_4422",3841.34360099504,576.704511139332,69.7512283957116,1.03486962981646,1.16353852324015,0.471814138271989
"Line_4447",4531.24189321212,536.841018584862,70.3081588362488,1.02966889058097,-0.832156971097599,0.471814138271989
"Line_4458",4469.24521676778,492.537811063396,70.1902574699541,0.884543047136123,-0.832156971097483,0.340455901868069
"Line_4496",4234.77631439167,578.332772996324,70.0962419720345,1.05400001737827,0.270199514852105,0.471814138271998
"Line_4516",5292.12620995726,578.821100136627,71.3176098657769,1.02114164238366,-0.832156971097009,0.471814138271987
"Line_4528",4416.79953846563,592.561397976932,72.1264663632797,1.02777849008962,0.672578305179539,0.471814138271995
"Line_4567",4075.18210029134,585.896909211514,68.2097284281958,1.02881458616873,-0.832156971097993,0.471814138271994
"Line_4587",4274.10889055078,574.194004080363,69.1864621129065,1.0416000187037,0.672578305179012,0.471814138271989
"Line_4611",3856.80655702879,586.578335183255,67.0450687572722,1.04457072670569,1.16353852323775,0.471814138271992
"Line_4644",4647.28623972769,489.464273063525,73.1505876711805,0.888081372002065,-0.832156971097478,0.340455901868077
"Line_4681",5222.4715046746,598.045218150233,71.4315725509689,1.03481823226475,-0.8321569710937,0.471814138271989
"Line_4714",5039.39393630193,598.563220148289,72.234955314646,1.07231165310916,0.672578305178927,0.471814138271989
"Line_4737",4101.44528153347,588.852793751352,71.4002268266093,1.01690167319548,-0.056300241348415,0.471814138271988
"Line_4772",5130.97706841557,596.906555914819,71.2359669378435,1.038779607615,0.270199514851287,0.471814138271991
"Line_4783",4885.77535035574,562.545784090523,71.3827185542569,1.03816657776904,-0.832156971096746,0.471814138271986
"Line_4801",4709.47833952162,537.955377099343,69.6328001446422,1.00685292041849,0.270199514852845,0.471814138271993
"Line_4838",4707.94106373636,528.529766049532,71.9607799824069,1.02731303095796,-0.832156971094442,0.471814138271989
"Line_4857",3973.773754789,601.751841619008,70.2703794057151,1.08981634955513,-0.832156971098809,0.471814138271993
"Line_4880",4514.51363756439,591.556830687342,71.5694502960313,1.05690969943775,-0.832156971094438,0.471814138271996
"Line_5015",4255.51848268877,582.760822870726,69.1290929425417,1.00738634753559,-0.832156971096458,0.471814138271988
"Line_502",4881.74496036491,570.673952944235,69.6877963760259,1.00790643356315,0.672578305177074,0.471814138271994
"Line_5027",4309.1333795708,576.851666942577,70.4654043036767,1.03290965398941,0.672578305178033,0.471814138271995
"Line_5028",4924.23745354669,527.419275962324,66.4479333978099,1.0099162485751,-0.832156971097854,0.471814138271988
"Line_5049",3678.22447894817,593.582634274198,68.6259659209496,1.04501458566087,0.672578305177439,0.471814138271994
"Line_5063",3728.38590769418,566.701649431683,68.2657820460737,1.0360073758672,0.270199514853062,0.471814138271992
"Line_509",4783.32696402065,495.691611843983,70.1050893046649,0.886332984739765,-0.832156971096069,0.340455901868071
"Line_5118",3727.80367630379,557.342075895136,70.3707122469385,1.03135293527424,-0.0563002413486132,0.471814138271996
"Line_5134",4147.42423153249,484.017183221708,68.8868965772454,0.878645875047246,-0.832156971097562,0.340455901868065
"Line_5137",3941.51285092022,606.068403209373,70.4683059837092,1.05679531016866,-0.832156971096134,0.471814138271985
"Line_5153",4319.18683260285,586.069376590223,70.0048778516263,1.04624582130362,0.270199514852966,0.471814138271986
"Line_5174",4956.56984136611,561.255747755631,68.8754810285807,1.06051358043855,-0.832156971100929,0.47181413827199
"Line_5189",4352.20426591877,568.237496508254,69.327608711577,1.02284200694061,-0.0563002413458961,0.471814138271984
"Line_5197",4477.24803046274,617.164941417413,69.887498865801,1.0336843516113,0.27019951485204,0.471814138271987
"Line_5221",4752.80602723974,479.066739803956,70.8085431836661,0.883699466999831,-0.832156971095453,0.340455901868073
"Line_5235",4728.14723026552,530.270407019776,70.4059018854531,1.01097060352564,0.672578305180966,0.471814138271993
"Line_5240",3410.89862219184,505.423906359938,69.7383225385792,0.905152188753697,-0.832156971094521,0.340455901868064
"Line_5343",4190.04099689267,487.95091084813,68.0572509544736,0.884581749541567,-0.832156971095423,0.340455901868062
"Line_5367",3983.31464426425,605.204435854333,67.8525848199585,1.06981330345126,1.74218787039596,0.471814138271991
"Line_5383",4732.81329059074,636.071920215967,70.3995430682826,1.06929289030655,0.67257830517982,0.471814138271984
"Line_5402",5563.84172361593,550.45205042374,71.1055815993852,1.04421118161175,-0.832156971095779,0.471814138271981
"Line_5455",4509.96994798706,571.59376221752,73.0820404034419,1.03952994688632,-0.832156971095605,0.471814138271982
"Line_5515",4462.55553568729,560.378528066503,70.4936387461648,1.00839879989454,-0.0563002413464661,0.471814138271983
"Line_5537",4435.73015816968,497.653507275227,69.3890880334668,0.894593919055456,0.67257830518058,0.340455901868061
"Line_5577",3935.65234843412,469.027131467948,69.8342809164539,0.864888830050263,0.270199514853197,0.340455901868068
"Line_5596",3722.21349003488,516.09239575741,71.0162370325229,1.02610005675552,-0.832156971096187,0.471814138271985
"Line_5607",4368.60787983314,583.092551406021,68.148416353546,1.02416702111849,1.74218787039476,0.471814138271979
"Line_5626",4188.01128417061,473.763614159687,69.3425032488548,0.865697126548457,2.18623866620168,0.340455901868057
"Line_564",4497.97374874935,579.740273040649,70.8257878612875,1.03780760942974,-0.8321569710955,0.471814138271987
"Line_5640",3951.06651301138,564.063923228742,71.6257183513378,1.05189517425078,0.270199514852489,0.471814138271984
"Line_5642",3972.40685149477,590.705079911598,69.3620354137236,1.0274952099086,1.16353852323852,0.471814138271984
"Line_5658",4307.84840519347,593.040122595629,71.5446755108918,1.04928310092968,-0.832156971096908,0.471814138271983
"Line_5661",4472.77501110139,483.967267008855,68.5242258910439,0.873982043767542,-0.44422860622157,0.340455901868062
"Line_5703",4380.50726485188,493.568588402878,71.8520828284483,0.878427278913142,1.20738308778683,0.34045590186806
"Line_5775",4031.58797367813,619.348604451447,69.6112584972774,1.03041176179159,-0.832156971098074,0.471814138271981
"Line_5786",4095.69976737288,556.986433705127,68.5826236793127,1.04436928180227,1.16353852323664,0.471814138271982
"Line_5791",4538.48566230007,599.722653778445,67.6289413200615,1.05505074328981,1.16353852323613,0.471814138271987
"Line_5809",4283.73377970044,578.24008635459,72.1849683085619,1.07206563219719,-0.0563002413496974,0.471814138271984
"Line_5818",4290.90489248542,566.022991416197,71.2032116513486,1.0250072744966,-0.832156971097893,0.471814138271983
"Line_5836",4556.76070793925,593.825918966039,69.3973164978413,1.0241194064118,-0.832156971098028,0.471814138271981
"Line_5844",3186.0162000938,501.531682417132,68.653658981243,1.01162644064991,1.16353852323663,0.471814138271983
"Line_586",4040.97846194795,541.594047880969,70.4288741478189,1.02980367943625,1.16353852323754,0.471814138271984
"Line_5908",4249.58095127723,476.306252548405,69.4084698308104,0.886782984967181,-0.832156971098931,0.340455901868062
"Line_5912",4719.47406264004,576.618613198462,69.556010904653,1.04230341458381,-0.0563002413505372,0.471814138271986
"Line_5930",4253.24720071073,508.444505553614,69.7805549829267,0.994822119512681,1.16353852323542,0.471814138271984
"Line_5931",4251.30269290008,588.304939985556,70.3704623170354,1.03780193316437,-0.0563002413499185,0.471814138271983
"Line_5936",4620.85941386614,596.376826324536,70.2937727817362,1.05531122807953,-0.832156971099456,0.471814138271984
"Line_5940",3600.47561070297,557.937282605151,69.9841328842083,1.00615728071419,1.16353852323499,0.471814138271983
"Line_5967",4304.44996252768,538.709982143653,69.2314176228663,1.01865831401267,-0.0563002413506456,0.471814138271985
"Line_5969",5073.24294013677,574.546343803593,73.1185563292434,1.04769850543227,-0.832156971099926,0.471814138271983
"Line_598",4027.8338660954,556.786164490884,70.4491015472358,1.01509376450095,-0.832156971098313,0.471814138271981
"Line_5982",3556.93586012457,537.342463415732,69.2807265322318,1.03423527334104,0.270199514849325,0.471814138271985
"Line_6089",4556.14882895141,570.219472696887,70.7654686256901,1.03026055645836,0.67257830517629,0.471814138271982
"Line_6149",3877.13376323827,489.717878939871,69.3067416978512,0.868762459817456,-0.0563002413502165,0.340455901868059
"Line_6159",5388.55045985746,603.520693363181,68.9755274783074,1.04326205834945,0.672578305175596,0.471814138271984
"Line_6167",4294.67162417543,573.407840968539,71.3598434166207,1.01663757535896,-0.0563002413497489,0.471814138271981
"Line_6174",4315.04588339931,565.964750099886,70.1437821317503,1.02803483030687,-0.832156971099055,0.471814138271982
"Line_619",4992.13498460974,521.551749851009,68.8105932504656,1.04458061670678,0.270199514849847,0.471814138271983
"Line_6250",3867.84142001709,573.134598993008,69.9523291304437,1.05759852359234,0.672578305175467,0.47181413827198
"Line_6274",4974.31233844399,597.709043220407,70.325297815103,1.0534862760035,1.1635385232347,0.471814138271983
"Line_6292",5415.62550883522,523.689409936555,70.3979895199359,1.01315667280712,-0.832156971099197,0.471814138271982
"Line_6297",4745.3627796073,626.773271788822,69.7775462536071,1.0605782050827,-0.832156971099417,0.471814138271981
"Line_6310",4703.28563560833,554.213727850656,70.5227335651915,1.01593732062889,0.672578305175484,0.471814138271983
"Line_6319",4982.47992168956,612.497685444777,69.853958959453,1.04012876565424,-0.832156971099899,0.471814138271981
"Line_6320",4732.27129990831,567.64167237463,71.2370797858825,1.01757462832869,-0.0563002413512911,0.471814138271981
"Line_6331",4365.83301444251,574.964049068024,69.8204159762674,1.04971048013109,-0.832156971099594,0.47181413827198
"Line_6379",4801.00250094505,590.46016155221,71.2948781309996,1.0154200219605,-0.832156971099931,0.471814138271981
"Line_700",4180.33383405489,590.962102804207,71.230540947103,1.05281822580614,0.672578305175535,0.471814138271981
"Line_711",4880.07333637636,566.069302563248,68.6429317044635,1.02847005810988,0.672578305175833,0.471814138271982
"Line_726",4431.33265224568,497.846119625175,70.3144524951608,0.900182136178862,-0.832156971099513,0.340455901868058
"Line_742",3999.25153199407,578.296107313868,70.0286104754718,1.03605305627715,0.672578305175511,0.471814138271981
"Line_748",4943.33381192118,555.378466221048,70.6504217659034,1.00896481627682,-0.832156971099587,0.471814138271982
"Line_812",3795.33584770378,578.876351442322,67.6935772544698,1.02976919967209,0.672578305175616,0.471814138271981
"Line_870",4362.2165514636,587.193090437566,70.9829504210262,1.06646566454872,0.270199514849163,0.471814138271981
"Line_974",4741.28440584087,572.848141155653,70.7362195889821,1.0280653726151,0.672578305174954,0.471814138271979
"Line_4729",3371.28274802358,843.090092680804,65.6911755938124,2.92953093309183,1.74218787039729,0.471814138271994
"Line_1038",3445.19086816374,783.730078722041,NA,NA,1.377257416959,0.462752544193171
"Line_1058",4294.3603578897,724.523269875335,72.0579652032587,1.14372552956758,1.38256381027092,0.461337474802398
"Line_1066",3935.83431080515,746.408831505126,68.273974642551,1.22673484925194,-0.716294572890054,0.462858175278134
"Line_1067",3406.57667781557,746.858517355768,66.5313172008977,1.20656917244769,1.40424698355736,0.463273817304147
"Line_1089",4667.4563594495,784.23270239934,71.0152975196023,1.54024993710038,0.917222618622914,0.462430633977573
"Line_1098",3429.49900213189,742.142856084339,NA,NA,0.649329008134782,0.461900047054905
"Line_1099",5037.63294025737,686.333144333524,72.2667224129223,1.02492319596918,0.0418432052601501,0.461223586317799
"Line_11",3220.96865565715,789.090054062094,NA,NA,0.0400064039594805,0.462872697208968
"Line_112",4200.90820378909,734.771113749168,73.4938556475787,1.1645345236183,-0.715055132689092,0.462287708418523
"Line_1140",4059.60590518074,695.714039209158,64.9607649058966,1.00993550448998,-0.700063151624196,0.460979494028706
"Line_1144",4102.37324342743,763.497868469677,67.263922235753,1.38035880369701,1.36750415699006,0.462219196761968
"Line_1148",4369.72580275509,758.632685263907,72.657003304738,1.42769820171212,1.37254098062449,0.462429929878058
"Line_1168",3865.55252112155,770.413032750851,71.3674627916926,1.36828524269371,0.67504929991442,0.463181561188182
"Line_1173",4094.43034780608,726.422975620027,72.040861054831,1.20522665014183,-0.72112419866405,0.461808855842093
"Line_1187",3958.93932627548,696.925395672895,NA,NA,0.619795513352663,0.461813940605879
"Line_1192",4178.27121170403,710.021549548808,NA,NA,-0.0047537172393437,0.46099691851577
"Line_1204",5168.60929744495,713.834199278153,68.8450067556901,1.29395835291927,0.662233322019423,0.461241207653682
"Line_1208",4332.6273788919,755.149169806134,73.3377806103598,1.35406789976589,0.894206520374848,0.461955851365166
"Line_1219",3934.76041319544,717.153174588596,71.2284074828878,1.09726445495113,-0.76983139688467,0.461833094676655
"Line_1310",4538.4845247481,706.708858460831,69.0028821930056,1.14702354362442,-0.706254358110507,0.461081937232893
"Line_1323",4999.81896247201,715.587575199168,68.825555252092,1.1545141833874,0.666149980668137,0.461454947251866
"Line_1376",4409.89231607459,767.151942275501,68.1734427086666,1.38385459750298,-0.719261821164647,0.462626707172131
"Line_1421",4251.08737266823,742.033729334348,71.8764209051535,1.12496166959278,2.25700633037168,0.462605059176366
"Line_1434",4576.67234862253,760.713877808352,70.8405303257024,1.27667555514501,-0.708077220243777,0.46275767649356
"Line_1445",4638.76446821361,679.003565701888,69.3088092806145,1.03470023884617,-0.737547122117713,0.460933541745785
"Line_1469",4768.52183810201,737.384866870702,70.9586216709479,1.26928152602746,-0.721135652420449,0.461593215206565
"Line_1484",4968.7267721682,729.421306369348,65.3465758079462,1.51671572278448,0.622827630408575,0.462157094306653
"Line_1490",3685.91721916529,788.647425459414,NA,NA,0.879467910407679,0.462691652423802
"Line_1536",5265.69271226642,706.955438677915,70.8491392242814,1.06071435359474,-0.711307267993617,0.46191492229903
"Line_1538",4643.9238150408,784.261485778534,69.648598422869,1.52113428213773,0.911896898160914,0.462592279047615
"Line_159",4539.20663053442,736.170777570238,70.4528325307713,1.18546114615987,-0.705328877194793,0.461666106567977
"Line_1594",3951.13982429723,724.922859366444,68.541341989679,1.16536713526454,0.68225272933307,0.462568241681845
"Line_1667",3562.06477134089,711.160904975498,68.6282244695425,1.02824899206423,-0.706219216959091,0.462956602931712
"Line_1675",4467.57639696317,730.717217141811,68.5445042743212,1.18017264103933,0.259372892074715,0.461530630975407
"Line_1680",4339.14948083969,741.092662035073,68.990577226758,1.25607090106061,0.47320962365702,0.462337667949908
"Line_1691",3544.61922677397,658.642291526973,67.0865132758854,0.903590944299222,0.682744253075947,0.460831324951709
"Line_17",4130.62669908566,745.4833931905,68.8722317067309,1.33790188327534,0.0549963276234025,0.462415463480074
"Line_1702",4195.45034106557,715.164591834014,NA,NA,0.281408490204553,0.461656128316322
"Line_1724",3947.37435409118,755.520819513228,68.6348507020108,1.38786231871577,0.686896747032423,0.4625729496398
"Line_1750",4289.58129772479,708.119036266167,70.125747273573,1.11988926202618,-0.681168647260432,0.462054268930265
"Line_1756",4523.45462906147,749.075930255409,71.4455107404106,1.33525357404789,0.486012418482811,0.4629836416957
"Line_1765",4885.29060661284,692.257999762085,69.4823215143094,1.01315101560325,-0.693328606985202,0.461791929779848
"Line_1786",4503.57425225473,752.542746911495,71.6377710192526,1.32161956646365,0.465920019808787,0.462583160402954
"Line_1807",4116.89809036942,718.96750069169,62.692943017147,1.03390228857616,1.36501151986834,0.462729564268557
"Line_1810",3723.80641838162,710.11196983399,NA,NA,0.91997984984946,0.462029511583606
"Line_1827",3582.58714481767,780.361643227963,NA,NA,1.39915174450255,0.463068076856396
"Line_1831",4705.06543976044,724.466344349624,70.4622176553468,1.12302899563957,-0.726285514600637,0.462142713842214
"Line_1845",5372.58588880654,700.241317693469,72.6676160763372,1.04576158630112,-0.738846870669602,0.462033910958906
"Line_1872",5653.21496081061,750.189416067035,69.2388125528396,1.2650669381874,-0.736274142923128,0.462219388679418
"Line_1909",3747.78498629795,714.663779694871,67.4621344730415,1.10404157639993,2.27575103763534,0.461304094329697
"Line_1949",4517.77051021932,807.408902180957,72.6311336258244,1.76813215103964,-0.750395173249665,0.462987904613252
"Line_1965",4998.22335541609,706.581760615619,72.9945994893219,1.1498407672644,0.322785890754826,0.461320974047987
"Line_2027",4438.62089630851,700.220664099023,73.6630492724116,1.0388531497474,1.34002731904377,0.462121442730752
"Line_206",4379.70206459362,757.320266177158,68.2647761569776,1.25696894248941,0.882175398157896,0.462959215034457
"Line_2081",3923.73897516249,743.714353826353,NA,NA,0.0331266964680006,0.462251429250386
"Line_2086",4008.10977649779,709.415709130933,68.6211537076582,1.1544340239521,0.688895416731399,0.461697251873145
"Line_2146",4048.47533817542,730.83109384882,68.221954151809,1.17958458190132,2.22463677393676,0.46237805432919
"Line_216",4250.62804238873,759.817842990368,69.8432511481306,1.30469362704739,0.0425253658853324,0.462308339784928
"Line_2161",4327.13292048827,717.997064273217,69.4341860857947,1.13221944144529,-0.715357414186145,0.461025171189457
"Line_2168",4280.15568074855,722.234059305751,69.8499110564709,1.17250489018013,-0.719649070178115,0.462243402347771
"Line_2188",4065.44269681171,757.565639449344,69.9566474753755,1.31043136561883,1.35455606714,0.462233032316862
"Line_2204",3645.99592971286,792.374815956686,NA,NA,1.34877558612184,0.463424369950193
"Line_2214",4234.5834923338,762.326280173193,73.4733893699677,1.34628041259346,0.479412891845138,0.462546138991911
"Line_2227",4786.42109321617,672.494096178531,69.9094449624151,0.94006935007298,-0.760428203406429,0.461500920782512
"Line_227",4122.85849939197,697.22940331769,71.1849863822863,1.06148548200376,1.37011496682405,0.461074119293249
"Line_2275",4220.64759202719,702.322060205814,74.537743700882,0.959220797540709,0.323235703707441,0.461721780442876
"Line_2288",4043.62167759196,705.291138423687,66.8883228791844,1.13147510017576,0.693423921415304,0.46131568082884
"Line_2290",4129.42714005096,725.887069323618,67.6790407067413,1.17659343682332,1.39888447009035,0.462097540475302
"Line_2311",3413.7748586104,697.966639419259,71.6909149348825,1.06914041039586,0.322279278696739,0.461525523767749
"Line_2340",5083.38055952944,712.715229324304,74.7008353574916,1.15319574037533,0.322754104142538,0.462072224935575
"Line_2370",4372.40574276104,709.048131649504,69.5900393484953,1.13249754766148,-0.713056920205063,0.461457950913852
"Line_2376",4272.99764308142,855.984864206003,70.5844717223987,1.86341938046722,0.0285635259766155,0.463556730612726
"Line_2400",5222.00926114814,675.333496609365,71.0872490671378,1.01776031136674,0.0625270073103075,0.460754757587467
"Line_2413",4979.90452766303,702.567952583503,69.5614580009226,1.08315046386475,-0.710693221085989,0.461871596453275
"Line_2444",4105.24464803958,728.119352073073,72.487263560001,1.2510789860805,1.36376730894927,0.462433396506408
"Line_2475",5387.09595585151,743.675359021181,70.4313849400152,1.35633504948405,0.441398425144534,0.461213728861717
"Line_2508",3738.39661329614,701.53708496961,NA,NA,1.36033691333287,0.461727487441689
"Line_2558",3820.59254297189,764.078265917829,69.985083179255,1.36455441416545,0.91502169351218,0.462822941344208
"Line_256",4869.999975192,720.363543282368,69.4076701908101,1.16836303320454,-0.717275032029276,0.46175077257738
"Line_2581",3441.24697354844,748.529695929687,70.5836589013022,1.31091761139368,0.0750893166475648,0.462263315632309
"Line_268",4143.86025689367,720.096710195787,67.5558741792616,1.09229056756932,0.476092976812065,0.462768851524351
"Line_2689",4291.30428509237,687.267766175571,69.4684832854489,0.993995552406283,1.38743711125556,0.461476993181914
"Line_2736",4324.44370301226,771.17411942248,69.1560228379191,1.58515266255306,0.0395177573247287,0.461368473775796
"Line_2738",3733.41005283021,708.261178420746,68.4756695967179,1.12691104208898,-0.683697492434002,0.461836452518759
"Line_2765",3699.59243181133,753.361563493141,67.6092057087408,1.22026897200033,0.873892166731397,0.462347548531258
"Line_2776",4038.56200758742,682.753990495582,71.5323231183218,1.00172297631339,0.863218775984107,0.46102740751033
"Line_2787",3312.85627114473,773.000980242257,NA,NA,1.38861924883886,0.463483184114574
"Line_2788",4362.25937397106,833.125660276669,72.0676618066029,2.00912615233296,-0.727535986585516,0.463089170086009
"Line_2805",4746.09048659024,706.789465317985,70.8961142773877,1.10524967260147,-0.698917598340325,0.461820805424085
"Line_2808",4413.08031387204,704.669849576258,70.8407125793883,1.08470514319684,1.39048530009549,0.461895555916638
"Line_2825",4926.36986809063,694.392229937351,76.3189391766358,1.03354897623827,0.309048502783972,0.461008066530856
"Line_2851",3794.90930354811,742.749933419716,NA,NA,0.463093056275665,0.461613572564522
"Line_2857",5141.42990288897,719.932918083474,70.4239377806168,1.13755606125504,-0.711560241950823,0.461627207025906
"Line_2860",3619.10741786416,729.105726859061,NA,NA,-0.713808193004666,0.46220561927944
"Line_2879",4443.49541173788,762.227765108468,67.3760251902715,1.36791569138478,-0.712642761916555,0.462503443635793
"Line_2992",4577.28178036879,795.745892849962,68.8907282329131,1.55556240925205,0.329767746748266,0.462800299896828
"Line_2998",4181.15555199788,703.207903430017,67.9068064686374,1.12816577172901,-0.719760344804388,0.461521083168105
"Line_3015",4779.45028412021,788.061790003392,71.2096367236292,1.49231838449252,-0.705198795403914,0.462728226644929
"Line_3017",3888.6934042638,729.443604686139,NA,NA,1.36319928718733,0.462137324694139
"Line_3037",4013.81436142676,711.905489267727,73.9232678714249,1.22822206980868,0.68286257951118,0.461080712506729
"Line_3047",5092.09816560869,668.930208969297,74.4944670963087,0.938135424338451,-0.738666536189195,0.462124172074519
"Line_3049",4079.45598758994,676.088118969395,70.7066726158718,0.962477031089463,-0.701952623842406,0.460968658919949
"Line_3056",3568.7135725651,722.260518322461,68.7386298241348,1.14755082533255,1.39302650532166,0.462170206425669
"Line_3069",4053.60515029732,691.294327806308,69.3453421111905,1.04971557174006,1.39196271244627,0.461441562087335
"Line_3071",4569.40510164406,809.510972623529,69.8267128802757,1.61007691759537,0.891449664882105,0.463099804486725
"Line_3073",4662.96613799459,743.760591779988,68.8902640083191,1.1950819208883,0.436863646043204,0.4629185823388
"Line_3083",5714.06447533446,756.967913289364,70.0628578736145,1.34695832998604,0.0453555974873379,0.463306578946482
"Line_3143",5023.57294148105,720.311870461341,68.3247359390566,1.17063523047055,-0.738672655034986,0.461365224993436
"Line_316",4132.3163015142,703.981361375633,67.4613756828864,1.05142404672939,0.501194313018098,0.461460418598914
"Line_3188",4112.42888840875,814.621912007262,67.6180815040993,1.64976017379707,0.494512835172447,0.462672894270517
"Line_3196",3165.18777056849,746.698824783161,NA,NA,1.372117706721,0.461403427868387
"Line_32",3962.14164140631,803.877942911984,69.0899074205042,1.56440121109937,0.645448890298793,0.462808957999019
"Line_3209",4387.94066719509,779.302650306353,73.2498950073792,1.48823617364195,-0.721269465551939,0.462986496515762
"Line_3215",4119.64635079596,700.869370751123,70.6677220868213,1.04957824691776,0.669423008000946,0.461757213131393
"Line_3249",2844.11853869961,699.182792605255,NA,NA,-0.703583162249341,0.462056976953587
"Line_3266",5296.79188292604,787.030706267479,69.5120030387019,2.0341396488345,-0.746458024818725,0.463058618701757
"Line_3273",4224.01826859905,736.517683593727,64.4145477329638,1.14324220308397,1.35679080298935,0.463044192164589
"Line_3274",4054.13155384386,747.183758614094,68.3211759627445,1.2561141156178,0.916642552510365,0.4617349055691
"Line_3304",4617.4653902537,778.790324463316,69.5403139369725,1.42452510721079,1.36210435885768,0.462696192494002
"Line_3361",4504.9493492694,715.034798075519,69.0672158012537,1.13773345686862,-0.706210702151595,0.461268865017813
"Line_3362",3875.5539808228,698.612636534635,72.2046550615475,1.23558441114098,-0.693753979258852,0.461116273762226
"Line_3388",4805.71078828817,702.122771987996,69.6617907459094,1.0167139641736,0.680050320726665,0.462866071013845
"Line_3468",4332.60487204944,713.780553863862,69.3501427072758,1.25351853649349,0.0761622604682233,0.461730545785184
"Line_3503",4245.8583477738,683.934854026291,71.6684605008675,1.0168470919619,0.66927683657651,0.461330105325443
"Line_3509",3729.52387705309,825.644044366018,NA,NA,0.42885143957551,0.463012547470121
"Line_3512",3599.24840687885,711.441281114491,NA,NA,0.00980783736059032,0.46171982641222
"Line_3540",5013.25313896905,692.892641257426,70.1490209209905,1.0399782133532,-0.703301493461827,0.461161565850774
"Line_3559",2998.525155817,782.953677390408,NA,NA,0.437133276696264,0.46292941446821
"Line_3583",4227.40984435242,692.372038143804,69.7746096900066,1.1039268142332,0.846582892104867,0.462035342331277
"Line_3587",4587.69769303717,697.663697095591,71.8756240060967,1.05010620564097,0.055258934610442,0.461478808748488
"Line_3608",5136.4705265361,706.199494487274,69.1979619234304,1.13986980075452,-0.701684435597566,0.461416502907768
"Line_363",4266.65696010732,663.864027850962,71.0810338301395,0.918213033796953,-0.754311623790477,0.460592608397089
"Line_3633",4113.88525919755,674.500457792009,72.6165407958265,1.02423890820985,0.333042086493655,0.460690127678806
"Line_3736",3756.14615394947,759.322546238869,70.6880934707187,1.3991629453353,0.927781548300262,0.462858893517061
"Line_3749",4300.0275160444,721.541398915873,70.9877174840664,1.17824268052752,0.323776961634289,0.461887667403713
"Line_376",3955.01142088753,847.486397119219,NA,NA,-0.729648731423673,0.46274294123985
"Line_3770",4494.01975606787,704.110366770452,71.7490689182194,1.19773897777483,0.475374970744482,0.46113847989765
"Line_3800",5510.35936175281,730.738208378662,74.093824169272,1.24018311316318,0.309383356334946,0.461183175970885
"Line_3810",5044.35707520617,752.719318923087,69.0746930029712,1.29215244002054,0.47097511835963,0.462023361373683
"Line_3813",4206.67974797209,732.969016591365,72.6276590130848,1.23548202117004,1.37496493461201,0.462543553351327
"Line_3830",4605.98119629609,722.845972081453,71.5701050023678,1.78384364525786,1.34324027816246,0.462299584766276
"Line_3847",4290.63174796004,712.284536081332,64.7590326832185,1.16871382410535,2.25396602686518,0.46166106570096
"Line_3852",3053.14358309075,848.103254521262,NA,NA,0.927247492010153,0.463785965242206
"Line_3895",3610.38600404254,730.950748233924,NA,NA,0.645107950791233,0.4625543457879
"Line_393",3571.19518168003,707.29760612947,NA,NA,-0.68733033825402,0.462041557908779
"Line_3934",4057.34985169214,695.018619595678,70.6100111090644,1.03099656613851,-0.726736589166108,0.461358063005474
"Line_3952",4045.54536035072,734.81315890509,71.8721268404715,1.27314268182012,0.0313419690702161,0.46199929970043
"Line_3986",5053.86406246952,731.489617924056,72.278065350288,1.27671097103463,-0.714035478697723,0.461814013072411
"Line_4018",4411.96263937562,692.080790456629,70.3567817056209,0.985372272445385,0.682223629233359,0.461784128443599
"Line_4022",4612.59648289845,698.533732104034,74.240246918807,1.08586205456746,-0.739883033730118,0.4609011422431
"Line_4034",5152.67153853158,713.58228393312,69.2227657505627,1.13443833318768,-0.704678878919474,0.461253944550848
"Line_4053",4468.99135720772,721.319366277988,70.9501425094438,1.16279385637101,0.288488668203495,0.462459429694939
"Line_4061",3909.43867429765,680.994576521692,68.3560667963143,1.01512006089637,0.424846103864068,0.4611347008047
"Line_4086",3431.41387174807,703.76934979703,NA,NA,1.36822460862103,0.462539611870169
"Line_4087",3565.74009140269,768.070089846078,66.0237191425748,1.34709824220504,0.685761534528103,0.462927669814223
"Line_410",4425.83608563992,686.872660133185,69.1528230481193,1.00614847082598,-0.710386624968751,0.46145514967495
"Line_4146",4605.59454588712,766.21537711838,69.7534876882154,1.37993005070601,0.0620698518774621,0.462838373531611
"Line_4156",4220.65763510468,714.861703348921,69.7276777976366,1.27590630143868,1.39576749619204,0.461851067998561
"Line_416",5674.10804486562,702.183862248883,71.3119550795423,1.08364656942515,-0.712935141184886,0.461620553961654
"Line_4197",4967.95430061447,742.190657082297,69.4019449342344,1.20846060226938,-0.69034802634575,0.462292176236956
"Line_4202",3333.82983094228,768.478118020202,NA,NA,1.34850610161876,0.463014486402416
"Line_4218",4546.54596111369,681.938663120546,69.2872004393638,1.07564627456432,-0.723209948430261,0.461705348679308
"Line_4228",3915.78216090793,762.939014008993,68.3761173832275,1.21148373740112,0.0419040739470695,0.462786080942512
"Line_4258",4498.43192731419,721.650916226492,70.59441616427,1.14825551706027,0.0492330460165846,0.462715066914588
"Line_4350",5156.77314167032,755.749130999325,71.6917403463369,1.30717170298064,-0.726844847215532,0.462391645886156
"Line_4352",5067.20117551012,727.924849809247,67.4100125147566,1.1942444109267,0.0381670134980117,0.463021884802342
"Line_4357",5159.04677946564,703.998166073661,72.0322651357636,1.07297972015532,-0.698587617714385,0.461358608910582
"Line_4363",4616.96680080775,743.861487365543,68.8465627461863,1.26833609770626,0.91330501762204,0.462927147612648
"Line_4377",3208.71994453982,698.186867179983,NA,NA,0.907576724571441,0.461591280752708
"Line_4383",4536.09066035244,813.958635697423,73.2951448628374,1.62438727842143,-0.722734018648692,0.462677070887273
"Line_4391",4988.68074437399,727.408912679851,66.5397677694768,1.18048346659989,-0.703160420801149,0.462082440419052
"Line_4427",4878.67239881785,709.921100473262,70.649574110063,1.61680648103809,0.00977960625723906,0.462235641980073
"Line_4466",5523.64004530839,709.791927957083,70.4673846778983,1.1104045980851,-0.73270035568456,0.461494805109139
"Line_4492",4575.4537421461,670.53774848971,70.7110318394583,0.948409368553701,-0.74543873906088,0.461956752986905
"Line_4525",3541.55908416851,713.967854079962,NA,NA,-0.724309484169401,0.461390324064485
"Line_4530",3011.04259036784,802.29804978328,NA,NA,0.915867541250192,0.463368168242681
"Line_455",4595.50872372201,716.731404991972,69.4623354823592,1.61373625874284,0.871519039298523,0.462039580198711
"Line_4553",4494.13480628811,685.475352528953,71.4907684606951,1.00625484525794,-0.744899294889297,0.461542749229054
"Line_4578",5689.00834147152,747.458546287939,74.8974731282401,1.37093526721572,0.330219941455852,0.461950782658763
"Line_4580",3961.91196818856,703.155919220689,69.9148511342569,1.00551049836193,0.0690302202284439,0.462474260354447
"Line_4581",4412.97935835334,757.068935174911,70.0963062468605,1.31902367220051,1.37974461498264,0.462223821013386
"Line_4621",4773.97606048495,709.747935540833,71.3555119843727,1.03849772479208,-0.729170058666924,0.461914529056981
"Line_4676",3989.78683363822,770.025088868522,70.8842347333142,1.38584790045924,1.35034602809193,0.46282200392524
"Line_4686",4139.92568123461,751.568814930618,70.2722732491052,1.32880667754646,0.927078672689977,0.462190175579779
"Line_47",4553.27281801203,738.039535517349,67.5650736889286,1.22383556908032,0.0766626309030414,0.462607213515031
"Line_4734",4973.79736351574,731.862595084858,71.3132636539436,1.3077958069346,0.0414491213384307,0.462269505312859
"Line_4808",3645.66715620354,774.201974293237,NA,NA,-0.721074448320446,0.462762204600413
"Line_4833",3822.55543046334,831.506587457292,69.076282981186,1.61279901365727,0.0501846501887915,0.463778242408666
"Line_4874",4709.70757696809,749.139702402423,71.6885867892314,1.31542082741763,-0.746453819577111,0.46220794290856
"Line_4879",4109.88579179854,753.876146442933,68.8192082999828,1.37080189626829,-0.714798402212668,0.462153181051088
"Line_4883",3044.74991999626,737.135357102034,NA,NA,0.653354510935677,0.462956473749709
"Line_490",4002.08735843419,734.900316528435,69.0311229903872,1.266929456412,1.36157959542549,0.461165878415726
"Line_4906",4650.12842734191,690.822964495178,67.2346033467936,1.07593855252499,2.21068452085203,0.461246917512068
"Line_4908",4123.73460268327,711.720676315855,70.9627929661243,1.11833517481562,0.672576216508638,0.462004660890037
"Line_4911",4574.53146775484,709.28715706683,73.3973857374687,1.28625442933121,-0.00428373602258891,0.461620735659245
"Line_4918",4607.92661513885,737.280458467358,73.8078118625856,1.21858457808719,0.061974089979093,0.462914758806946
"Line_4965",4068.56417211399,670.211635349456,71.4112357881431,0.946653537417818,0.479447074564121,0.460911460992505
"Line_4970",4992.02251628553,687.40682090289,71.1538268617117,1.01591514969433,0.457650737022528,0.460982701075818
"Line_498",5099.82649357668,711.666004325661,72.3870613583,1.5206568292181,-0.721172097335013,0.462174818701933
"Line_4988",4016.11897149452,687.290092190178,NA,NA,-0.742507705509261,0.461738858474311
"Line_50",4525.57351815611,705.656236822656,68.6218871901763,1.09460114144927,1.40822941545429,0.461761313532328
"Line_5032",3700.05443076206,674.00540334817,69.4345718345373,0.993314784650747,0.898688772392989,0.460964944674831
"Line_5062",4069.528445635,757.567029617559,NA,NA,1.33317173492988,0.462204141669876
"Line_5102",3949.92723868642,683.424856832981,NA,NA,0.0465605120228356,0.461435614364167
"Line_5103",4385.9153644962,679.450895755163,66.8830337032699,0.969779100916872,-0.699609258903795,0.461113610202072
"Line_5115",4069.24417629364,819.507656306717,66.1843387539406,1.65524239562419,-0.689332436009027,0.463405188936934
"Line_5125",4478.47170955144,738.600597231337,70.245068715128,1.22527176879074,0.0339543447857895,0.4623110454435
"Line_515",4445.52863366232,815.02090857704,67.9124486806263,1.64309635838669,1.36826729219603,0.463617057559776
"Line_5170",4697.58850298627,690.962383832049,69.7906744711569,1.00468509355015,-0.702092234775536,0.46176076677757
"Line_5201",4886.73376489543,708.886746548434,70.7347508286714,1.08175659923345,-0.70646920221749,0.461911180385945
"Line_5222",4283.00437116029,694.352699759949,71.8072921914835,1.08185363181473,-0.701108719521342,0.461525724215041
"Line_5260",4847.56975426466,755.007147630314,71.2584324239237,1.30473410228237,-0.717161523911342,0.461789065029146
"Line_5266",4447.48411062268,759.147440922208,68.4158011789234,1.38789785961594,0.667445592501875,0.462938522788175
"Line_5269",3621.38331091566,704.813854206611,71.9422467742285,1.10087931852239,1.38862955656052,0.461953730703515
"Line_5271",4060.98102806547,709.226250384331,69.5616565935815,1.16470873963758,0.0797093477510902,0.462160440516071
"Line_5278",5183.79098783827,716.621681612912,70.9050297510442,1.11647164013945,-0.713478549835079,0.461239502049856
"Line_5296",4249.65235661622,781.870688213009,65.6372165306736,1.42000383787988,0.917047933142484,0.462473352540656
"Line_5346",4752.48288105476,763.530036326474,71.2680581950233,1.36848985297752,1.37977971101118,0.463374198012724
"Line_5355",4693.56110969623,766.523595922451,75.0231109617929,1.34629621088926,-0.713352221006024,0.462087882560364
"Line_5363",4161.89136733596,777.581664375989,68.6213315338512,1.43853395699675,2.26883988306754,0.462192766789952
"Line_5380",3686.98053072653,718.340912792455,66.1548181204996,1.12856955135116,-0.707110042735008,0.462208261935493
"Line_5406",5607.9331580977,757.486416866683,69.3037203458732,1.33260246143264,0.034515566071075,0.4617172190981
"Line_5414",4304.21235863622,687.075462613211,72.1071830002943,1.00922945573871,0.495204667972983,0.461504424576909
"Line_5439",3205.69745206214,758.340900467505,NA,NA,2.2380396048128,0.463125221563822
"Line_5445",4502.81690026484,689.41641586382,73.5362079950039,0.943169322905114,-0.730901298960456,0.461455321309545
"Line_5555",4290.25360605017,738.767261986487,68.4859383276518,1.16794270211418,1.34879496897819,0.461967592664193
"Line_557",4354.03590659992,733.622073541179,70.6890583853414,1.18207073482443,-0.755215859278862,0.462055901956328
"Line_5583",3418.86709286886,772.968231215197,NA,NA,1.36985540218537,0.461796738136302
"Line_5615",3889.9033455808,685.256673776201,67.9664940880737,1.08128873129946,-0.77215158307624,0.461081453659121
"Line_5641",4607.0802897269,715.127120750296,71.5464227161258,1.10821016410227,-0.700307610277658,0.46245234381568
"Line_5650",4746.64457825883,702.581158981796,68.9800008890358,1.02889472217342,-0.773772677971208,0.461862316194499
"Line_5671",3812.13343636592,766.07969075829,68.3860579418118,1.34593538929845,0.44732738897257,0.461759383691187
"Line_5696",3408.61612917792,826.134029643728,NA,NA,1.38391475532628,0.463399408838493
"Line_5714",4373.79144196598,708.934628265443,72.4360398633526,1.05824954331367,0.942702993278949,0.462148341456964
"Line_5722",4445.04185374519,699.905833057135,75.5866634945427,0.98885849841085,-0.719612709725605,0.462042827772843
"Line_5724",4271.28999797,831.281587556948,69.9021479194507,1.66104729271813,-0.738550666370767,0.463722181438884
"Line_5725",3677.49988771481,689.618933279032,69.9760099302945,1.01801105251669,2.23090445169781,0.461861005819595
"Line_573",4820.55171590101,706.933557966458,74.210885977186,1.07338083909512,0.430828231901522,0.462575994631318
"Line_5746",4393.75768569071,814.679117942032,71.2334157061442,1.62924334268233,2.26387890798492,0.463068960073418
"Line_579",5263.04449562616,689.719866581999,68.7930607281739,1.1747841715193,-0.733903947716565,0.461149900158744
"Line_5802",3693.45647494118,753.215449015811,65.8890551891729,1.24965116968443,2.2806014303351,0.462118961251992
"Line_5825",4610.65567099735,668.151749198807,70.0303092436449,0.906054504799606,1.36121587553391,0.461739388233293
"Line_5841",4271.34876976024,736.751141408754,63.9088842800536,1.29468342228277,0.319507742142638,0.461704690625969
"Line_5858",3869.90825192977,726.961029380988,69.7916717759137,1.16876297844865,-0.701582044244236,0.462629313918376
"Line_5867",4169.36987072871,689.430772652867,71.3670781048786,0.976053217327763,0.281278955300326,0.462275293644429
"Line_5871",4238.05209665346,712.221481166987,71.5192831899302,1.06994342066203,0.668798501833692,0.462465221786686
"Line_5896",4121.98075177747,669.683766352888,68.3656451135206,0.933043413845361,-0.76824140786033,0.461096766003754
"Line_5929",3801.05008136614,702.813545756389,65.1665510447329,1.05863296529304,-0.688600499518715,0.462083405356402
"Line_593",4713.16090241113,693.481258982349,70.5591289617952,1.07033958821419,-0.692331582703229,0.461290584577258
"Line_5942",4161.79537015384,764.405750481546,65.6838816035751,1.40839602047488,0.330822696001142,0.462331951770372
"Line_5954",4389.3535113907,680.748634598973,67.4201243011951,0.957332696283326,0.294113923308208,0.461614763470457
"Line_599",4913.26804295054,744.840435000142,74.0566629252649,1.29173998350699,-0.73996968616313,0.462341069860411
"Line_6013",4425.85772180594,688.114789681354,67.9101102336198,1.09816968774857,-0.734087362364685,0.461556071642096
"Line_6019",5407.74308761004,765.985424931857,72.6110460241262,1.36243892825279,-0.70167775766592,0.463073594927693
"Line_6065",5050.51145606798,747.123654121945,73.1566954170307,1.38930584325874,-0.684457411193896,0.461704004795501
"Line_6074",3773.21257979485,774.377158323374,NA,NA,-0.722983634466811,0.462248477884644
"Line_6095",4521.50518763456,769.509523082895,71.9958127258423,1.31754186249413,0.0118923613571698,0.463070008671452
"Line_61",4547.28421192892,714.580035891401,71.8289162729295,1.19115352057979,0.297132888631664,0.461788985900327
"Line_6102",3609.44122579002,738.764602643122,71.4611571278568,1.27205393156855,0.680609843484598,0.461947615214561
"Line_6151",4344.13178929258,739.044024478322,68.1054586681435,1.25386696957908,0.644577369985778,0.46131919592631
"Line_6171",4219.38233351199,735.215400822045,71.5883709708842,1.30097301268678,0.285242350941145,0.462036489941055
"Line_6191",4120.54252603814,688.385102530449,70.9802191448341,1.03352070462798,0.876611234568209,0.461339183189068
"Line_6205",3337.07733322848,741.866401536061,NA,NA,0.281665924952399,0.461967782694795
"Line_6206",3635.46394776989,757.576567785657,71.5848902841514,1.28445251278458,0.327876435226999,0.462323792530684
"Line_6220",4527.98980248571,747.874115231608,70.760346000706,1.33161922887269,0.0342720835537174,0.462240107778827
"Line_63",3459.28718712504,744.239884549716,70.1004617980104,1.16529471024217,0.471269407412876,0.462649215234627
"Line_6303",3607.62564712997,696.487913243023,NA,NA,1.39790323870194,0.46100111924248
"Line_6311",4593.22597256072,696.49753448564,70.6020276073922,1.05387616995323,-0.750473079963556,0.461759176146159
"Line_6313",4467.80149780248,689.359247921137,69.7321565217492,1.04923668703674,-0.775183247108045,0.461036020462646
"Line_6316",4516.56670745738,716.348279159637,71.7900996050805,1.14064939847057,-0.706042152547288,0.461757917743315
"Line_6335",4833.75533020021,716.399504774204,72.7098721013817,1.10297418930537,-0.727422868379981,0.462811042804114
"Line_6336",3522.99246212359,673.261240968222,NA,NA,2.21372366373304,0.461418905958881
"Line_6353",4260.9968018977,717.579882138881,66.7507998320568,1.1461100985957,-0.719139215209731,0.461159338557947
"Line_6366",4477.7403329336,723.890002464291,72.5197203718134,1.17458109013965,-0.717184498286727,0.462519046532088
"Line_6370",4831.66113646366,763.432298326763,70.335392692993,1.3202922667016,-0.727840460425383,0.462107273434461
"Line_6381",4689.21244086597,731.145022641208,71.094068129663,1.17810462124881,-0.756281730069208,0.462017101870454
"Line_656",4063.61394841711,706.248957318342,70.8991164190003,1.40490029888778,0.035224347411831,0.462082496380602
"Line_658",4131.19780066427,769.147090653017,70.8568045553583,1.3888897117763,0.478825214133296,0.461963095250245
"Line_681",4667.0962862476,738.040457119755,67.6787012857877,1.25102036497484,0.0395308670418626,0.46198072907123
"Line_689",4497.39518334949,702.918546779026,66.9880475908529,1.0440127498156,1.38737536003244,0.461367059709593
"Line_693",4048.56363388237,726.51221281017,70.9699364656231,1.21156526423883,-0.707072298803719,0.461430123787631
"Line_721",3286.06524273932,833.568200594166,NA,NA,1.41173709846387,0.463794734932451
"Line_734",5353.20295661647,705.066616422092,71.9114762933526,1.09516501835743,0.0155907276324589,0.461624027247314
"Line_735",4037.27133292334,730.631120323892,70.1985236790481,1.30949187614977,0.697418265706274,0.462305080928497
"Line_74",4456.52554863403,253.858078013088,70.3367168364837,0.686672230205758,-0.625033015698108,0.113672397331407
"Line_876",3773.91000503028,763.333279463535,65.3338541897373,1.36694072294211,1.3905607064936,0.462150172062847
"Line_88",4064.64042664783,724.806941195828,NA,NA,1.37900994575689,0.462999104426117
"Line_886",4348.18823687005,684.985779840144,70.5549162771383,0.944159138749359,-0.703315481744426,0.462364733934598
"Line_905",3472.43021162562,719.859651044784,NA,NA,0.68585858343378,0.461907966616545
"Line_927",4738.18936892332,771.850232586523,71.7120758750654,1.41880470915495,-0.728448902861063,0.463036970421944
"Line_93",5175.94442320892,690.885797456954,69.3880709498674,0.957699568534206,-0.738193737494641,0.461162523278261
"Line_975",4820.19297101654,674.080371654946,70.4409813467812,0.951506962378837,-0.695564866050394,0.461631156466792
"Line_99",3481.29590713958,773.167605149112,NA,NA,0.449510591366997,0.463562564453024
"Line_998",5646.3847033498,763.006969232491,72.3967507365925,1.54764239936259,0.29845768823261,0.462200706361772
"Line_1001",4385.68147898991,1166.82572849497,70.5262926334198,5.1492874770996,NA,NA
"Line_1014",6227.03164599299,1135.22902093767,72.4868654355022,5.04366606366287,NA,NA
"Line_1017",4447.73027974923,1134.48620689251,70.3782016764079,5.04826254534192,NA,NA
"Line_1032",5401.22901881414,1207.93239303,71.5805235941375,5.26572301219768,NA,NA
"Line_1041",4721.00621536421,1113.46779807658,72.1245425243631,4.97359045647205,NA,NA
"Line_1053",4084.1187535104,1125.60609488422,66.7680051110137,5.02147507515483,NA,NA
"Line_1068",4420.55261317552,1124.4227893352,71.5818584973849,5.01190291401816,NA,NA
"Line_1077",3874.74013015429,1141.23253790732,69.9310397789697,5.08205614495989,NA,NA
"Line_1083",5003.92811903661,1113.75558993155,72.2072234636692,4.97615323278817,NA,NA
"Line_1094",3336.60738533523,1089.26529563454,65.4665185508266,4.8953378314386,NA,NA
"Line_113",5607.14097125156,1130.16576113399,69.6261089098592,5.02195058014613,NA,NA
"Line_1138",5644.55776715746,1124.77425236807,72.2227347676528,5.01592257198409,NA,NA
"Line_1141",4094.6612670522,1116.77582014742,70.8525274166971,4.9983591752794,NA,NA
"Line_1155",4050.21872126883,1134.31630534387,68.0475021411264,5.02978975711305,NA,NA
"Line_1183",5066.3852005732,1122.61114278835,71.9580100902002,4.99576959813229,NA,NA
"Line_1185",4598.62422692833,1216.90811226386,69.0676039289798,5.31266175407365,NA,NA
"Line_124",4333.08934365662,1095.24016317807,72.8832608442959,4.91863735540892,NA,NA
"Line_1251",5416.70022567035,1148.68343494971,71.0819187659609,5.08867732453053,NA,NA
"Line_126",4790.75158526371,1105.07354703514,73.8089651968452,4.95495590228746,NA,NA
"Line_1264",4789.36698968646,1122.53271448195,73.0712260978692,5.01924955836524,NA,NA
"Line_1277",4728.57403159598,1268.67187438864,67.6175471408629,5.45196915689963,NA,NA
"Line_1286",4554.23297888428,1122.26101179784,71.3148300004579,4.99931275486325,NA,NA
"Line_1291",3965.57166143009,1107.03519937111,67.0476977116268,4.97012453902247,NA,NA
"Line_1303",4623.01974369547,1157.58816322637,70.3997142619341,5.12414755339087,NA,NA
"Line_1320",5337.27338551558,1088.47950235363,71.0756674090712,4.89213072427416,NA,NA
"Line_1321",4056.66598787211,1152.56707872326,70.4452558247347,5.11321052413617,NA,NA
"Line_1335",4513.54447951685,1187.82439127475,68.6673520934672,5.21381042641756,NA,NA
"Line_1336",4845.85468377706,1110.49860541489,66.8949105678449,5.0073226954032,NA,NA
"Line_1350",7036.18230421488,1189.80810518028,74.2392434451425,5.21116414804862,NA,NA
"Line_136",3280.86205766792,1099.66962594927,66.6313635383821,4.93540385728281,NA,NA
"Line_1363",3716.58377503666,1121.29590083359,70.6367483527851,5.00232566308939,NA,NA
"Line_1364",5036.84973457628,1160.49794027283,71.4144700407049,5.13004859491742,NA,NA
"Line_1365",4160.37938064547,1145.20630015182,70.1861036455055,5.08151886821928,NA,NA
"Line_1370",3914.40124553026,1254.39560645913,69.9024566663573,5.43381344381307,NA,NA
"Line_1384",5872.28434436358,1148.99152145908,75.0573718981212,5.09861378302766,NA,NA
"Line_1399",2818.6854302578,1164.57441210408,67.6848068687163,5.14477647423629,NA,NA
"Line_141",2982.49203409494,1103.38274231673,62.8970560789146,4.9566241180339,NA,NA
"Line_142",4690.0790247611,1176.63871161303,71.0040238795014,5.16533552014852,NA,NA
"Line_1422",4801.28639215238,1181.44081204875,69.3872822064476,5.19775565515709,NA,NA
"Line_1423",3888.79798751101,1110.26088409379,70.1894986191814,4.96071999616552,NA,NA
"Line_1425",5949.56605576862,1245.04630624914,72.3685789429198,5.4046663236651,NA,NA
"Line_1427",5150.44176271536,1118.65219516946,73.3817380548644,5.00198451041576,NA,NA
"Line_1428",4835.20771155345,1106.1723845692,71.8083952717712,4.96098407017618,NA,NA
"Line_1449",4167.37039931196,1087.12154220594,67.4753322069406,4.8921532271918,NA,NA
"Line_148",5038.41619463985,1145.44288623847,67.975758869253,5.15481455410967,NA,NA
"Line_149",4089.86148264328,1122.50435777192,67.3570140733485,5.00578060657174,NA,NA
"Line_1492",5429.15042645323,1087.43564726172,71.1025893911767,4.88901621213069,NA,NA
"Line_1498",6194.89453114658,1241.03046272529,71.4943544615703,5.36556475049277,NA,NA
"Line_15",5526.77083412462,1111.51207435358,70.3735713590314,4.97203115934368,NA,NA
"Line_1506",6203.34252047246,1158.91779279434,77.1377125336349,5.12142452049322,NA,NA
"Line_1518",5352.18070981082,1074.44130444224,73.7274997861404,4.92746260858687,NA,NA
"Line_1525",5109.39666552516,1087.88989093835,72.605541948089,4.89728606709561,NA,NA
"Line_1528",5498.68123243032,1158.66217137776,69.1793017399404,5.11232578040379,NA,NA
"Line_1530",5496.49423599749,1144.81099504826,71.4405701070742,5.07822220783058,NA,NA
"Line_1532",3784.79652542075,1136.41243451383,71.2408387600258,5.06037853493576,NA,NA
"Line_1541",4777.42237620027,1141.00151047904,72.5521958945078,5.06603953899532,NA,NA
"Line_155",3561.53248206676,1084.6999939598,70.6824363827919,4.87416365650835,NA,NA
"Line_1552",4599.08730595827,1114.77067687929,76.1323781060003,4.98060079533259,NA,NA
"Line_1564",4220.88777801313,1153.6769834586,69.8196972597645,5.10070595542121,NA,NA
"Line_1565",4411.36197614727,1157.88773154869,73.5126826165592,5.12522952800113,NA,NA
"Line_157",4312.81845343768,1191.93961734075,71.7830478463434,5.2123690586141,NA,NA
"Line_1572",4207.8449936406,1101.12880563921,71.0595871829769,4.9323469393745,NA,NA
"Line_1580",4227.75504611699,1083.82996817389,67.6381301634752,4.88076028863839,NA,NA
"Line_1591",5678.52014444122,1143.39757486524,72.2629745869709,5.08075893466187,NA,NA
"Line_1605",4036.35351484339,1162.95692473765,69.5920869675587,5.1490317765229,NA,NA
"Line_1608",4767.64754901913,1137.61272866658,70.7361163740551,5.05643547295277,NA,NA
"Line_1614",4275.19377457303,1116.58103242919,65.5060485225132,4.98138065454546,NA,NA
"Line_1617",3600.49613395675,1101.35430546875,63.408464503559,4.93650542252259,NA,NA
"Line_1619",3814.42570376825,1079.72645797255,71.4769040691791,4.86510391585299,NA,NA
"Line_1623",3375.76796373417,1113.42876595332,69.4878202625918,4.97657550702442,NA,NA
"Line_1634",4309.79325647302,1089.3251263783,70.0127137633977,4.9019533529974,NA,NA
"Line_1639",5074.81602007509,1162.5889344626,70.723748192881,5.14256482468852,NA,NA
"Line_1645",5246.63690715579,1228.78476030246,70.4319401160789,5.3381927707355,NA,NA
"Line_1659",3877.99089597504,1188.55402057098,68.2257394630176,5.20903574070387,NA,NA
"Line_166",3997.75365741713,1175.42744309183,71.3028901101346,5.1962365551078,NA,NA
"Line_1666",5333.92333749766,1123.15841812085,71.6349298844402,4.99738662686447,NA,NA
"Line_1673",3652.76437282771,1129.51732532893,64.8458535668954,5.0250980340135,NA,NA
"Line_170",3401.68486844049,1187.57649683989,67.8844226362665,5.20484120440005,NA,NA
"Line_171",3787.65983952379,1233.59773292427,68.0555227807554,5.34876098026568,NA,NA
"Line_1727",5385.50372848755,1221.22302388932,69.0150842232432,5.31670197932624,NA,NA
"Line_1738",4571.348389574,1138.44941165061,69.9461726789694,5.06275235493338,NA,NA
"Line_174",2841.92725505993,1119.59295304867,67.2198244470177,4.99683835306747,NA,NA
"Line_1751",3669.11657457325,1132.69202769449,65.0120285250986,5.03701478325226,NA,NA
"Line_1759",4538.68281146135,1193.69498018317,71.3612328251512,5.22559669972528,NA,NA
"Line_1789",3730.34795569874,1106.63047461751,70.1769414564096,4.94691414429727,NA,NA
"Line_1798",3459.35492500223,1212.17588382994,71.0513554684994,5.27487203902592,NA,NA
"Line_1829",3170.21963610489,1209.14689002056,66.2283505049495,5.28238719675734,NA,NA
"Line_1851",4621.65420300077,1142.83123728903,68.2810226530833,5.08857047039022,NA,NA
"Line_1861",2999.06170734608,1305.61886398881,68.33664256572,5.55603118822985,NA,NA
"Line_1871",5735.05028712929,1167.70648637032,67.7037146984428,5.13786408363024,NA,NA
"Line_1883",5673.98544972738,1269.97941185238,73.0013928536484,5.44705397469644,NA,NA
"Line_1893",4183.41680425469,1233.72880770317,70.8308541189589,5.32992097951307,NA,NA
"Line_1897",3272.46296860904,1102.37743060708,67.2104148321539,4.95237539283337,NA,NA
"Line_1915",3461.53818027071,1130.5202505727,NA,NA,NA,NA
"Line_1919",2123.02082494868,1138.40686137717,68.3523887610484,5.05529398178249,NA,NA
"Line_1925",4334.22113399143,1251.58441081285,70.5668534046692,5.39103729441227,NA,NA
"Line_1933",4090.26609048527,1117.55666072359,73.1128944022122,4.99426605686954,NA,NA
"Line_1943",2788.96866066245,1115.87222322125,65.4583617796185,4.99011249748619,NA,NA
"Line_1962",5280.62803619961,1133.44762863375,69.3787837249343,5.04373492719794,NA,NA
"Line_1967",3647.70777949889,1118.58070370737,NA,NA,NA,NA
"Line_1974",4585.25194405254,1129.83597427088,74.2233801603956,5.04705009798071,NA,NA
"Line_1987",5139.64929981018,1107.85232804936,70.9985443431867,4.97127885338268,NA,NA
"Line_1993",4787.47849237274,1115.45696549286,74.3100910073261,5.01948874684304,NA,NA
"Line_1998",3003.48105422704,1097.48841411946,70.0231971873853,4.93469134468032,NA,NA
"Line_20",5043.23935145594,1087.26503045466,74.1999411097926,4.8893178860331,NA,NA
"Line_2002",3083.33149201193,1133.77252267938,64.9999603594381,5.04635007595273,NA,NA
"Line_2003",5546.23087755338,1261.98692524908,69.4182527135556,5.44329584958054,NA,NA
"Line_2011",4326.83483608934,1100.54230937518,70.5337980320561,4.94104351515693,NA,NA
"Line_2030",4061.10915293402,1134.36963323599,68.8625916175203,5.04258621276939,NA,NA
"Line_2043",4556.32161828033,1125.84778321176,72.1948899403986,5.02176090406299,NA,NA
"Line_2050",4860.53272186558,1133.00863950976,68.7578910707969,5.05238494721315,NA,NA
"Line_2062",5076.09602182024,1129.46342536782,69.2960420377096,5.04308026220257,NA,NA
"Line_208",3254.25033058162,1223.87664553333,72.6627092456251,5.34114088758339,NA,NA
"Line_2084",3277.06021914403,1097.13455365633,66.7161171675959,4.93213635031664,NA,NA
"Line_2150",6137.39352794614,1255.07569895713,71.0320119393505,5.42517524979353,NA,NA
"Line_2157",5485.44059512848,1105.76146031159,71.9262509002528,4.95681419908291,NA,NA
"Line_217",3567.78207243646,1148.40569582941,64.8312095315358,5.08975248910032,NA,NA
"Line_2177",4114.15708553183,1121.90001535198,71.2126718236562,5.01294482056514,NA,NA
"Line_2192",4194.44145197268,1106.00239165716,67.8764821113473,4.94836916802277,NA,NA
"Line_2194",4397.38256500791,1106.46572779327,68.7286952971534,4.95594841335572,NA,NA
"Line_22",4137.40799223512,1069.2099466548,70.9716698535313,4.82843910256894,NA,NA
"Line_2202",4691.62163729795,1091.5996770639,68.0716940484579,4.90999646638233,NA,NA
"Line_2207",5825.14883101326,1149.54417451031,73.5794672951228,5.10527434249886,NA,NA
"Line_2210",5055.62052512813,1135.6444151896,72.4673587163911,5.05379073327773,NA,NA
"Line_2224",6439.68689646711,1228.76390085145,72.8807757195186,5.35998727996355,NA,NA
"Line_2235",3583.67938185758,1151.29970692447,67.9893309170155,5.09977017618913,NA,NA
"Line_2241",4709.70746324821,1152.39064793547,69.8640326986922,5.10844709135128,NA,NA
"Line_2243",4062.08959883838,1137.32313196708,70.6953675863342,5.07252569130061,NA,NA
"Line_2251",4306.44517296168,1121.73718861281,67.8162442172899,5.00815727599581,NA,NA
"Line_2252",3748.18046960533,1112.50278054522,68.3049744368203,4.97694850473898,NA,NA
"Line_2278",5101.26081981993,1110.48632864399,71.9718837731267,4.97351243205267,NA,NA
"Line_23",5213.07365266004,1088.66054053938,68.88555416546,4.89673914870359,NA,NA
"Line_2310",3808.24743348854,1187.73478206543,69.2817720387729,5.19276793550616,NA,NA
"Line_2318",5511.96894561845,1183.33860496683,70.3832178951602,5.19244577726043,NA,NA
"Line_2319",3189.30369107485,1107.56222501771,NA,NA,NA,NA
"Line_2321",5679.93773071654,1140.54210355008,73.8679613665755,5.06316185886274,NA,NA
"Line_2329",3842.21538085584,1103.29612372505,69.1758331956752,4.94563895060897,NA,NA
"Line_2357",3884.46298828908,1128.67879641407,67.7614273981807,5.0259175245341,NA,NA
"Line_24",4345.58227034887,1081.01338491963,69.6994241027988,4.86219056449679,NA,NA
"Line_2402",4657.31368702111,1134.81515728867,68.1002261867279,5.05528555647681,NA,NA
"Line_2409",3684.63878316465,1101.20539490002,69.4066480943971,4.93507342584765,NA,NA
"Line_2415",3950.79180404711,1102.58289997918,71.4672106086587,4.94430245805157,NA,NA
"Line_2416",4790.18328085639,1106.83625654105,72.7072046194496,4.95509333083227,NA,NA
"Line_2419",4082.20089344163,1179.72326169777,71.5797606193675,5.18314003151263,NA,NA
"Line_2430",3587.47808738881,1110.92692503021,NA,NA,NA,NA
"Line_2436",4789.84820120253,1111.83533805721,70.1981962934109,4.98187711206952,NA,NA
"Line_245",5174.38189559736,1130.53312155587,72.3312871674945,5.03963829736257,NA,NA
"Line_2460",4002.21336278824,1125.57484432534,67.7754725107356,5.02368628012742,NA,NA
"Line_2464",4124.34154261535,1176.06509104631,68.954751744413,5.18309000379218,NA,NA
"Line_2467",3748.29366951557,1178.93755686857,67.2797909946553,5.17213552795609,NA,NA
"Line_2473",5412.37991636242,1233.71233797062,72.4179208002699,5.35254148157497,NA,NA
"Line_2474",4114.17092491549,1152.04056800616,68.7028222418746,5.11571324318343,NA,NA
"Line_248",3605.05094450957,1090.11042276812,61.9191156438374,4.91939065459318,NA,NA
"Line_2490",4179.90349443096,1084.29358647202,70.9985138688023,4.88032954764738,NA,NA
"Line_2494",3149.59697578004,1143.60392862251,58.2623105878837,5.08466112395318,NA,NA
"Line_2527",4178.76071048548,1171.94195048893,70.9586056997656,5.16997104976133,NA,NA
"Line_253",5442.7130931933,1121.52085774573,72.5762353371973,5.01153884761665,NA,NA
"Line_2531",5180.48792095823,1123.20501711421,72.7810658962999,5.02726407028131,NA,NA
"Line_2551",4392.50262219242,1106.9431944896,74.3540042379643,4.95688078418864,NA,NA
"Line_2616",4713.03646493296,1183.88102388168,67.9265318931303,5.18419142827187,NA,NA
"Line_2638",4168.06957971358,1167.27284743592,69.3650282327076,5.14668281891601,NA,NA
"Line_2674",4731.71647932988,1064.08577374017,69.549997840626,4.80891846484263,NA,NA
"Line_2693",6201.09835403968,1124.77382951099,74.3776455180383,5.01072442398483,NA,NA
"Line_2695",4368.71234255042,1130.04384167613,73.3711055855085,5.02007776458636,NA,NA
"Line_270",3852.68433927888,1129.15932910803,72.2286334910682,5.04923866224101,NA,NA
"Line_2706",4398.31761286638,1121.95991181047,71.8752285799499,5.01633771394702,NA,NA
"Line_2731",5191.78680824868,1170.74930482428,70.7535350660159,5.16536905979898,NA,NA
"Line_2733",6266.13720783308,1201.51361207257,71.0669405994605,5.24427158216176,NA,NA
"Line_2735",3104.52343496878,1084.31216998184,69.2885561690644,4.88291847668795,NA,NA
"Line_274",3526.61305407187,1117.96542455903,68.5685560520125,5.00044057719571,NA,NA
"Line_2764",5133.61409128686,1155.09208784874,70.8548853377327,5.1205107297562,NA,NA
"Line_278",5247.2148730111,1097.11933899245,70.2713495177896,4.92006258120518,NA,NA
"Line_2799",3825.00661734606,1104.55831706131,68.2376740833667,5.0081083826981,NA,NA
"Line_2820",4153.5573404404,1354.5656631294,71.9289604347739,5.69253000582544,NA,NA
"Line_2835",4107.56019863303,1120.2680100373,70.4903236406443,5.00321724256142,NA,NA
"Line_2856",4743.41917435257,1160.73870162282,70.8870859618963,5.3060367246935,NA,NA
"Line_2873",4004.6216842455,1175.78063652343,70.6045813941624,5.17709369182167,NA,NA
"Line_2874",3842.92992828257,1112.18381209135,69.3593688636159,4.98232890426176,NA,NA
"Line_2877",5082.08411083796,1160.1365741658,66.5980963384417,5.14877623346432,NA,NA
"Line_293",3048.07673922369,1113.02281840152,NA,NA,NA,NA
"Line_2958",5262.9140235587,1149.87332440081,75.7777633572942,5.08336100921966,NA,NA
"Line_2962",4961.75461319148,1169.24527276537,69.1800840941827,5.14973139616165,NA,NA
"Line_2967",5212.00098831801,1133.25433731144,73.133579579188,5.03214566837597,NA,NA
"Line_297",4766.78445706667,1100.34942057261,70.8952364952908,4.93146078979863,NA,NA
"Line_2971",4787.32266058564,1139.49288586693,72.8308795884629,5.0692691504938,NA,NA
"Line_2976",4906.01693592815,1100.23371518781,71.7220741940712,4.94031202621692,NA,NA
"Line_2988",5209.10567566306,1114.52336222581,69.9944066047558,5.00378050515606,NA,NA
"Line_2994",4219.19856594691,1151.84952070739,71.2591118019037,5.10338774967609,NA,NA
"Line_3",5806.40626661073,1149.31385537085,70.9265829705896,5.09935083903874,NA,NA
"Line_3007",4788.57250817672,1191.81424582761,74.8044529791965,5.22733325873364,NA,NA
"Line_302",4553.99526119593,1115.98854526369,71.2307890884648,4.99630675877904,NA,NA
"Line_3021",3463.88450938492,1128.90137182987,65.4370894875635,5.03066905018427,NA,NA
"Line_3030",5321.4535797912,1102.33342188083,73.9439921622791,4.93210513551429,NA,NA
"Line_3045",5778.63786200814,1173.78970275895,72.6905082174431,5.17931847627801,NA,NA
"Line_3097",3140.09853864283,1187.28220756719,68.5649245545646,5.22496766605174,NA,NA
"Line_3098",1861.82188575664,1132.39503908582,NA,NA,NA,NA
"Line_3110",3508.16644791709,1107.97543675875,69.3732676725001,4.96265784831131,NA,NA
"Line_3111",4910.36707744573,1137.21725538266,71.5434407880992,5.07068598890087,NA,NA
"Line_3114",5109.7088103794,1212.11629472159,69.8265258156121,5.28278171866388,NA,NA
"Line_3125",4919.9174441643,1272.81566351566,71.1689633090695,5.46882286413554,NA,NA
"Line_3163",4210.09224863506,1119.82870041552,70.6294642249832,5.00646292037746,NA,NA
"Line_3179",3998.62796022302,1154.80429930874,69.4615485459508,5.13183188948584,NA,NA
"Line_3187",5220.7138432807,1176.88486455349,69.4383817636647,5.17971013264124,NA,NA
"Line_3222",3640.70724240998,1170.39363252065,67.6312220378647,5.1470496738083,NA,NA
"Line_3226",4494.76680293426,1101.15441235369,70.8609482099083,4.94266369508487,NA,NA
"Line_3231",4511.16123528315,1197.50370648183,71.3138206858269,5.22194184675027,NA,NA
"Line_3247",6633.45851352205,1243.16808821713,72.5211883372457,5.38934505909867,NA,NA
"Line_3254",5662.24033594567,1112.14049238213,72.286540338257,4.97018643737915,NA,NA
"Line_3255",4584.4864181615,1219.56055804852,68.7778826585917,5.31456235844111,NA,NA
"Line_3282",5906.90058742915,1127.80862013593,71.6814964382933,5.01906107329926,NA,NA
"Line_3284",4516.75074933766,1151.86612375436,71.2153032324362,5.11553289415953,NA,NA
"Line_3290",3661.02449735522,1153.58918501482,70.596729650065,5.10171450282193,NA,NA
"Line_3305",3790.51245773759,1151.30026981074,68.8276312235345,5.09364898184072,NA,NA
"Line_3313",5340.88839158122,1157.07974773621,71.8808133156766,5.12651201769708,NA,NA
"Line_3321",4066.86312163583,1166.06684477508,61.4606360580426,5.14047830162633,NA,NA
"Line_3325",4562.81211651034,1129.03641520102,73.3769124170989,5.04606868031594,NA,NA
"Line_3327",3844.7654125769,1083.08771951229,NA,NA,NA,NA
"Line_3340",3988.6058513189,1136.82305928517,66.7160821915619,5.06072205291438,NA,NA
"Line_3358",4951.04816832953,1163.32017828684,71.6194938932232,5.14846744712485,NA,NA
"Line_3363",3454.21206708037,1241.59006313676,68.5529222475454,5.40544877222636,NA,NA
"Line_3370",4232.26278344631,1124.3127792444,73.8371061082317,4.99608542430216,NA,NA
"Line_3371",3170.18766636899,1107.27598286462,NA,NA,NA,NA
"Line_338",4861.20529433298,1109.9288729045,71.5955953566095,4.9702675395012,NA,NA
"Line_3385",4203.28570032533,1250.34325105941,71.2545176034578,5.41683371848707,NA,NA
"Line_3391",4070.48577120269,1129.17131890016,71.7891547585481,5.04395832144132,NA,NA
"Line_3392",4581.31782891758,1166.90096996243,71.4688017216354,5.15867497618361,NA,NA
"Line_3396",5711.62467526302,1170.32758315,71.0517838711331,5.16112850629276,NA,NA
"Line_3420",4358.26170378384,1132.31234166909,73.13584849833,5.05688065784024,NA,NA
"Line_3435",4915.36595670707,1113.47937442238,72.4298328811881,4.98840147291374,NA,NA
"Line_3440",4899.41873378848,1133.87225892918,70.5239431168379,5.05601137169599,NA,NA
"Line_3447",5390.65300741534,1173.09833149816,71.8962777679013,5.14026651284441,NA,NA
"Line_3449",4500.40659522634,1146.78397172165,68.9046705115341,5.08091901349098,NA,NA
"Line_3459",4147.39155350973,1107.46858403743,72.4367393526715,4.95560860848164,NA,NA
"Line_3467",4303.34313509095,1105.99616699932,70.6147129395202,4.96172424435662,NA,NA
"Line_3470",5152.75085006989,1128.59780339005,72.2986293905229,5.0330429822799,NA,NA
"Line_3492",5258.29423659641,1129.53768914763,70.7644250486932,5.03255062777768,NA,NA
"Line_3547",3490.926725028,1204.22324933764,66.5021011932463,5.2499663374705,NA,NA
"Line_356",5382.11384693508,1159.6630829432,70.2966098364314,5.14814163219125,NA,NA
"Line_3566",5545.36810954368,1134.73215975714,64.8677050052443,5.0489358972599,NA,NA
"Line_3568",4229.07213790024,1113.56533296863,70.1966141163089,4.99060100793023,NA,NA
"Line_3585",4577.5382827938,1136.04425062733,71.9368935198165,5.0504019409312,NA,NA
"Line_36",4278.14554011789,1098.36047151175,68.0816546405183,4.9281164443021,NA,NA
"Line_3602",4278.61080282842,1085.95566171476,64.6026644458804,4.88903996256416,NA,NA
"Line_3609",5473.34337919393,1205.90775599488,73.4926998681125,5.26558742094744,NA,NA
"Line_3615",3343.91039790642,1193.91174526562,70.4328095830578,5.23429231803564,NA,NA
"Line_3636",5495.71148270545,1156.96437332851,71.3949734687061,5.12588793545903,NA,NA
"Line_3657",3381.07610485657,1176.7356480093,67.5410388734687,5.18611349076448,NA,NA
"Line_3664",4690.44366531559,1113.05092236124,73.0506660385,4.97801141110082,NA,NA
"Line_3669",5265.65501409396,1116.69425371429,68.3779151478294,4.99817238714176,NA,NA
"Line_3689",4415.09477252376,1118.73232829097,70.4903919820805,4.99741156796593,NA,NA
"Line_369",4006.21486718865,1187.19112976011,71.2489482248854,5.21182927614889,NA,NA
"Line_3721",4410.08119969416,1137.94139330301,74.1931666217887,5.05717431670364,NA,NA
"Line_375",4252.85148890482,1162.54230375795,72.9309961548421,5.14990446306871,NA,NA
"Line_3761",4527.63831416613,1105.5138414161,68.7943835912625,4.95933318494973,NA,NA
"Line_3764",4148.41799848207,1230.17096569505,70.1049235828254,5.35128560073907,NA,NA
"Line_3765",3684.19980877805,1152.92364483123,72.2235097501315,5.10587951472227,NA,NA
"Line_377",3623.47616722158,1107.69520177538,69.7330478621741,4.96914805185979,NA,NA
"Line_3774",3776.08550927543,1079.5385678026,67.8463296198927,4.86340813969722,NA,NA
"Line_3779",4435.94858322724,1100.92691884149,72.8748202006886,4.93756277881347,NA,NA
"Line_3784",6328.91144637974,1176.5185486996,72.1086084596029,5.17710545178161,NA,NA
"Line_379",4686.30458881344,1160.08249661699,71.430265638649,5.12770874726544,NA,NA
"Line_3790",3762.7618354335,1183.22822911196,56.2636000063614,5.19994018070483,NA,NA
"Line_3792",3978.64955841111,1133.25040768373,69.5058958825082,5.05356633945623,NA,NA
"Line_3799",5761.9489276725,1089.56047165138,72.3773869274969,4.89441002214022,NA,NA
"Line_3816",3989.20310160796,1141.44582526022,73.0485403718611,5.07040056268189,NA,NA
"Line_3842",4467.00489472898,1202.64285029049,68.239790623841,5.25899941830939,NA,NA
"Line_3843",3262.77644182364,1174.18421418291,69.7639568290573,5.17130833777887,NA,NA
"Line_3844",5040.29369547527,1172.72978146117,71.4960364188762,5.15527307297028,NA,NA
"Line_3881",5631.07925731163,1276.92530967498,73.6294961927717,5.4880599905434,NA,NA
"Line_3911",3964.46537856721,1085.87159663445,71.1847919749368,4.88311030850248,NA,NA
"Line_3924",3953.16476827097,1138.57104702506,66.481194331366,5.06805638416947,NA,NA
"Line_3933",3371.37383995627,1118.19517529984,67.8062443718292,5.00224871114616,NA,NA
"Line_3935",5322.73588211304,1107.17637480433,74.415759819734,4.95114137292364,NA,NA
"Line_3944",5286.44423159161,1150.47708404337,74.6932479612559,5.09064420235578,NA,NA
"Line_395",3249.09617672065,1121.74025183014,59.9832279778965,5.01841384852505,NA,NA
"Line_3953",4689.74428090494,1105.02874388207,71.2681132059618,4.95076945247354,NA,NA
"Line_3956",4722.37144337125,1207.41264921206,70.8071948065588,5.25607838403863,NA,NA
"Line_3965",5592.9443663837,1086.08742956574,72.5098261032287,4.89183779159263,NA,NA
"Line_3969",4068.74480512669,1147.59334990305,71.1925262011453,5.1028700051153,NA,NA
"Line_3979",5944.60243051479,1184.354354209,70.0061984614925,5.1953994412615,NA,NA
"Line_4006",4479.32751568287,1150.01088763107,72.6462761932886,5.19328585041956,NA,NA
"Line_4007",4570.21897122694,1102.19455455318,68.2444152969641,4.94162668912873,NA,NA
"Line_4008",4301.42295595879,1111.96695380624,69.1966440460222,4.98144793887425,NA,NA
"Line_4009",5697.16134731492,1187.9055262291,71.9625732581826,5.20766193277155,NA,NA
"Line_401",4947.91864690185,1351.1701257319,71.703085827519,5.68733644513356,NA,NA
"Line_4029",2402.6562941958,1175.51973483624,NA,NA,NA,NA
"Line_403",5767.91707175611,1136.65505482981,69.9304218430823,5.06139569602731,NA,NA
"Line_4044",3651.44313848405,1163.52133933065,68.7564103020835,5.13640755536873,NA,NA
"Line_4052",3417.799482806,1236.55092112824,70.0056224987541,5.34670672462032,NA,NA
"Line_406",4849.58107747296,1079.29657593659,68.931705900799,4.86646151491945,NA,NA
"Line_4069",4266.20406862109,1124.89403494476,67.3589514729505,5.01225082093529,NA,NA
"Line_4073",4420.23212545148,1278.57163972405,70.9829053596846,5.48858350387594,NA,NA
"Line_4084",3418.67943367568,1124.98594659701,NA,NA,NA,NA
"Line_4088",3758.44922901961,1126.09766132135,66.7758175952054,5.0240849901861,NA,NA
"Line_4095",5922.13326324198,1112.64990974553,71.2360233364577,4.97924290654301,NA,NA
"Line_4103",4327.59244175142,1064.75214598418,69.5245839057021,4.80806484558446,NA,NA
"Line_4108",5060.61441387781,1208.48154008482,73.5053125420866,5.2775933302444,NA,NA
"Line_4129",5971.62756410865,1225.38662417447,71.3155673886047,5.32661752252312,NA,NA
"Line_4134",4756.22907450583,1134.25453705357,66.790682532523,5.0370930494273,NA,NA
"Line_4135",5484.97098662005,1119.49597026813,73.189398597833,5.0042179674252,NA,NA
"Line_4166",5826.75737430667,1147.18475224523,71.5144524179291,5.10311248555901,NA,NA
"Line_4176",5368.51585725722,1228.25667475804,73.3778457353762,5.33657637751822,NA,NA
"Line_4188",3762.97219038458,1127.56822331886,72.5063239676556,5.02496334810349,NA,NA
"Line_4198",604.663428654098,1120.73583027517,NA,NA,NA,NA
"Line_4201",4662.71464343403,1192.35622146119,70.4494186644434,5.21381508696939,NA,NA
"Line_4205",4545.45839510604,1089.72884414105,68.8229846430147,4.89917790530704,NA,NA
"Line_422",4005.0279129594,1071.59083547525,69.1021403266439,4.86716891383813,NA,NA
"Line_4226",5211.2018020633,1088.51373266941,70.7475182037508,4.89008837771044,NA,NA
"Line_4245",2503.12947236435,1287.94215311713,61.6683923291065,5.5062357000225,NA,NA
"Line_4249",3810.18033030724,1136.42607286468,69.1513164672415,5.06573821997861,NA,NA
"Line_4257",2611.10432079287,1101.0920923577,NA,NA,NA,NA
"Line_4273",5351.07169465034,1220.61606322512,73.3145116513739,5.30924735479695,NA,NA
"Line_4279",4861.96593081317,1112.95289152169,72.1374833575097,4.97824474712712,NA,NA
"Line_4292",4257.21419244392,1143.81009928315,69.7796972945025,5.07866383933844,NA,NA
"Line_4311",3076.54596527804,1091.49283192936,67.636736253969,4.99501484637618,NA,NA
"Line_4312",4306.52260338256,1108.36910317866,71.4706418503347,4.96822227158894,NA,NA
"Line_4319",5172.10543972349,1146.05697627543,70.5756888072616,5.07902111840441,NA,NA
"Line_4320",3340.80507968686,1158.99366336525,68.7992165849822,5.13211871101183,NA,NA
"Line_4343",5168.29265541684,1105.3969522921,68.6100265957432,4.95477264024524,NA,NA
"Line_4364",3330.19851754123,1145.22650310145,68.3565869201272,5.08349501453209,NA,NA
"Line_4366",2888.37622753294,1215.66343343945,69.2796100191446,5.31493366268223,NA,NA
"Line_44",5152.43870424861,1327.56304798856,71.3377102761258,5.62495631124079,NA,NA
"Line_4428",4634.53344288601,1197.59707607629,69.4341187441926,5.23110075185743,NA,NA
"Line_4467",3245.74019097895,1099.94520916302,69.0049092366329,4.93127524607905,NA,NA
"Line_4478",2311.31048402862,1106.16926578864,63.9917897528668,4.96072490795453,NA,NA
"Line_4489",7062.61194026649,1243.80881695575,73.1322770125992,5.38602350762267,NA,NA
"Line_4505",6077.52210310617,1202.94791099696,71.5895025215432,5.25046165128208,NA,NA
"Line_4508",5505.04260880371,1154.16687927601,69.6937254939014,5.11011289245829,NA,NA
"Line_4509",4562.39857064368,1124.06484248215,71.7183886106794,5.01021386711016,NA,NA
"Line_4529",5044.62434163024,1156.21469688525,69.0086638661669,5.11329480318552,NA,NA
"Line_4537",3395.54541291842,1157.97083466661,NA,NA,NA,NA
"Line_4560",4993.90479367519,1085.38034908842,72.2202634917023,4.88779280601494,NA,NA
"Line_4564",3910.45532415742,1111.2516375395,67.7846164065304,5.06160381585821,NA,NA
"Line_4568",5709.38109853682,1100.26707982209,73.0682183456258,4.92409255114104,NA,NA
"Line_4605",4087.53957020979,1112.8603311263,68.4286553320901,4.97636917144178,NA,NA
"Line_4606",4336.25760513403,1086.24217861997,71.6975556573628,4.88580709456425,NA,NA
"Line_4609",3253.28214627117,1132.91495801471,68.5834483856833,5.04692726153448,NA,NA
"Line_4610",4731.82657050299,1238.45802661346,71.4173992356943,5.37773844762212,NA,NA
"Line_4613",3911.84812434544,1191.38641803605,70.5799676517107,5.22474434539146,NA,NA
"Line_463",4565.24663232327,1106.06890505484,73.0952345562458,4.95271747921301,NA,NA
"Line_464",4092.63917807048,1131.7675531517,71.7810448158303,5.04039785719669,NA,NA
"Line_4640",4318.85389930633,1158.32581049972,72.3857893333408,5.1110815264408,NA,NA
"Line_4643",5178.60757045978,1076.3528075527,73.4013138964139,4.8492736136328,NA,NA
"Line_4652",4239.56186644914,1169.00441635386,69.1274738143522,5.15159340341185,NA,NA
"Line_4665",3485.24276900485,1154.62417415702,67.9971231146753,5.09809541669291,NA,NA
"Line_4679",4395.59036790826,1147.60557273675,66.8182022297913,5.09677101511459,NA,NA
"Line_4685",4027.55050896766,1169.17010013416,69.3648227938522,5.17281378047014,NA,NA
"Line_4694",4289.37424144064,1108.91900448554,72.9895634522961,4.96064928312506,NA,NA
"Line_4701",4791.10000064722,1238.81259361965,70.9621418864588,5.37613593185355,NA,NA
"Line_4717",5921.2678837863,1081.96734452642,70.6150871524098,4.87350603982125,NA,NA
"Line_4738",2084.42767013858,1130.0619462393,68.9169256155954,5.035197593472,NA,NA
"Line_4765",5344.41557432963,1102.53338451389,72.4846498540324,4.93909186636462,NA,NA
"Line_4770",5377.14034016375,1239.00213557625,72.8963470651663,5.35055678247459,NA,NA
"Line_4781",4424.67050728303,1123.26527818971,67.0152647355951,5.004365969931,NA,NA
"Line_4782",3760.7764336183,1120.44545023942,71.9542363773013,5.01112379539694,NA,NA
"Line_4784",4010.97356530649,1174.41183751958,72.2476281032095,5.18312197825984,NA,NA
"Line_479",4441.97580275429,1053.31993707806,68.9004796504557,4.76958966571801,NA,NA
"Line_4799",4064.5984123292,1152.77559459928,68.2409986172761,5.09666390391503,NA,NA
"Line_4806",5237.06677451019,1150.35778380355,73.0616711366467,5.10050526824762,NA,NA
"Line_4809",3148.11071188844,1139.27057853654,70.6339827640431,5.07464276409155,NA,NA
"Line_4813",3852.72292155045,1141.90976864557,70.3211014527685,5.07215560709132,NA,NA
"Line_4815",6310.84538379097,1189.84257435516,72.9702608797794,5.23119720167366,NA,NA
"Line_4824",6186.7350143391,1183.34418215737,71.5721466878989,5.21226107158057,NA,NA
"Line_4866",3748.96598641805,1140.86977978449,69.8702368119615,5.07029254266311,NA,NA
"Line_4870",3334.84974775743,1143.09052469818,66.8676189794473,5.06426124074334,NA,NA
"Line_4871",5846.98163642786,1290.48626698408,71.0653478404852,5.50499431420272,NA,NA
"Line_4876",3379.91707402929,1122.40856128481,69.0405497908478,5.01070186884832,NA,NA
"Line_4885",4422.23129266088,1167.23913940258,71.3076636629396,5.13473694498311,NA,NA
"Line_4889",5092.52641845229,1148.0756398296,70.5490923402677,5.09088462318432,NA,NA
"Line_4894",5073.34202270452,1155.41113308106,71.672673177702,5.12710625481193,NA,NA
"Line_4900",3620.19207326965,1162.75470575395,NA,NA,NA,NA
"Line_4915",2599.62548147946,1166.01383946698,64.7477751460403,5.14905088421619,NA,NA
"Line_493",5404.75281983472,1240.54050734897,71.1801894300749,5.35402278100156,NA,NA
"Line_4951",3527.59242338843,1160.20538331483,68.374237898617,5.13257308978895,NA,NA
"Line_4960",3512.90245887058,1089.89971909984,NA,NA,NA,NA
"Line_4968",3404.64597802865,1132.00993084511,67.5595211079279,5.04241978145681,NA,NA
"Line_4978",2889.99233553287,1151.47136582457,67.364257825956,5.10804813432226,NA,NA
"Line_4992",3635.48928526639,1097.09281231788,67.8450871886523,4.9416473989393,NA,NA
"Line_4995",4518.65348253685,1088.38418073634,69.10657277579,4.90165327617662,NA,NA
"Line_503",5370.65133311841,1111.53817599498,70.1358177674048,4.97244500258878,NA,NA
"Line_5039",5864.34420957596,1144.09448017733,73.3220208091479,5.16218436240987,NA,NA
"Line_5042",5480.05977414873,1120.25657207694,73.2953631399107,5.00726372527024,NA,NA
"Line_5045",5125.99918148144,1170.63215748413,73.6826070158314,5.17829102177271,NA,NA
"Line_5054",4396.38233496841,1267.02345795409,70.9127124313686,5.44161597993905,NA,NA
"Line_5057",4467.34184848831,1128.18084603723,68.6948495320206,5.02494072480537,NA,NA
"Line_5097",4175.99438990594,1087.68757929655,68.8027049290972,4.89659088881865,NA,NA
"Line_5127",5307.27997663651,1109.68068154335,70.461383763927,4.95654591791442,NA,NA
"Line_5132",4391.66011936032,1138.89064189502,68.8034688792419,5.06925731221484,NA,NA
"Line_5146",3637.9698617215,1155.30914014184,66.0245540717074,5.13423490868316,NA,NA
"Line_5147",3898.15086211969,1150.10139779408,64.4956983549273,5.11667555924694,NA,NA
"Line_5152",3591.14508832525,1077.16575533115,69.460617351812,4.85785401954687,NA,NA
"Line_5161",4137.33631184122,1183.19730411226,70.9187406320477,5.2092353808992,NA,NA
"Line_5163",4719.18237496281,1271.52423553873,70.3860101321151,5.46046801813277,NA,NA
"Line_5165",4912.82906871191,1120.59775960934,68.1409624992103,5.01326038168496,NA,NA
"Line_5186",5084.3063177231,1205.95711632077,70.4992911841812,5.25008187870487,NA,NA
"Line_5191",3924.06787744549,1180.93697436051,70.0479165179405,5.20994689352475,NA,NA
"Line_5213",4280.45997779314,1095.78478892459,70.5616705067991,4.92093995006797,NA,NA
"Line_5220",4123.01159948318,1115.6496512642,71.07954058688,4.99988453177758,NA,NA
"Line_5229",3316.50222307391,1114.57731607368,62.7933561299114,4.97753524774123,NA,NA
"Line_5250",4987.48000759796,1214.21948199317,69.3916395128209,5.30737845797887,NA,NA
"Line_5251",3750.49145052329,1121.18357724823,70.2909219612221,5.01026114510173,NA,NA
"Line_5257",4330.26062599853,1265.55092436056,71.8798284975488,5.44838296652241,NA,NA
"Line_5258",4389.33058333247,1116.98310614702,69.8722750414541,5.00825742494688,NA,NA
"Line_5273",5172.42569153154,1125.31296901206,73.959004478807,5.0179349270781,NA,NA
"Line_5294",4607.34304268194,1193.82065057501,71.9270077476318,5.23174878629259,NA,NA
"Line_5295",3695.07227226412,1071.94990194709,66.355266572795,4.83376299843823,NA,NA
"Line_5300",4298.91123447909,1126.83031398478,70.4777610596835,5.02804775576602,NA,NA
"Line_5315",3729.2760357949,1186.17349759464,64.861228740102,5.21492992478059,NA,NA
"Line_5316",4268.47627145402,1148.69246922605,71.0381949508613,5.10396889319379,NA,NA
"Line_5317",4476.26694381098,1084.13515502421,71.2175375966202,4.87607104238763,NA,NA
"Line_5334",4531.51904530249,1169.48316936543,67.7688737791476,5.16057589683388,NA,NA
"Line_5342",4885.6859248632,1192.80830536308,71.5753112365777,5.2116252160926,NA,NA
"Line_5344",5683.03991094333,1185.59384768423,70.6415427997025,5.21568469327948,NA,NA
"Line_5348",5717.67191882924,1082.53053266547,74.9954639956479,4.87435857330161,NA,NA
"Line_5349",5773.08500161511,1152.33663025853,77.0912493396509,5.10577837075602,NA,NA
"Line_5354",4260.94227060482,1116.90423967131,66.6910311376414,4.9856565272164,NA,NA
"Line_5361",3867.56733099676,1112.149141357,70.9955043656686,4.97669789528881,NA,NA
"Line_5369",2892.30826143156,1180.53808195996,NA,NA,NA,NA
"Line_5378",4336.14177539852,1167.11982674225,67.7280778057962,5.1444497756919,NA,NA
"Line_5403",5082.87775935833,1129.53702671705,74.5841444060633,5.01268084793649,NA,NA
"Line_5411",4775.23520951805,1161.30766441177,71.2433419563326,5.13097590469696,NA,NA
"Line_5413",6000.87748175702,1151.54395750722,77.0540101889581,5.15376944876242,NA,NA
"Line_5419",5628.92405564289,1082.96089441902,72.3866904020854,4.8736554978081,NA,NA
"Line_5429",3460.43581177295,1128.030922444,NA,NA,NA,NA
"Line_5434",5002.11705414767,1105.58336428121,71.9768927245323,4.95498085352981,NA,NA
"Line_5438",4992.62833838724,1105.22417409388,71.1564163034908,4.98435770559914,NA,NA
"Line_5441",4193.70705835169,1135.87429009298,70.8460573988778,5.05859687400895,NA,NA
"Line_546",5090.60518913465,1110.53948459556,70.5696409804161,4.97684010604908,NA,NA
"Line_5476",5179.61025469605,1123.27214800218,71.3915975234462,5.01175023782806,NA,NA
"Line_548",3740.22644035628,1122.58975938402,69.0565293471681,5.01036775393539,NA,NA
"Line_5483",5488.56909283807,1107.86500739481,74.8091642454588,4.97022802357993,NA,NA
"Line_5485",5420.56642591036,1130.57127702737,72.8222622731231,5.03512280996412,NA,NA
"Line_5487",4243.3724038757,1104.4713351302,69.9159856974056,4.94815719438733,NA,NA
"Line_5492",3599.98116911756,1175.44591126779,70.2568188481282,5.17615218523069,NA,NA
"Line_550",4443.46286679606,1224.10841216047,68.360481120113,5.31142946143035,NA,NA
"Line_5516",4893.02598472123,1126.4102301767,72.3431847874284,5.0206430636001,NA,NA
"Line_5526",5239.13690693434,1124.29159216626,70.7686511275479,5.00221394640336,NA,NA
"Line_5536",4028.18751642713,1168.80278087,70.3027521525867,5.14648860526936,NA,NA
"Line_5539",4458.38664359744,1132.8046235803,68.9609683104869,5.03953744839183,NA,NA
"Line_5544",3840.23190823789,1103.87088531575,65.1826810661121,4.95138935177222,NA,NA
"Line_5546",4726.41345003521,1114.94199358778,69.1860931588248,4.97738659345306,NA,NA
"Line_5578",4939.34750410475,1136.24997001093,69.9271464316827,5.0630333398715,NA,NA
"Line_5585",4816.61788007027,1182.7868664015,70.3306819581042,5.20786250497142,NA,NA
"Line_560",2993.90385954752,1168.29502382837,60.0214742063105,5.15348953791687,NA,NA
"Line_5604",3585.64773246252,1110.26219507708,67.7084813467864,4.96026657488359,NA,NA
"Line_5609",5476.55667098139,1159.47988268686,72.5670478204802,5.14720776772874,NA,NA
"Line_5647",5524.70387511965,1116.03650426976,68.7495701010416,4.99316995545585,NA,NA
"Line_5651",4989.12690319184,1184.26627719946,70.6373946422513,5.21528778867857,NA,NA
"Line_5659",5506.18921198837,1251.84843681822,69.6648521984451,5.39643970831472,NA,NA
"Line_5663",6335.80882248326,1130.66490258371,70.86005921402,5.03351143780549,NA,NA
"Line_5677",3945.22812673933,1152.28415326621,69.538750413949,5.1037960435458,NA,NA
"Line_5685",3459.20629746383,1089.97910822324,NA,NA,NA,NA
"Line_5688",4245.37375854046,1104.27824950229,69.33906627778,4.94693654421409,NA,NA
"Line_5690",5232.50902026438,1078.65592201895,73.147198262896,4.85688107960611,NA,NA
"Line_570",5537.39113279487,1129.472690187,71.8320188696073,5.03118804721106,NA,NA
"Line_5708",4077.14739502533,1116.37140244037,70.4237221995096,4.98511679697468,NA,NA
"Line_5716",3891.4429893974,1147.2099806031,69.289139313299,5.09391272834005,NA,NA
"Line_5726",5021.33492077374,1195.80406200315,72.0969340594175,5.23484470854399,NA,NA
"Line_5734",5364.18567225334,1226.18927433624,70.4985812368148,5.3620212888303,NA,NA
"Line_5748",5115.53706153263,1129.02177511846,71.0695707864586,5.0460085042198,NA,NA
"Line_5751",5370.45191266327,1165.49130804448,66.0586812963432,5.16530322934469,NA,NA
"Line_5753",2618.19574026348,1102.70679260094,68.0503837845343,4.94624903485762,NA,NA
"Line_5758",3226.43837574662,1105.60231343026,62.6185027456782,4.94432763079389,NA,NA
"Line_5762",3654.51049168408,1193.8920345769,71.1213025417007,5.21661339918038,NA,NA
"Line_5765",5771.32156474716,1225.88291966303,70.2379037141756,5.31346077937942,NA,NA
"Line_5789",6122.36486657832,1187.19273354793,71.0961333111454,5.20445228135584,NA,NA
"Line_5793",4335.27818740053,1136.77549646858,72.4238832280249,5.05848918742248,NA,NA
"Line_5795",4762.84854359738,1203.64333196753,70.8077888612363,5.25380837259456,NA,NA
"Line_580",4853.18090165975,1125.68514676465,70.4633391433427,5.02415470140375,NA,NA
"Line_5804",4596.38621817806,1126.36387027386,61.617105362653,5.01808037215409,NA,NA
"Line_5828",4421.21088431539,1210.89384840585,71.080653344388,5.28016430822795,NA,NA
"Line_5835",5528.24908077739,1196.7642450904,73.1967437046451,5.24658594426701,NA,NA
"Line_5875",3026.51808499308,1125.78319350664,65.2244493634165,5.01738555769195,NA,NA
"Line_5881",5113.71059091174,1176.49751330934,72.2658379384831,5.18429753111006,NA,NA
"Line_589",3583.70128425432,1171.77655561148,61.1686973973048,5.15796523660133,NA,NA
"Line_5905",3322.61760540517,1076.78639509489,NA,NA,NA,NA
"Line_5910",4567.98628353215,1140.2618560376,70.9693606663242,5.06496300795285,NA,NA
"Line_5919",3877.21803488734,1174.47723037354,67.3379143292295,5.15905909875642,NA,NA
"Line_5921",3868.52361135718,1091.96367380752,69.2757304953897,4.89894504539784,NA,NA
"Line_5928",3471.57417580582,1112.72269958,68.0612354560735,4.97643834146563,NA,NA
"Line_5935",5584.79174615521,1118.1489753626,67.3877723656203,4.98977982535117,NA,NA
"Line_5937",3173.85543206959,1127.95173046468,69.1182972191802,5.03477706292067,NA,NA
"Line_5944",3752.57963786464,1117.68986712366,70.1302766075823,4.99591598541971,NA,NA
"Line_5948",4540.76113558869,1137.98816978459,72.3712375617157,5.06699416808458,NA,NA
"Line_5959",3510.1081631625,1244.05313381411,67.5224880817638,5.39304503250271,NA,NA
"Line_5980",5359.67398052322,1203.20183939641,71.5953648522055,5.28150539339787,NA,NA
"Line_5992",5030.22030753044,1076.78880037291,75.4726653255369,4.85636293658986,NA,NA
"Line_5993",5095.21455048385,1264.16336187909,70.5904896325693,5.4498287837676,NA,NA
"Line_6000",4644.18750666952,1131.66234575284,70.1833356666488,5.02991043826818,NA,NA
"Line_6005",5272.82595407286,1081.96294677797,76.9555164915518,4.88078314387567,NA,NA
"Line_6007",5040.84902316792,1149.69481972428,70.8598117593218,5.11667024727131,NA,NA
"Line_601",5061.22685588298,1098.33361487237,71.0622121163847,4.93224202863786,NA,NA
"Line_6032",4315.38818825248,1201.55042495198,70.5998348732698,5.25891825407742,NA,NA
"Line_6049",5291.58208729593,1094.53299564019,73.6607582206998,4.91259664709719,NA,NA
"Line_6066",3922.8351226802,1184.85571141653,70.1033601283689,5.21447722331399,NA,NA
"Line_6085",4144.53823050854,1274.50323884933,68.9566738211144,5.46498613239019,NA,NA
"Line_6109",4362.20750599196,1202.71984283607,67.6833445171055,5.2596371342875,NA,NA
"Line_6110",3594.46426420863,1075.95413122081,66.7697082289285,4.85060905368229,NA,NA
"Line_6111",3480.75656042203,1148.26457649865,72.0215385847182,5.09713304935179,NA,NA
"Line_6119",5049.65082172203,1145.54571610302,67.0416073649949,5.08361304429965,NA,NA
"Line_6123",5496.66220637979,1125.1852013821,71.3810228386051,5.0240192601,NA,NA
"Line_6131",4190.21066378373,1129.33200188057,66.454481348215,5.03770518165544,NA,NA
"Line_6150",4352.74721201163,1152.37156895082,69.1980321603831,5.09633086734583,NA,NA
"Line_6153",3964.72319069818,1101.01520927545,70.1719151577778,4.93402679772306,NA,NA
"Line_6182",4154.97053677009,1204.12281922297,70.6284543771878,5.26500794918525,NA,NA
"Line_620",5761.62642075996,1179.41488078477,73.5951288729848,5.1733677380703,NA,NA
"Line_6202",5799.4898807144,1125.82291623016,68.8945370528464,5.02718536856215,NA,NA
"Line_6221",4538.93149238554,1196.16569951428,70.8491270674268,5.23740977041315,NA,NA
"Line_6227",5247.36090462957,1094.42225198985,70.044031580205,4.92115170992175,NA,NA
"Line_6228",5447.8601429343,1137.7226507519,70.1360773769212,5.05150109277149,NA,NA
"Line_6242",5493.95132934302,1088.29363361932,72.4675312831992,5.00644331381809,NA,NA
"Line_6252",3432.68324550922,1082.64321976718,69.7509786941091,4.8820956625349,NA,NA
"Line_6270",5194.21286268346,1157.60705553851,69.6961101399935,5.13484084017523,NA,NA
"Line_6284",3382.07156057772,1162.61319214848,69.6274219940001,5.13060150468909,NA,NA
"Line_6293",4448.91969804726,1103.53829786566,71.6968988753918,4.94562012366764,NA,NA
"Line_6326",3672.32140471313,1127.06158860723,66.8327588635804,5.01224168872457,NA,NA
"Line_6327",5094.14482284627,1137.52193039541,72.6390592760637,5.06048733972222,NA,NA
"Line_633",3849.19200868238,1197.50119040039,60.5090061373932,5.23756172896007,NA,NA
"Line_6360",5462.14492331408,1184.28710363682,70.4929466864773,5.18969829023183,NA,NA
"Line_6371",5466.08264074426,1124.08673223037,69.3017944540015,5.02690307287931,NA,NA
"Line_6374",5531.09648610686,1102.73945701136,68.4121128025104,4.95570200301892,NA,NA
"Line_6380",3739.53458433243,1107.11601945761,70.3273728899315,4.95262301651918,NA,NA
"Line_6392",3662.77889487892,1125.31511021594,69.5887215823688,5.014712314585,NA,NA
"Line_643",3834.80907631086,1081.18221155332,NA,NA,NA,NA
"Line_644",4693.46819472081,1140.06256140155,70.6092301422372,5.05848809847098,NA,NA
"Line_647",6197.4836801711,1152.94559591781,72.6231105911893,5.11155705850106,NA,NA
"Line_657",4334.45067454562,1206.83637522086,69.0278534908744,5.25518153670178,NA,NA
"Line_665",3110.47928790115,1117.6837740636,65.4912164840026,5.0002494519261,NA,NA
"Line_682",4124.22618391332,1136.85007580851,69.9034900463398,5.04591724782295,NA,NA
"Line_683",3494.33862394709,1103.67353181645,68.6802902761983,4.94607201079049,NA,NA
"Line_705",5378.45446576395,1220.73764398207,72.050414158959,5.29722292128107,NA,NA
"Line_710",1933.37640653792,1159.15315214473,64.2649233022537,5.14846685180101,NA,NA
"Line_750",4395.89888340682,1112.86489772133,71.6435613439849,4.97739663573337,NA,NA
"Line_754",3289.80773702204,1177.9210924733,69.3934610637447,5.19381733114104,NA,NA
"Line_76",4726.64605444301,1158.03879787292,72.9678735548813,5.13303757458784,NA,NA
"Line_773",2844.96603166287,1156.23740323804,67.7909193619094,5.12516580011362,NA,NA
"Line_793",5675.91269562209,1141.44053789189,73.1723232444777,5.27793267979891,NA,NA
"Line_800",4005.07411610734,1221.67327215568,68.9499987333713,5.34331566560814,NA,NA
"Line_811",3003.05625306328,1081.1278910903,69.3271046258208,4.87061930004572,NA,NA
"Line_818",4623.38616724708,1123.88992877021,70.733814924456,5.02256261540736,NA,NA
"Line_82",3952.89964896435,1136.78863318949,71.3618441586569,5.05624003777326,NA,NA
"Line_826",3859.92700946915,1099.66820660042,70.3512924165192,4.93080212881265,NA,NA
"Line_848",4007.160991476,1087.98837278485,68.7838778778562,4.89342072771127,NA,NA
"Line_853",4780.92353035662,1160.39080777363,71.5358573402551,5.13468235236579,NA,NA
"Line_856",5593.62792935283,1172.7100679636,70.3569721679828,5.16706385852517,NA,NA
"Line_866",4107.97403928235,1161.24613429271,71.3335925773022,5.13034194029277,NA,NA
"Line_880",4189.03856997413,1092.97776552998,70.4361000771533,5.01400551572285,NA,NA
"Line_881",5644.4757641383,1105.11905994089,72.1926724254488,4.99603382070864,NA,NA
"Line_882",4371.08470609815,1127.33335766188,68.966319715109,5.03065750566826,NA,NA
"Line_903",3129.2526557938,1117.33156913647,68.9849762993126,4.99674713030914,NA,NA
"Line_907",5227.22013071382,1129.72887290207,71.7837036143087,5.0132126164854,NA,NA
"Line_909",5096.77250416996,1102.17628726017,71.1163198858504,4.94335054786191,NA,NA
"Line_914",5646.26967156357,1101.92473480546,72.4598485046784,4.93255016574983,NA,NA
"Line_922",4585.84068706991,1209.37861356484,72.7269168973971,5.26909825056231,NA,NA
"Line_928",5607.67716747333,1157.63599385143,74.0036770072305,5.12672788725544,NA,NA
"Line_931",4638.56283240248,1173.94970062986,74.5279880567711,5.16389462018904,NA,NA
"Line_941",3744.22444165407,1240.76712843611,70.1036938342523,5.38662911590166,NA,NA
"Line_961",5342.23123209611,1210.05166828906,77.145808303985,5.28617782063607,NA,NA
"Line_969",3764.98050452079,1117.38722293007,70.0130415727347,4.99504380400222,NA,NA
"Line_983",4386.74285705798,1145.92544595775,71.9729649899684,5.06648427636103,NA,NA
"Line_990",3187.20643802995,1105.79890918633,64.7623183120126,4.95545877079948,NA,NA
"Line_992",3391.38078195989,1071.04755001842,73.1383654540812,4.83365563513718,NA,NA
"Line_999",4401.63662704136,1143.65830847244,71.4267906147492,5.07360656584722,NA,NA
"Line_1005",3806.65394951808,496.282737978865,67.2505469625684,1.29319642950275,0.837735458004512,0.50036475208553
"Line_1026",3636.48778222226,496.282737978308,67.9891170786662,1.3638874018946,0.532429152842888,0.530993959606285
"Line_1028",4540.92519087107,496.282737978308,67.6685423540856,1.54890265808869,-0.602312540690945,0.610044847951636
"Line_1072",4189.17144580694,496.282737978309,71.2830722848202,1.33405203630371,0.786012480342104,0.518306069724341
"Line_1093",3670.68457534445,496.282737978307,71.6232583870105,1.34285433184314,-0.861535153335581,0.52165595540042
"Line_1125",3589.57137251651,496.282737978308,69.0377234412377,1.20315674633322,1.64226987343529,0.462885210514404
"Line_1150",4131.83069833894,496.282737978309,70.7040797083186,1.4635090708342,0.527752238563872,0.574093734533631
"Line_1181",4367.13991371654,496.282737978311,74.3024554922823,1.18167256155267,0.325635658097944,0.45087019306641
"Line_1196",4748.27093424797,496.282737978309,72.4613044904295,1.48165973970348,-0.762279380732051,0.580889689512519
"Line_1242",4358.18619222859,496.282737978309,62.0750848028566,1.55722960987978,0.0942026824019664,0.6137991964946
"Line_1254",5224.41662636431,496.282737978308,71.3533383975386,1.19005316393401,-0.082665246394102,0.454730179011894
"Line_1260",4221.63185233832,379.501557979705,72.3842057844834,1.15288089686352,-0.672709785663717,0.420571306736998
"Line_1281",4045.99375732398,496.28273797831,72.4571430861968,1.15822588431386,0.267490126176484,0.439900750689097
"Line_1322",4204.79980848442,496.282737978311,68.5509702078337,1.28819272706455,-0.837660717773598,0.49783333142447
"Line_1331",3613.39937368378,496.28273797831,68.5050123128869,1.24298334656773,-0.0415689252184647,0.481057970965691
"Line_1340",3610.16204005537,496.282737978308,69.6913029467145,1.37317201216186,1.72718109666119,0.533931111638878
"Line_1366",4910.01394085869,496.282737978309,71.6300657833193,1.37568624701415,0.148427945591058,0.536157328249811
"Line_1373",4042.4363917081,496.28273797831,69.6532815174075,1.16673884398278,0.339240172602551,0.444410696619833
"Line_1380",4241.79117132157,496.282737978308,72.3829112340842,1.33553431476791,-0.138631666925121,0.518007813680101
"Line_1402",3494.04950075962,496.282737978312,67.0524232316712,1.37349839274398,2.05868189964084,0.535015794816652
"Line_1417",4856.02685001453,496.282737978312,70.878658302153,1.34946766707457,-0.797794422871349,0.525834294455279
"Line_1556",4294.03838832588,496.282737978308,70.7237245805872,1.26040674653725,1.07801206383145,0.484932601714867
"Line_1587",4360.3965100816,496.282737978306,70.9978729736279,1.21846250215443,0.38097878322446,0.469489539946048
"Line_1629",5071.70448708622,496.28273797831,72.0373900100621,1.21591306156454,0.339512326839332,0.467131745598295
"Line_1646",3732.67582037163,496.282737978309,67.8021100127905,1.49513041112127,0.450532347996428,0.58716644919346
"Line_1647",4104.97995829136,496.28273797831,66.7432539318039,1.36081921679235,-0.746888314787386,0.529855302830062
"Line_1749",4320.96058149848,496.282737978308,71.3154196826279,1.17168975897607,-0.639999461305741,0.447400963861646
"Line_1783",4467.59601346806,496.28273797831,67.5353616339567,1.49573247503636,0.96906716800569,0.587197529606118
"Line_1858",4001.24565372566,496.282737978309,71.3916497809514,1.15722799855839,0.702772361723505,0.440820362986697
"Line_1878",4456.8399220391,496.28273797831,65.4206113778554,1.53021846951136,0.096294859342078,0.601474853567681
"Line_1911",4959.06622132383,496.282737978311,70.3648798841434,1.28284650377109,0.229996507999922,0.495179859555475
"Line_1937",4459.9037170401,496.282737978307,71.0855471223997,1.41860462154862,0.00436162196838885,0.554347496942617
"Line_1964",4811.18116397377,496.28273797831,72.9312959005822,1.27796747813754,-0.659430816456403,0.493689219902173
"Line_1980",4658.46902536692,496.282737978309,71.0077245835696,1.3441922507188,-0.733168412353359,0.522551023741948
"Line_1982",3652.03177909564,496.282737978308,70.1659067037476,1.55612279521822,-2.09766403882473,0.612952835180034
"Line_2005",4436.75987029444,496.282737978309,73.279388580517,1.2490063632839,-0.914085387413422,0.479039924632065
"Line_2014",4518.79791193804,496.282737978308,72.7837702196164,1.32000217417452,0.233783211860903,0.511197726239043
"Line_2017",4010.1790320906,496.282737978308,67.8297607687501,1.44747850770078,1.7635323328209,0.566771604687433
"Line_2063",4420.94363936674,496.282737978309,73.1246075732049,1.30371461997416,0.403134958122822,0.504700461239514
"Line_2087",4367.13991371677,496.28273797831,71.909399655856,1.37932446519548,-0.761317876895802,0.537886620695747
"Line_2167",3671.58235813655,496.282737978307,68.8488230033635,1.48075686200008,1.23796301664547,0.580618518895924
"Line_219",4430.94114474619,496.282737978309,72.7586532556893,1.22837330047603,0.708214561870388,0.472206230944045
"Line_2201",3869.12622235474,496.282737978309,70.5576695532933,1.15270362670394,0.326015002452943,0.438534206879695
"Line_2253",4521.83246529463,496.282737978309,70.8432872728321,1.22471742858182,0.684139784434027,0.472101784004032
"Line_2273",4362.09013071916,496.282737978307,73.9881232375793,1.49249552889478,-0.674695538645136,0.584820258719758
"Line_2287",3481.97274306977,496.282737978308,71.4347918439703,1.34439742541735,0.367814953555194,0.522398984862476
"Line_2291",5148.36932366795,496.282737978311,71.8447202727602,1.29072419091771,-0.732899694459825,0.500284525102392
"Line_2330",5156.00660421438,496.282737978307,70.2157849133809,1.40773464300569,-0.753494588478679,0.550041988219962
"Line_236",4999.51871704586,496.28273797831,70.8339955701729,1.30418932299288,-0.74832824512556,0.504307462036606
"Line_2371",4842.59847357776,496.282737978311,66.8197322981803,1.17792267044174,-0.075110536742733,0.449820388178303
"Line_2374",4301.69610480345,496.282737978309,71.8600146170934,1.42893980067581,1.42522166838762,0.559632290421888
"Line_2382",4239.15253821817,496.282737978309,70.5646898689634,1.50141736922137,0.514459419896476,0.590050655221325
"Line_2422",4401.89032632793,496.282737978308,73.3527130939889,1.16221802195216,-0.86112604331537,0.44194358022135
"Line_2451",4761.91762637872,496.282737978308,70.0761130165381,1.53401165917794,0.0620604142797549,0.603279923584278
"Line_2459",4343.82898400932,379.501557979705,70.9407643662177,1.06048929122104,0.498704213069709,0.378840351882745
"Line_2482",4567.95957385539,496.282737978309,69.4331022718182,1.39777474709315,0.772937752084391,0.544997460967422
"Line_2492",3756.98450436358,496.282737978308,69.8256093412721,1.07830139520883,1.0751623893015,0.403481559827753
"Line_25",3938.54958162613,496.282737978309,70.2419647375418,1.26410780022238,0.843038800498872,0.487966195592721
"Line_2580",3592.59287802618,496.282737978312,68.8327716476707,1.22553918808858,1.72256981213748,0.472135145396909
"Line_2583",4465.79364352686,496.282737978309,74.1888046894848,1.34264068406096,-0.723465452193551,0.521380531625367
"Line_26",4784.60382409416,496.282737978309,71.7210595007267,1.16608581758446,-0.84031097033139,0.443503784164272
"Line_2603",3966.78245443494,496.282737978308,68.9289657010143,1.41012693532896,1.81630366219494,0.550990713891158
"Line_2665",4811.02399534377,496.282737978309,68.6231410669812,1.46920974015033,0.0440257734381007,0.575151448708786
"Line_2777",4006.66244552932,496.28273797831,70.3007091618825,1.51725243929965,0.52228197162156,0.596468003133807
"Line_2800",4236.26967059885,496.282737978309,71.9330460137528,1.54060021732398,-0.664710003474478,0.605985925164522
"Line_2810",4528.63248737713,496.282737978309,72.6733643116911,1.27087953920588,-2.1814767127419,0.490965805352114
"Line_2869",3826.40804857421,496.282737978309,70.5624184751414,1.42017710476234,-0.159284643378672,0.554956774150455
"Line_2875",4556.2520771718,496.282737978308,71.5200569823553,1.37061518480087,-0.637587949812062,0.533318837635907
"Line_288",4410.94597326106,496.28273797831,69.5346833379143,1.41488319493154,-0.672097202887901,0.55289352178268
"Line_2965",3271.57769437283,496.282737978309,NA,NA,1.78151531839257,0.533559353923237
"Line_3005",3887.83728064319,496.28273797831,71.7161353231575,1.43864233870122,0.10693464769723,0.562916788650072
"Line_301",4195.89694480634,496.28273797831,73.4830341517459,1.34627468518725,1.73961742025149,0.523080968704476
"Line_3012",3754.45236768839,496.282737978309,73.5903924668963,1.35450994043569,0.078306381208793,0.527421582011079
"Line_3033",4985.94756886392,496.282737978311,72.7547069094493,1.3165768895646,-0.788750195615958,0.510538418428525
"Line_3038",4459.50277859381,496.28273797831,73.4967690954312,1.3087256232094,-0.781392402016085,0.506486940587736
"Line_3050",5120.79905704035,496.282737978309,72.2617848592232,1.19200965135738,-0.104907110692446,0.45508659692938
"Line_3063",4905.50275772848,496.282737978311,72.8631003327809,1.28960456695141,1.01220730212833,0.498370903959946
"Line_3103",4396.1296778776,496.28273797831,68.3071881408594,1.42498963664418,-0.512209120337165,0.556958791297083
"Line_3121",3424.9642381727,496.282737978309,65.6102353071273,1.49025936168734,1.7950681614784,0.584594580773528
"Line_3122",4271.10410401036,496.282737978311,72.7539364067365,1.31025945457848,0.71848350985346,0.50772324624947
"Line_3158",4542.42201917623,496.282737978308,67.8050298196123,1.42234273589398,1.77648887300163,0.556093341617663
"Line_3183",4024.50885846254,496.282737978309,68.8471010488269,1.44170901368281,0.831718538436203,0.563712294229865
"Line_3227",3411.16697329532,496.282737978309,69.1971886434218,1.32210284179169,0.129811611126118,0.512571474465569
"Line_3229",4860.57135618846,496.28273797831,67.8689277570786,1.33733904321164,0.748282456888199,0.519108963664047
"Line_325",4789.11349678735,496.282737978308,72.6869830539082,1.23555741436422,-0.827985198321302,0.474422493965408
"Line_3250",3891.24170227487,496.282737978307,69.6756308031363,1.53779889520527,0.194723165591898,0.605558664386802
"Line_3311",4927.95624152813,496.282737978311,68.8884116834771,1.25775971142603,0.092525575451164,0.48440936478959
"Line_3335",4856.02685001333,496.28273797831,70.9355589910274,1.24767695992339,0.625239857065624,0.480814687283533
"Line_3353",4002.71951616,496.28273797831,71.7471356529609,1.48851100874079,0.689090214349075,0.584497494195557
"Line_3366",4417.94115148206,496.282737978308,73.4765415950005,1.33133902343798,-0.0823786822917926,0.516169743657439
"Line_3374",3916.47615313319,496.282737978309,73.3509547457961,1.19070814564818,0.333432632851124,0.456331649179215
"Line_3399",5623.26561771,496.282737978307,74.5973913448385,1.27678556880214,-0.828281303096238,0.493229290150407
"Line_3403",3697.29523827045,496.282737978307,67.4476477138697,1.25336830428472,0.6966991536759,0.482279517134469
"Line_3413",4547.31869947972,496.282737978308,72.1747737952375,1.20222176469082,-2.31043175854669,0.459763116907285
"Line_3441",4592.0668024045,496.28273797831,71.39108099602,1.49312739247875,-0.441400009014527,0.586853354531357
"Line_3455",4396.12967787623,496.282737978311,69.9779591058686,1.23778698038544,-0.00660299928199248,0.476963426042868
"Line_3493",3449.03240859459,496.282737978311,68.595370712872,1.30894139462594,1.19248049450688,0.50794309321093
"Line_3560",3240.28425657937,496.282737978311,NA,NA,1.1369644256493,0.507710336077466
"Line_3581",4324.8134772393,496.282737978308,68.1739540715069,1.35056591885423,1.72174410668836,0.523956764414823
"Line_3616",4792.9738478627,496.28273797831,69.5231943101169,1.3340089902164,-0.724031227178857,0.517407601265339
"Line_3623",4072.76481957237,496.282737978311,66.7578071752795,1.46967090774528,1.32358592401073,0.575606117100474
"Line_364",4017.21220521575,496.282737978309,67.6552599167142,1.29052988279089,1.0737883181285,0.499609727203005
"Line_3655",4259.45106570649,496.28273797831,72.561147852693,1.2343586764644,-0.119200756846265,0.474444708926047
"Line_3676",4784.4669979156,496.28273797831,70.7950750701541,1.36063106974923,-0.576533525369354,0.528592852427376
"Line_3681",3996.1126858416,496.282737978311,70.7075650805543,1.3953711057635,-0.496478729135281,0.54469508717548
"Line_3715",4376.0936352062,496.282737978309,67.5712140060102,1.43032467037373,0.47109132016725,0.559151034302561
"Line_3733",4026.16592670694,496.28273797831,71.7940565421845,1.44409101624559,1.04597502994042,0.565846367838448
"Line_3739",4054.65870529609,496.28273797831,69.6093577084816,1.51259507980448,1.16798375495965,0.59449817998319
"Line_38",4779.82506935638,496.282737978311,74.4953041766903,1.36824074664846,0.403443847592636,0.532166816661446
"Line_380",4318.42675011938,496.282737978311,70.6406431707742,1.15520858155398,0.705454892101888,0.439375294748751
"Line_3834",4359.31169427859,496.28273797831,70.8994969708955,1.3331398076339,-0.0547509649587327,0.518235210532691
"Line_3859",3915.91677301052,496.282737978309,72.0355285006173,1.34337266842133,-0.800487835802958,0.521417643555991
"Line_386",4936.92013458039,496.282737978309,72.7548647604779,1.30246670654876,-0.585351303754442,0.505493722411344
"Line_3860",3952.2896981272,496.28273797831,68.8985053055158,1.12609774118178,0.746395523077506,0.426819315856875
"Line_3897",4069.20601211282,496.282737978309,67.1893625916814,1.47622886901494,-0.76999924748725,0.578404548783796
"Line_3940",5129.20646979231,496.282737978311,71.6120602949859,1.4477751566343,0.0788224623343099,0.567052850223877
"Line_3948",5049.40986796017,496.28273797831,70.9092089929675,1.38391747913251,-0.585534791854707,0.539221452989788
"Line_3982",4223.55478303695,496.28273797831,71.8167785933236,1.56024231237274,-0.697481079180513,0.614937778437396
"Line_3995",3541.48728021186,496.282737978308,69.1374571948892,1.39113279250398,0.562541092670799,0.543072122890094
"Line_4001",4865.39661194546,379.501557979701,71.7213229044242,1.17232129709641,-0.598035235291954,0.429967524670222
"Line_4062",3756.9845043641,496.282737978311,68.7462120824531,1.36161753876088,1.79132753733499,0.530500087512833
"Line_4099",3678.91312596152,496.282737978309,68.7924899654153,1.17347202313302,1.72847491378162,0.448652003211409
"Line_4106",4079.9696516844,496.28273797831,71.9620337746366,1.47520406687142,1.13049942766852,0.578238823044806
"Line_4186",4249.39506157167,496.282737978309,72.5270240764408,1.30961437340839,0.663075454085027,0.507229755216541
"Line_4211",4536.82762281372,496.282737978307,70.7623231096263,1.41706630073911,-0.157732185486096,0.55384920795708
"Line_4213",4820.14505702641,496.28273797831,73.8045290514018,1.4372414549641,-0.656163117419292,0.561764285195879
"Line_4259",4221.22500497209,496.282737978311,71.3628328160711,1.24409602071536,-0.54517838983591,0.478086951906068
"Line_428",3526.65531355946,496.28273797831,68.2337528650886,1.38063282110983,1.79143827658844,0.537875966472364
"Line_4284",4359.31169427895,496.282737978311,71.6518721777433,1.4230369053967,0.392434311753839,0.555574302933923
"Line_4294",3715.30451389235,496.28273797831,67.3020011825809,1.38999134918881,1.22662085250923,0.542125183381606
"Line_4335",4402.97147498669,496.28273797831,71.4621548890172,1.45953731347023,-0.662041260496223,0.571673046831605
"Line_4388",4079.579347479,496.282737978309,70.0773413459488,1.50008292825899,1.21032910203465,0.58862094820041
"Line_4424",4176.52785199158,496.28273797831,75.2486955261966,1.21919229534719,-0.882103581104132,0.467880983158465
"Line_4443",4028.20693058236,496.28273797831,69.8399452796257,1.41260237358055,0.749503322671434,0.552353061296534
"Line_4454",4250.49734421598,496.282737978309,71.4800260969405,1.24608611899888,-0.766641428062433,0.480292144798814
"Line_4463",4802.35409709912,496.28273797831,74.2986004945946,1.15452676899226,-0.858544885626611,0.439027926053753
"Line_4523",4641.04498143898,496.282737978311,70.50300276801,1.49453188316596,0.0782731305550439,0.587383838483647
"Line_4531",5105.85053066984,496.282737978311,71.1077551422804,1.5019671382185,-0.646309887623405,0.589241692984413
"Line_4572",3997.24160217703,496.282737978309,68.3666914488357,1.42968053016997,1.71133883555702,0.55920229914151
"Line_4683",4237.77219228929,496.28273797831,71.8507594046351,1.38115025498212,1.73837280995839,0.53730545288029
"Line_4703",4146.46776171488,496.28273797831,72.0621351824204,1.40323816085513,-0.657448428894533,0.547606222351821
"Line_4739",3484.65935770492,496.282737978309,67.255105484971,1.22121132440972,0.98622266193055,0.469775238183524
"Line_4746",3699.45444545436,496.282737978311,69.046380782616,1.39721610450258,1.81305649038785,0.54511509548038
"Line_4780",4013.69561865467,496.28273797831,71.3547401914105,1.15945384319852,-0.474286564968518,0.44144131541183
"Line_4805",3838.68463425971,496.28273797831,69.7052377591773,1.44606272549343,0.0457395071175244,0.565639513622856
"Line_4931",4067.43822212414,496.282737978311,69.5529850219745,1.50136483072738,0.863703931128728,0.588621235805566
"Line_4932",4500.61655499916,496.282737978311,71.0455627966588,1.46346795037914,-0.0102020916976788,0.574605947127737
"Line_4934",5227.63605535112,496.28273797831,72.8922058863189,1.18646569649991,-0.819483690535839,0.454111216623364
"Line_4943",3847.66887043618,496.28273797831,66.3725120291742,1.32366058070026,1.3341363102487,0.514344012070682
"Line_5011",4094.35017648441,496.282737978312,68.2250460144929,1.33932849258399,1.66857173166044,0.520423727360619
"Line_5014",4489.48904450942,496.282737978311,68.8663356238034,1.46612132829315,0.847120509037945,0.573980145003329
"Line_5071",3715.30451389151,496.282737978311,69.0855835366953,1.44241991100938,2.14909984526532,0.564156391379868
"Line_508",4555.57504923012,496.282737978311,70.625599801862,1.48403238789535,0.515813559047325,0.582620272937491
"Line_5089",4780.20046221949,496.28273797831,73.0096481216239,1.43682507493933,-0.80693563940011,0.56264273032376
"Line_5094",4300.45834568698,496.282737978311,70.4549835843588,1.47028984597187,0.167961604811103,0.57606339677378
"Line_5108",4330.01622843199,496.28273797831,68.6925666313429,1.3361210281994,0.175842320701832,0.519511250764661
"Line_512",4453.71509765914,496.282737978311,70.1186604267685,1.37881819467202,1.73366777113253,0.53724316764032
"Line_5142",3373.29675382964,496.28273797831,NA,NA,0.522767846536365,0.606811111319809
"Line_5224",5430.99361212988,496.28273797831,71.7652059007758,1.32361640331201,-0.821356385501751,0.512852161821597
"Line_5233",4442.92814654907,496.28273797831,68.6038578465006,1.3687407064386,-0.734261884481122,0.533146534457595
"Line_5237",4526.09168957241,496.282737978311,69.7481413213181,1.51937598610307,-0.39877230962241,0.597481385768602
"Line_5256",4153.35672057666,496.282737978311,69.5896380611744,1.1616100024066,1.80382403390704,0.442372506940293
"Line_5263",3239.24031196467,496.28273797831,NA,NA,1.09160493440942,0.556937671538955
"Line_5320",4725.69088863984,496.28273797831,71.162319994428,1.18303424197371,1.0981668270987,0.452760463708936
"Line_5322",4726.56019643707,496.282737978311,74.3779126764135,1.44354813067376,-0.715190790068606,0.564468534710007
"Line_5347",4887.39996560478,496.282737978311,71.9055299344352,1.55514925098097,0.125450395814906,0.612793859668527
"Line_5364",4170.10940439215,496.28273797831,72.8903843618391,1.43850470527699,0.466298778677012,0.561986335190534
"Line_5388",5151.8842827788,496.282737978311,71.878557383128,1.50110273344395,0.123985723790157,0.589024119237596
"Line_5389",4641.93040704469,496.28273797831,72.5132723865679,1.2660985106927,-0.087976443948756,0.490023780749685
"Line_5435",4882.87426723737,496.282737978311,72.912374469476,1.31554979878669,0.532823942113602,0.509935099928376
"Line_5504",4267.28172362982,496.28273797831,69.3208997197019,1.4957351536714,-0.705406197478038,0.586326532406114
"Line_5506",3772.40049691756,496.28273797831,71.1432465334491,1.36318115865738,0.00480872530265719,0.530789141909986
"Line_5521",2918.06956157505,496.282737978311,NA,NA,1.52981839656922,0.52592719542932
"Line_5559",4101.35129960491,496.282737978311,65.0847545951439,1.21951493525332,1.06065837174392,0.46713747870423
"Line_5566",3977.8401143674,496.282737978311,68.2811065926472,1.33112764901643,1.16071013899226,0.517049224506695
"Line_5593",4896.45136166645,496.282737978311,72.9330807254393,1.45280167645894,-2.05328147687686,0.568737106980041
"Line_5614",3961.26376206926,496.282737978311,69.3061992630283,1.55065964532738,-0.685260266667601,0.610731740501354
"Line_5686",4662.70927236679,496.282737978311,70.3088275867049,1.40149564614672,-0.00859508526816222,0.546572526066252
"Line_5715",3970.23782668504,496.282737978311,67.2938989671586,1.40773247973815,1.14675397170758,0.549830504525994
"Line_5731",3893.80147803037,496.282737978312,71.2027049596022,1.41324390611003,0.653286114720764,0.552151239903905
"Line_5742",4415.95497787716,496.282737978312,70.2777815271855,1.31499571184927,0.169457784020541,0.509290181171991
"Line_5761",3356.01538951961,496.282737978311,NA,NA,1.59059458330385,0.50902948515347
"Line_5768",4869.570014799,496.282737978312,72.5530606927965,1.16583304739565,-0.834929329875558,0.44654739954938
"Line_5777",4540.92519086895,496.282737978311,72.6192988596654,1.49895736614882,0.506864681673428,0.588474193079429
"Line_578",4673.00095816193,496.282737978311,72.1469703179903,1.42772449983411,-0.675355775280902,0.558082020277065
"Line_5859",4563.01157373196,496.282737978311,73.3754970439331,1.30572491070601,0.653652674517535,0.505801946034225
"Line_5899",4679.6702603665,496.282737978312,72.4591315120781,1.41610562139568,-0.509304615299357,0.553552294092961
"Line_5907",4101.01292584927,496.282737978312,70.4654284191387,1.43743585505308,0.113283681856007,0.562900865952713
"Line_5971",3875.85350885459,496.282737978312,69.869574047592,1.51473393614445,0.489404614713175,0.594808928042229
"Line_5974",4202.49936486677,496.282737978312,69.1630262944188,1.52086887125433,-0.627286407437679,0.597286891151661
"Line_6117",4672.21761872928,496.282737978311,72.8716115111443,1.38054977627268,0.227182391224849,0.537920378960321
"Line_6144",4937.13582685171,496.282737978312,70.5718477714893,1.4420810900998,0.0683395519081891,0.564340829144677
"Line_6145",3325.52140829408,496.282737978312,NA,NA,0.715463759241772,0.58607823835935
"Line_6147",4267.03461283167,496.282737978312,71.6888468314564,1.19015717457003,-0.604482475042447,0.455061342623508
"Line_625",4456.83992203675,496.282737978311,70.5653357639642,1.37065283007502,0.710618517682248,0.533687361768626
"Line_6257",4734.6649525818,496.282737978311,72.0881725261868,1.31846855183122,-0.152571789576584,0.511539329613958
"Line_6262",5156.69533970946,496.282737978311,72.9146894607236,1.5315530916246,-2.0562541682672,0.601960640766457
"Line_6268",3586.53820921459,496.282737978311,65.2825969750287,1.3324258299998,1.23279294148196,0.515988221151771
"Line_6281",3855.71963155717,496.282737978311,71.7635888616469,1.32472646176701,-0.875383270756096,0.513732808845705
"Line_6346",4284.98274138958,496.282737978311,68.6869360641667,1.45424893727076,0.851396635906587,0.568708146067598
"Line_650",4457.74127983999,496.28273797831,72.503889971322,1.51837792785882,0.503665183808924,0.596152076514174
"Line_704",4891.77713091463,496.28273797831,67.2614646260974,1.43420402636415,0.783814792641945,0.56191266265784
"Line_719",3708.96448651746,496.28273797831,68.0646965828405,1.38996561397622,1.95797512236046,0.541884294002984
"Line_745",4580.05369751235,496.28273797831,70.4732070131466,1.35150630598722,0.510462781099478,0.526031151912368
"Line_746",5022.70756749268,496.28273797831,72.1183725296863,1.45791428441728,-0.733302607032764,0.570121127315964
"Line_749",4280.0171392529,496.28273797831,68.297564560813,1.49328914920239,0.521035465251184,0.585807276114041
"Line_77",4313.25479068538,496.28273797831,68.2400239906789,1.43813503591202,-0.689979003310501,0.563268242276668
"Line_778",3948.10274675279,496.282737978311,69.5781926221853,1.45673584982818,1.22810508363147,0.570562407546827
"Line_798",4717.3777348327,496.282737978311,71.5710143510615,1.18507136267824,-0.437435380853387,0.453852210811697
"Line_829",5003.81432492026,496.282737978311,73.0406675281912,1.18497424564068,-0.419625285917987,0.45412860016745
"Line_834",4159.10109183778,496.28273797831,72.4028290352435,1.43087112390251,-0.535756615628146,0.559042319575381
"Line_842",4172.81763586795,496.282737978311,69.8328877615101,1.34263747509704,0.00264680048777732,0.521476363486624
"Line_862",5084.37715375031,496.282737978311,70.7053159138028,1.3107479698958,-0.595304813025822,0.507021154050242
"Line_9",4038.87902676271,496.282737978311,67.1025957208005,1.15979376581469,1.02453194772406,0.441822102932313
"Line_916",4309.40189561522,496.282737978311,70.7082020611289,1.39764965337129,-0.0310047584751947,0.544843524182949
"Line_935",4296.61562218016,496.282737978311,70.7449667747965,1.36799543688412,-0.805071738618153,0.531878227633494
"Line_976",4260.80089694773,496.282737978311,72.7986722657129,1.13902725048449,-0.914486594128336,0.43109313040591
"Line_5003",NA,NA,NA,NA,0.0203211774789633,0.552567418034059
"Line_5056",NA,NA,NA,NA,-0.678598942480063,0.584802031797409
"Line_1225",3911.81745779543,394.251991051728,68.9838108907389,1.74821510842738,1.23391491166617,0.409741679172969
"Line_1369",3621.33354738607,351.198001472867,72.3127282436956,2.4557053614725,-0.251315331234939,0.409741679172988
"Line_1656",3303.9788945212,404.344450564447,NA,NA,-0.885821710045254,0.409741679172974
"Line_1684",5091.49679458711,413.519378198584,72.4193954077918,1.37140724204683,-0.506698986107364,0.409741679172986
"Line_1787",4000.57994175699,418.885198686361,70.3290869754575,1.81210899296186,0.88669167311423,0.409741679172984
"Line_1999",5119.99365218633,391.965204689345,69.9388373738466,1.16659999804412,-0.50669898610498,0.409741679172968
"Line_2215",4927.40424521651,340.612928705996,72.4088614633518,1.24964240840635,-0.506698986110904,0.409741679172979
"Line_2225",4924.713909822,402.921065919252,72.090349386,1.35750640564238,0.259451978528238,0.409741679172984
"Line_2443",4635.16714157091,349.092132559543,70.3463390034291,1.11973677109298,-0.885821710040968,0.409741679172974
"Line_2681",4648.65825664501,351.18296592855,68.1167163802284,1.24496082991744,-0.885821710043026,0.409741679172993
"Line_2769",4828.27253573354,423.929023562776,71.0359049149001,1.80367209261927,0.515360592454799,0.409741679172974
"Line_2842",4234.56207304951,397.863403773891,68.8423904328034,1.36505495467303,-0.502483748202159,0.409741679172978
"Line_2884",5001.76899540813,399.344820187652,69.4731045911263,1.18372986166767,0.64331489942521,0.409741679172994
"Line_2978",4524.5469781497,395.487913833852,66.6064417729355,1.36015548967127,-1.26494443398442,0.409741679172984
"Line_3221",5013.3262286878,403.218263553457,68.4848857108837,1.16913579515416,0.387406285491781,0.409741679172988
"Line_3742",3833.62228377377,397.581398420199,NA,NA,-0.885821710046592,0.409741679172975
"Line_3854",5045.62758627974,408.564394885975,70.4136646666208,1.18261226034389,-0.506698986109317,0.409741679172996
"Line_3880",4610.16230464354,395.25327832245,65.9458350813677,1.17424981675359,-0.251315331228599,0.409741679172983
"Line_442",4063.07927084062,423.637129546188,69.7050940792537,1.7400242692353,-0.251315331235506,0.409741679172985
"Line_4432",4038.33118759999,405.689147182695,68.1333222598715,1.76876668240093,0.00406832364577814,0.409741679172977
"Line_4450",5293.31066287246,421.423593619189,70.1591086849614,1.19348696892947,-0.251315331232083,0.409741679172983
"Line_4481",3733.39502076905,408.288486960784,66.5142158198281,1.77659485835722,0.0040683236462129,0.409741679172987
"Line_452",4348.6624428908,345.011295894168,70.8571555860918,1.23348617656084,-0.885821710045446,0.409741679172988
"Line_4601",3717.11315009593,405.640572802993,NA,NA,0.00406832364506582,0.409741679172986
"Line_4635",4077.74268174234,410.785334911816,70.704729496089,1.33943378536536,-0.506698986110662,0.409741679172983
"Line_4864",4279.59822968884,274.032156649756,72.2125624655309,0.829943839017278,-0.58686333667917,0.236240310081335
"Line_4985",3763.00333900223,396.336082332421,69.5001645980235,1.37160489071689,0.0040683236466974,0.409741679172991
"Line_5336",3332.91298475052,414.406904557694,NA,NA,-0.630438055168095,0.409741679172983
"Line_5754",4317.52880537137,434.33655439302,70.0110459031585,1.35281931072295,0.973366193189362,0.409741679172985
"Line_6136",5018.57950252133,422.516891719772,66.6918161897048,1.3750249007262,-0.506698986106143,0.409741679172984
"Line_968",5036.60295512091,411.721360010336,67.3157111006947,1.18292055044424,0.259451978526067,0.409741679172981
"Line_10",4437.50860459156,666.127320548697,71.2916072464192,1.35787913468381,0.281918588334232,0.718866422833071
"Line_1044",4220.92232398893,677.567008592793,70.0953069426312,1.3935488557262,0.282427177770415,0.728967684260647
"Line_1047",4027.4376770725,651.756394332418,74.8118167319778,1.30748340651687,-0.652003203417538,0.706630320282965
"Line_1074",4000.31615752443,652.842999042051,73.3076535906155,1.31603119962538,0.672794534577783,0.70717743707857
"Line_1111",5361.21694753337,613.150253353715,74.4768543853823,1.03576227416804,-0.774957713524096,0.684948118443978
"Line_1135",4808.38035276481,679.344102722891,74.3801035762703,1.39874121762106,-0.645431723266922,0.730570402126429
"Line_115",4900.20942133537,584.483876243732,72.8300567524677,0.862071088499167,-1.06329972067764,0.663192319564852
"Line_132",5212.84042899507,665.757113487926,72.9344233578743,1.32115087806221,-0.641583231406505,0.721854440319646
"Line_1324",4823.32184266958,642.817526029433,74.5901161099657,1.22931633473554,-0.658341146943506,0.702695584495344
"Line_1382",4952.42371935997,597.727174295829,73.6207582189629,0.954514432348464,-1.00108801141088,0.6739297977057
"Line_1389",4264.4320988992,600.420262755886,72.4821054874225,0.828354580930285,1.35372298559423,0.674929771365436
"Line_1403",4376.98622170057,605.508005067128,69.1746246965282,0.949188819021145,1.31068034035608,0.68187527621355
"Line_1459",5345.17368871364,675.283369313547,71.1914260101468,1.38644410910494,-0.646778290252053,0.72694960252936
"Line_1554",5349.02639108952,675.105190715412,73.7528314176422,1.38528990462964,-0.662696893631381,0.726834282798668
"Line_1853",4801.48462284072,563.714024976449,71.8990407911336,0.769002306744426,-0.901027226337023,0.648991952351257
"Line_1870",5100.63558932366,664.621196674481,68.2745749743571,1.34838336024735,1.26527469316345,0.717987821388226
"Line_1923",4821.07137320105,644.570599395614,72.6428938776226,1.19081358495098,1.34366951738646,0.704014254446936
"Line_2035",4693.69962587518,679.342330442948,71.970212063443,1.39869270660283,1.29597764028922,0.730569891990234
"Line_2097",4747.70785726253,583.914398677854,72.5448263178488,0.833160844193613,0.600356114639178,0.665980836992259
"Line_2119",5074.33347476935,577.256455964755,71.6005211710458,0.828472598675934,-0.577917112414603,0.661816163388508
"Line_2537",4085.39446276117,643.286699688107,69.1651401301352,1.1927744609192,0.915568333378235,0.704617758767832
"Line_2673",4896.69064248972,664.412394723094,71.7794143413687,1.34617457027626,1.25256127393119,0.717857240692335
"Line_2683",4616.39891181223,653.519515867821,69.5884338181219,1.31815397930722,-0.648438069631966,0.707771531831265
"Line_272",5011.19771347828,668.753162971723,74.4935255187345,1.36609485287565,-0.646029195551401,0.721182274197155
"Line_2828",5069.0051686038,668.144226771834,71.2540148905686,1.35833024765055,0.849226902634323,0.721194864315967
"Line_289",5079.33571953981,636.617008501924,72.4332043012087,1.1585215631782,-0.557191748502476,0.700970446105829
"Line_2922",4817.5170329271,650.490659803699,73.6879185973008,1.2658510853353,-0.666798121377594,0.70846303363068
"Line_2951",4937.96544125676,621.862275733967,73.5952475332107,1.0395602074511,0.23554546992942,0.693024050717178
"Line_3066",4754.76070415543,599.389793764134,72.6247662295812,0.984613217710151,1.40427603557927,0.67267048436613
"Line_3086",5385.4107434231,672.898454675132,74.0922616861547,1.3790185522371,-0.645259057947078,0.72484219842185
"Line_3186",5079.15963161009,665.090900320969,71.5322235723053,1.34931538671168,-0.644138828438119,0.718454425302253
"Line_3201",5221.23929627335,476.559153073828,74.2787727450616,1.13688447386942,-0.864484647756752,0.6211886064512
"Line_3319",4548.68021877059,639.383986254143,72.415654822528,1.20704167344668,-0.643503597655857,0.700032041612266
"Line_3507",5418.20750751267,621.445512117349,70.2213620230718,0.982561411519688,-0.635160317078717,0.693737484952302
"Line_3530",3768.44477438745,634.577004837771,67.2120451186083,1.11338898695928,1.9663661121156,0.699510028517414
"Line_3605",4071.20479120332,580.251474120423,70.5166389310463,0.810289665944374,1.50814875742437,0.663324181869144
"Line_3670",5208.02516391808,598.771877718009,73.185135655035,0.843563142261817,-0.814456666620508,0.673201024351764
"Line_3682",4886.45925666688,677.566160999778,70.4945907933108,1.39354165987359,0.281579235873348,0.728967143951783
"Line_3707",4877.67885544314,613.125654844026,72.5639462925467,1.01138814182206,-0.848092106334981,0.684887079864247
"Line_3718",4865.61372739969,634.1338568265,72.63278216116,1.19848447224492,-0.758665318516355,0.695130688974641
"Line_3812",4286.16492539975,607.972218950038,70.4337964682384,0.995487113151029,-0.671144135530621,0.679697698612314
"Line_4054",4474.95676861536,605.404730412718,73.6484814056167,0.988372528374392,0.147948748689444,0.679685524747985
"Line_4116",5038.43258353816,651.423417861531,72.2800887403277,1.30630019265424,-0.622690023508113,0.706395404513735
"Line_4177",4529.96239749338,654.803567156495,72.2909286005168,1.3222068113547,2.07338870001985,0.708900298217589
"Line_4233",5020.96847092676,608.113284892463,72.3856398573099,1.01028956717488,-0.637757428858738,0.681202124872874
"Line_4340",3418.93879853865,666.567968372078,71.0940142524581,1.35924340830074,0.673615516372156,0.719256586593098
"Line_4387",4816.41562311251,665.563998871417,72.7372946323998,1.31567225961998,0.336639420463679,0.721799046223051
"Line_4513",5181.31036564415,665.061714472915,71.0943349675851,1.3485068126338,0.303452941689429,0.718446021526123
"Line_4740",5420.96643401861,609.931052936141,72.6262933098828,0.916959549921653,-0.86576044683668,0.685065245226793
"Line_481",4320.93764004356,661.701418692621,69.2538950204989,1.30593417216744,1.21830111348684,0.718473330722254
"Line_4868",5140.19537770867,662.663269570917,72.7427226710542,1.29943168481853,-0.578148320676314,0.719852908487059
"Line_4904",4804.95878087298,665.443877319558,71.2636972382163,1.31913305641465,0.213135343788953,0.721658951977437
"Line_5106",6422.36157118817,652.356688897897,71.698311208558,1.27945902396749,0.341541045584507,0.709826326060867
"Line_5135",5593.43848664454,652.849731127491,70.0923917482548,1.31606277991822,-0.645856276560361,0.707182163023351
"Line_5140",4268.672503729,672.897041495123,72.2919592239615,1.37901716305759,1.29061227660124,0.724841130638373
"Line_5247",4927.00906378306,612.601817911314,70.5231315291411,1.03773909498605,-0.467474671929625,0.684036404524614
"Line_5274",5509.32467264379,583.045587652764,73.8402225060085,0.882003181424902,-0.765559439159013,0.665430387820556
"Line_5405",4583.5633399941,620.3240996602,72.0501778562726,0.986190224496058,-0.655890098859137,0.692517691830607
"Line_5491",4450.26911383436,675.287049221888,74.0934794338362,1.38646052510316,-0.645329736171673,0.726952182263838
"Line_552",4209.4930996316,607.333386362255,67.8994568516958,0.983575977838332,0.772987173726425,0.680985670926763
"Line_5563",5024.96484136157,597.483853459221,74.6207332002629,0.934518516953889,-0.687214624174122,0.67245255116227
"Line_558",5000.80629521852,654.653513325562,72.4491881546996,1.30729350303988,-0.621504488297568,0.709300905221067
"Line_5719",4224.73766338894,666.003098436107,72.2825801583612,1.35714044258282,-0.645046550561418,0.718785519976798
"Line_5723",5343.68758056463,670.926418052284,71.6603781235622,1.36564545914654,-0.685303232954539,0.723580732038218
"Line_5733",4402.06121640112,652.814875318373,71.7493799680789,1.30086107266208,1.2479176473552,0.707703339950874
"Line_5747",5231.2193662249,670.64828976565,74.9933163193442,1.37200347457924,-0.647012758333749,0.722855262818064
"Line_5792",5329.9674827767,681.129334515831,73.0638293347279,1.40426944078412,0.661960450307657,0.732150500581869
"Line_5920",5931.31258332704,653.679187118782,73.8010293662508,1.24626521556498,-0.766419919326402,0.712558621319759
"Line_5947",5222.80795437394,662.952140713546,74.9852714143166,1.34665884125541,0.888999858086833,0.716110832080209
"Line_5985",4779.31760885586,579.061312813018,71.2379121537461,0.863445742619362,1.11284946306337,0.662120283681977
"Line_6093",5278.48736387772,664.767365025345,72.6663338422529,1.35329545930103,0.287992976205864,0.717696572900375
"Line_613",4450.62300617381,615.446287298555,69.4274987105031,0.910315191822787,0.115464841883764,0.689886931914271
"Line_614",3840.77051676663,670.651264456944,70.4953547168327,1.37202417982343,2.07237347541258,0.722857229304685
"Line_623",4847.87685600985,606.834297991435,74.0028593247245,0.998864000194128,-0.68270449445772,0.678761233940932
"Line_6276",4829.66403618633,647.568732597677,72.847779712208,1.20890255223923,-0.749835853427905,0.706391340067917
"Line_670",4334.34884305644,606.82901929255,73.4972493286947,1.00299023093016,-0.526258572992111,0.680238707820044
"Line_737",5419.80140867754,666.573402198999,74.2924720061052,1.35926898478695,-0.645715828037339,0.71926041794039
"Line_789",6121.80100999149,668.753265425511,72.5933088177589,1.36609577570943,0.28273951834845,0.721182338931346
"Line_1009",4653.02704009106,629.256730217918,64.4530715325625,1.24785411090946,0.107091152498203,0.809640177413922
"Line_1261",5080.09894317374,629.256730217917,72.3200658207173,1.68512852944922,-0.116871564960741,1.22925487993387
"Line_127",4001.4124623662,629.256730217916,67.3122133377054,1.62933348502422,-0.138350759737141,1.17946409168491
"Line_1284",4105.14697675127,629.256730217913,68.1167785453738,1.67282250376169,2.04504721081842,1.2179165206648
"Line_1371",4801.16283839121,629.256730217917,66.8711761129911,1.63932281692126,0.563664514321286,1.18570619231496
"Line_1430",5288.96483581637,629.256730217914,68.3030722748505,1.62935715258168,-1.47963273087521,1.17948605413617
"Line_1600",4399.50890603631,629.256730217911,70.8237280174624,1.57335885212339,-0.343267779113701,1.12649482301932
"Line_1630",3448.88109379839,629.256730217912,66.7714734898034,1.65258935657437,0.950167601708629,1.20025073070422
"Line_1669",3557.01256247884,629.256730217917,69.0127624704555,1.63736658103208,1.99799493267988,1.18665866018119
"Line_175",3467.37848740381,629.256730217914,67.2532070495612,1.21378236331818,0.687870873063529,0.773170125226074
"Line_177",4755.15500510357,629.256730217914,60.7575941040726,1.54764170793585,0.464928850049809,1.1014655303095
"Line_1843",5251.21693132349,629.256730217916,69.510925967973,1.67107773292202,0.440953944709032,1.21675940041342
"Line_1932",4722.99547473617,629.256730217912,69.5702180328516,1.61880916412923,-0.866144274228057,1.16708818869082
"Line_2100",3850.810090086,629.256730217917,69.3073790156991,1.67309405478021,0.718421129288513,1.21816165919261
"Line_2171",4322.57143459146,629.256730217917,67.2261478544439,1.21968679112518,-0.550225277568159,0.776516739371331
"Line_2175",4231.1812300039,629.256730217915,70.2115714607681,1.67840658262857,-0.132232632799096,1.22328580409729
"Line_2236",2955.27547786334,629.256730217916,NA,NA,0.754912277900915,1.24981458290539
"Line_2313",3298.68601643678,629.256730217919,69.5493566081521,1.69278932535848,-0.0864620824996647,1.23561084040827
"Line_2420",4207.18622758156,629.256730217918,67.1584650657349,1.25028361122537,-0.549310158109876,0.81212077884291
"Line_2446",3761.34541507126,629.256730217916,68.2433287209552,1.63982523252412,0.4050605612715,1.18616659662812
"Line_2498",4411.52642252878,629.256730217917,65.0231837328396,1.55969405475503,-0.647171008394394,1.11338264067824
"Line_2614",4004.97999887358,629.25673021792,65.281231006425,1.55017675872528,0.670916926653085,1.10535519440481
"Line_2677",4547.66125388911,629.256730217918,66.8122715419293,1.6833671656366,-0.13791336630655,1.22769872529984
"Line_2682",4043.60459992085,629.256730217918,67.2947829449793,1.63655373571683,1.57280873389047,1.18546722627096
"Line_269",3773.25810898909,629.25673021792,65.8198733745503,1.61959769077046,-0.00214185803240929,1.17038544198919
"Line_2712",4259.04200654414,629.256730217919,68.3729873628342,1.58719482266059,0.553453730811701,1.1357577490678
"Line_2757",3674.55490873382,629.256730217917,67.0297723502932,0.983146486083193,0.584516637156617,0.523087801106265
"Line_2761",4296.16165077635,629.25673021792,65.6831793312766,1.73566893406848,-0.191719029495348,1.2740225336161
"Line_2854",4505.41856585376,629.256730217917,69.0035578866373,1.69005259834906,0.469444199885404,1.23287203914836
"Line_3044",3801.08827803658,629.256730217919,66.310871927071,1.63736562260131,-0.12985769320249,1.18665779719733
"Line_3064",3905.39360167887,629.256730217917,66.4812040097901,1.31698021089896,1.56212755259049,0.880804736661456
"Line_311",5029.12732551659,629.256730217917,66.9690007741799,1.57580842175092,0.240830309006333,1.12833863396461
"Line_3235",3377.59775420084,629.25673021792,65.2213029429222,1.29690668011946,0.10428691505027,0.858678022297715
"Line_3437",4142.13442160632,629.256730217921,67.1833965108504,1.21662894070372,1.65155515247549,0.771601918704272
"Line_3613",3945.89732509117,629.25673021792,66.8769718113261,1.72683216358117,-0.0448361831530736,1.26587319769941
"Line_3754",5264.81396806845,629.25673021792,72.2406457548708,1.35092457243011,-0.511146049088746,0.911718101810469
"Line_3824",3770.61445499867,629.256730217917,64.9179166554309,1.62932758828811,0.423936609860957,1.17945893206772
"Line_3841",3844.02158927342,629.256730217918,69.1708965179353,1.68509960439555,0.894174321944954,1.22922861698874
"Line_3866",3714.43027908091,629.256730217919,69.1632255051755,1.29313621305763,-0.154897066576283,0.852469603552603
"Line_3997",4770.19690339098,629.256730217917,72.4717949031488,1.56984401414427,-1.09550097662151,1.12175121109867
"Line_4010",3812.85838446854,629.25673021792,58.5996783474458,1.74417843881519,0.919134777950504,1.28157893023992
"Line_4031",3510.49149400345,629.256730217918,67.7850579122105,1.27887180600269,-0.637949868093333,0.838225057673287
"Line_408",3738.86376831641,629.256730217919,69.1620726704768,1.19102802568172,2.72283168094628,0.750940979093355
"Line_4130",3919.25614680342,629.256730217917,69.9180178368726,1.66238208040522,-0.131221825941589,1.2090083557105
"Line_4171",3984.22368920103,629.256730217919,65.9044562159348,1.59277893617217,0.716098796849503,1.14104749561895
"Line_430",3287.61321920091,629.256730217917,NA,NA,0.447475695499032,0.802985415948232
"Line_4302",5001.35072109369,629.256730217919,69.5102477244066,1.68516483538718,-1.48920825355419,1.22929684044483
"Line_4308",4391.58550229361,629.256730217919,64.5622692962907,1.21764335773116,0.084221336448284,0.777822821350572
"Line_4416",4129.16533711634,629.256730217919,68.7503952106283,1.29114753496281,0.495275682867512,0.852565640449508
"Line_4444",3581.6461823337,629.256730217918,67.4601538665788,1.64694935020718,0.342452793976189,1.19483621701159
"Line_4656",4245.95058556104,629.256730217917,68.8589859590155,1.68254254924384,0.953975120773818,1.22694258042316
"Line_467",5461.89034458357,629.25673021792,71.8448739909624,1.30587780019043,-0.47156713869656,0.866998525216685
"Line_4766",4625.13565673129,629.25673021792,68.0296974943714,1.57850073352267,-0.645401684119425,1.13055836967596
"Line_4891",5215.23156392359,629.25673021792,66.5102714981768,1.67840630397331,-0.791714002805348,1.22328555489873
"Line_4933",4591.27408400868,629.256730217918,64.4047933918047,1.61411432764124,0.799166225343826,1.16267130238056
"Line_4935",4529.10021690114,629.256730217918,66.4907024010163,1.22218048720821,1.19990213428657,0.78084929320071
"Line_4972",4478.72603748341,629.256730217917,69.6020498230027,1.64408164743751,-1.50082019983436,1.19265149189204
"Line_5030",3949.40374009107,629.256730217916,67.2431302223479,1.29024003981407,-0.356583155361886,0.851659007404885
"Line_5073",4950.13076061879,629.256730217917,68.8862225800886,1.73613822413867,-0.119246130247027,1.27445502777048
"Line_5209",3560.11769067632,629.256730217916,61.6998295536118,1.55980214645885,1.66256929626571,1.11348612391461
"Line_5215",3696.29360909629,629.256730217916,67.518081283557,1.64463648478598,0.439603990244895,1.19316160961375
"Line_541",4292.27814821395,629.256730217917,71.0564873248719,1.60886113586393,-0.713785339660689,1.1601153719599
"Line_5446",3807.77487828645,629.256730217916,66.9336713024601,1.26684492861207,-0.111823814735877,0.829489932079492
"Line_5654",5426.1124494863,629.256730217916,71.5279754703456,1.58861654328881,-1.5899315914619,1.13952383626907
"Line_5665",4728.39494697377,629.256730217917,67.4108073537159,1.74420898744765,1.42253321197901,1.28160671092201
"Line_5701",3990.70985149886,629.256730217917,70.064299717982,1.55483725088701,-1.10248890721876,1.10919817996248
"Line_5868",4564.33706826386,629.256730217916,71.1372064009717,1.57682033628643,0.672754588199216,1.12899626206207
"Line_5943",4145.8341581639,629.256730217916,68.9152604140768,1.67107860224812,0.440741728422321,1.21676014294869
"Line_5963",4792.80079383394,629.256730217916,67.6919776905539,1.53563556872262,-0.715862776839785,1.09075285371359
"Line_600",2578.954441624,629.256730217915,NA,NA,0.000259537756307493,1.15488870724746
"Line_6063",4347.85440699645,629.256730217916,69.2272359955408,1.35698372697396,0.274982696440097,0.917935838709669
"Line_608",3819.58567096885,629.256730217916,68.21154575906,1.68113574479504,0.875842446736196,1.22537691762768
"Line_6083",3899.53672654881,629.256730217915,67.9090537539408,1.68520423581298,0.920020092115936,1.22933304593766
"Line_6113",3557.00522079635,629.256730217915,63.1183947332269,1.68515865564049,0.903850578860734,1.22929147646399
"Line_6129",5098.2841340337,629.256730217915,69.2542030155089,1.72952366542461,-0.590959145965503,1.2682711453395
"Line_6168",5038.11079168138,629.256730217916,69.411337881227,1.63211914075224,-0.795001902371834,1.18196065305825
"Line_6175",4110.5634289412,629.256730217916,66.7134573872654,1.63211875497715,-0.136752686770663,1.18196031710553
"Line_6184",4168.04186002618,629.256730217915,63.9571063436603,1.72820444318531,2.00420740367352,1.26739278332606
"Line_6258",5186.37928230141,629.256730217916,71.8398733642509,1.55367750629088,-0.212357308440421,1.10782493086698
"Line_662",4895.02018051392,629.256730217915,66.5667921846063,1.30884682409243,0.708773441479509,0.870237737695304
"Line_679",4968.83550278637,629.256730217915,60.7023513675732,1.35676821884861,-1.66212414157216,0.917715056404179
"Line_687",2633.31420910383,629.256730217916,NA,NA,1.39488249951509,1.25083123345845
"Line_702",3754.76071538384,629.256730217915,64.0269503211741,1.72679085999434,-0.971119145674222,1.26583532501565
"Line_869",3399.09448839111,629.256730217915,65.215586418082,1.68336468317879,1.98574657559007,1.22769656867877
"Line_874",4769.37398733367,629.256730217915,69.0819788282977,1.68542966284779,-0.757247516843362,1.22869714856417
"Line_1018",4640.26419501349,301.950215222283,69.3907189204145,0.755402260486949,1.52275427628551,0.286562889884692
"Line_1341",4813.63036514704,306.885171240344,71.0677784637635,0.7639407184167,0.236363244753541,0.289103512059657
"Line_146",4435.26558444813,302.769850290553,68.8582656841044,0.846695820818355,-0.303611014614891,0.287699411009037
"Line_1570",4457.78041829287,301.493000833525,72.2027264114213,0.759926191105826,1.32623069315651,0.286308210674617
"Line_1784",4347.97296828364,306.516927828444,72.2491544811275,0.795389921020213,-0.452464605331837,0.288603683434509
"Line_1945",4311.06908001002,302.713951572032,71.9948301651655,0.790187569484894,0.648682251984489,0.287425946043168
"Line_205",4069.2059209923,304.593112224158,69.5577916420817,0.856858716610515,0.219272423210472,0.287897895073244
"Line_2079",4491.58123698562,305.368143458412,70.5663820109135,0.79157727972522,-0.410641779375281,0.288290227356734
"Line_2363",3729.90426510736,304.658510188379,69.4548384615391,0.969931421942208,1.17525930772245,0.288159757335409
"Line_2408",4525.55705222148,302.660252834291,70.4754804670324,0.796256388787989,-0.137589520212642,0.286411428923531
"Line_244",4651.95042098203,301.789506589744,72.6554502273017,0.758134361851937,-0.621602731366808,0.286561890361833
"Line_2690",4009.6190630202,302.296092535253,72.4117388876239,0.850518705714287,0.231513902477036,0.288321022228609
"Line_2749",3975.56242991282,301.928819679391,70.8858833820008,0.969460584246795,0.303951247827184,0.286406049767936
"Line_2768",5340.75428421308,300.347991654735,71.9135946317781,0.757682023270658,-0.407824406037378,0.285892267600275
"Line_2847",3259.0070135002,304.07697732846,69.0731371737339,0.972073812046946,1.86243293345256,0.287436383655599
"Line_3080",4743.18194908189,303.561979517532,71.2047472389234,0.799103177110498,0.282959522881617,0.285986286187738
"Line_3277",4931.79992728377,304.958104417855,70.1736571016535,0.770736162405654,-0.241097940298298,0.287426676926435
"Line_3348",4433.05064653534,303.204914764135,72.244089600746,0.79932146119738,-0.739343305500869,0.286590067920662
"Line_3573",4812.50365168493,304.772953947791,72.5114122375567,0.760954639818452,-0.67823722987768,0.288189560350855
"Line_3822",4312.48250485238,302.685212750125,71.804807144957,0.786266867401035,-0.283755871757845,0.287508841318829
"Line_4119",4644.38791975088,307.10621603268,70.6556009242633,0.769206735086133,-0.115529592377729,0.289530791067849
"Line_4158",4040.67891146569,302.004065433725,68.1727843829324,0.850370246564419,0.619189993821526,0.286962603164454
"Line_4558",4644.9836384375,302.382056744075,72.0029338319865,0.757541060405085,0.534282148124831,0.287389003579986
"Line_4697",4656.98772111004,302.882542629136,68.8459389782796,0.763352412657053,1.07417779884225,0.287593269452796
"Line_5037",4314.05911029836,305.728738333201,70.8572131677763,0.79327971671107,0.974314961543167,0.288810193538097
"Line_5302",4516.13778847649,302.237622010294,68.9039454939737,0.753582987216069,-0.774696250852328,0.28683548519162
"Line_5379",4563.70315190189,306.073841576165,69.7169031445326,0.762301768630857,1.17769102716465,0.288193645933095
"Line_5842",4346.35946472761,303.419807525718,68.6710377091756,0.849841035994695,-0.469713742553321,0.287569551856764
"Line_6139",4266.65792608599,302.316417206101,70.4537236866384,0.791091877908879,-0.485121520879166,0.286954763340291
"Line_6280",4376.75487998561,301.277201055598,72.1419590020035,0.790932190069464,-0.604677954974506,0.285658250780117
"Line_801",4369.50249058644,303.542877292647,67.4449217633514,0.805783695150723,-0.923031689222848,0.286531322547926
"Line_943",4266.51406181098,305.625103286906,71.6751170675381,0.761562060000757,-0.708115363276941,0.288410413883728
"Line_1046",4300.78245150693,392.715801105002,70.8663279493877,1.17293960078343,1.03384894079597,0.497001554876072
"Line_2610",NA,NA,NA,NA,1.58899632896241,0.204723597716175
"Line_2730",NA,NA,NA,NA,-0.330676627161062,0.203747884996191
"Line_2885",NA,NA,NA,NA,1.60076464015918,0.300429415020706
"Line_4280",NA,NA,NA,NA,1.48268992729294,0.204195824148548
"Line_4730",NA,NA,NA,NA,-0.0623782503359764,0.300699082647017
"Line_6193",NA,NA,NA,NA,1.81286884448936,0.204642863769317
"Line_849",NA,NA,NA,NA,-0.623562606040509,0.300669281992054
